1A3O - 2D,1AJ9,1BAB - 1N,1BZI - 1N,1BZZ,1COH,1O1O,1Y0D - 4D,1YDZ - 1D,4MQC,,,,,,,,,
12.0783684,38.05968879,5.115075704,16.99813622,4.978132595,4.033732626,14.53414838,4.901743341,50.03974487,17.33333913,,Residuals:,,,,,,,
9.98233155,10.48144993,9.725161526,11.1963524,14.67699142,7.327973681,13.0702273,12.42563245,2.399886333,15.5324534,,Min,1Q,Median,3Q,Max,,,
9.232046234,4.279439445,16.22074475,19.81030145,20.21775612,10.42463267,13.58629897,3.25039946,4.200856511,8.276343451,,-17.415,-5.689,-1.938,2.948,238.169,,,
14.32675502,8.737720578,12.60680179,12.37758757,14.57219088,11.66233062,24.0879716,8.793439386,9.775717817,8.217759848,,,,,,,,,
6.174472902,4.766932912,2.394433939,4.778160766,3.416950469,5.382767175,2.213493202,1.200151076,12.4300044,4.342688244,,Coefficients:,,,,,,,
5.080385517,10.7658034,3.439652428,6.723886416,3.205612904,4.846194235,3.064267025,4.760862787,1.579721303,18.59187586,,,Estimate,Average,Std. Err,t-value,Pr(>|t|),Count,Variance
4.849652651,7.427936789,3.900090165,9.648855402,4.759162304,4.17375668,3.331367553,3.445053399,5.487302162,16.69853205,,1A3O - 2D,10.9796,10.97962377,0.522,21.035,< 2e-16,564,177.2370447
4.343170172,7.891350301,9.272888135,4.332741702,4.105837586,6.094821588,6.415354301,4.926117543,16.13831001,20.42061189,,1AJ9,6.7422,17.72179976,0.7375,9.142,< 2e-16,566,43.8381599
11.97533301,18.91726695,14.91071742,13.86180187,12.17914655,3.851145204,10.07230459,6.343741422,5.329586971,10.48796767,,1BAB - 1N,-0.8581,10.12148131,0.7375,-1.164,0.2446,566,46.11025382
0.60857477,13.59599365,7.72238659,6.328368977,5.374155328,5.19166362,3.426230454,4.450208367,8.240905159,27.09513821,,1BZI - 1N,-0.81,10.16958213,0.7375,-1.098,0.2721,566,45.01567448
3.849994795,13.16335171,8.797082093,7.073348012,6.434941732,5.732430752,4.472940082,11.60771281,5.904314749,20.06226143,,1BZZ,-0.8493,10.13034817,0.7375,-1.152,0.2496,566,62.7247661
10.78689784,6.726337766,12.07016981,9.22943838,8.549387271,4.476605681,3.893295903,14.95000601,2.995695088,20.18033492,,1COH,1.2173,12.19689261,0.7375,1.651,0.0989,566,50.65915885
3.74179358,14.61348302,4.516198719,3.986725794,4.94205236,19.38521578,4.484749986,1.983308063,10.13452448,7.512647976,,1O1O,-0.429,10.55061404,0.7375,-0.582,0.5608,564,68.97797273
20.75563806,8.346868394,14.06668945,15.11069199,8.768935566,9.477109539,12.6459277,15.70048038,8.584265712,13.40203188,,1Y0D - 4D,-0.807,10.17266103,0.7388,-1.092,0.2748,283,291.3043119
9.059875645,26.81050304,8.025601771,9.19620472,13.20084817,4.718410311,18.75601012,7.256747439,3.443280174,13.41791017,,1YDZ - 1D,1.0426,12.02224147,0.7382,1.412,0.1579,566,574.7243236
3.386108256,34.70352432,5.160989486,7.199549858,8.196629118,6.07166854,1.66685017,1.23993596,14.13996091,7.452497541,,4MQC,4.0367,15.01631424,0.903,4.47,7.97E-06,562,245.3464247
9.210580691,26.89302351,5.386156015,7.335672657,7.369723205,9.212514698,13.44646467,8.404233761,29.72871212,19.67267532,,,,,,,,,
9.764792683,25.23856827,11.67372452,9.473308881,17.83225965,17.0661038,11.30613598,0.889102558,5.762411087,18.65284963,,Residual standard error: 12.4 on 5359 degrees of freedom,,,,,,,
20.20728128,16.89809798,18.18272383,16.66998549,20.39978451,17.54595389,27.19239233,10.87741076,11.60906317,13.59871941,,Multiple R-Squared:,,0.0355,,Adjusted:,0.03388,,
12.77113732,21.28352443,7.893162178,7.344918684,10.49939662,22.22254952,18.5047786,2.479740241,10.49315241,8.496310324,,F-statistic:,21.91 on 9 and 5359,,,p-value:,< 2.2e-16,,
3.29736354,11.23763784,2.233649078,5.873651246,4.304835563,3.126073346,6.055384519,15.10176841,4.934714353,9.441564679,,,,,,,,,
13.12424763,15.78186672,3.600559006,4.119923028,4.152960643,2.817575335,20.98475341,8.460769388,4.501978978,11.08709254,,TukeyHSD revealed: ,,,,,,,
11.84280516,14.69671386,9.319535512,9.937263171,8.796608601,9.340107675,11.37001238,10.40109741,11.92897408,5.93671391,,Everything vs 4MQC and 1AJ9 were significant,,,,,,,
2.439552958,6.266719463,4.130724609,1.961872106,1.30600929,4.609111994,4.832163551,3.004386757,9.405861074,18.81891884,,,,,,,,,
13.94349154,5.451883687,10.26473349,11.76490577,9.631529566,23.69792115,12.15660906,4.723370367,13.50157469,8.842076737,,,,,,,,,
0.081548328,5.600900917,7.555091503,2.890882614,6.498712129,10.76582878,4.192120873,5.360283775,4.103412904,11.49642748,,,,,,,,,
5.316946206,0.986549564,6.649006849,9.604931504,7.136209419,3.376859238,1.674933415,1.266389802,7.778902986,10.37377223,,,,,,,,,
6.265803565,6.876872454,3.469621193,4.478856043,6.286584249,3.432145865,3.384251234,4.317876866,13.27473791,13.01829276,,,,,,,,,
3.116735097,3.066302287,5.973969301,3.878446081,5.188630221,9.19537143,2.366220444,0.44790124,4.574307491,10.65296877,,,,,,,,,
0.734131496,1.187187209,3.697988279,3.731363023,4.567069675,13.08227197,5.390222333,3.584062351,3.359650581,10.17184531,,,,,,,,,
9.464262479,12.62074126,11.75391921,12.59140536,13.82425805,11.08404175,14.56946788,16.46916386,5.73131286,4.434389297,,,,,,,,,
3.746939507,11.09601477,6.843584062,7.432437764,8.568157521,18.46434191,11.25284581,5.567678553,8.756197862,5.146716071,,,,,,,,,
8.276608505,11.19577409,7.178899748,1.042472049,2.103070918,13.99543163,6.500387657,6.074021451,16.97578774,8.658529867,,,,,,,,,
20.10217956,18.09325792,19.64713372,20.95506745,19.06670829,17.8382801,16.63489655,16.27902801,7.070778097,2.894642134,,,,,,,,,
17.17171124,24.25631956,16.46642537,19.213597,18.59002113,15.13400184,17.21972452,15.95854941,11.66582988,11.92539297,,,,,,,,,
12.37219437,22.53885437,11.93946752,10.06993952,12.94485757,4.593508453,9.537130905,14.60240213,11.34644456,13.47434127,,,,,,,,,
9.376590944,11.64105453,12.93642996,11.69724366,12.20601002,12.71273957,8.701797796,11.30270827,5.714446667,7.380200929,,,,,,,,,
10.87335845,6.575045347,9.728965774,11.39929199,10.6466705,16.19400115,8.360822525,12.91798691,9.461103364,12.31815241,,,,,,,,,
7.488029643,3.831969355,5.836914459,4.810519715,4.763603319,3.994333921,4.146378731,9.44797293,1.415178916,12.18029615,,,,,,,,,
0.497243229,18.7713463,2.114598989,1.83507169,3.359807315,11.83017021,3.625608239,6.721888464,7.691627651,17.84739086,,,,,,,,,
13.54673318,20.35081972,10.27200044,13.87755015,14.29936898,11.20643218,8.772718658,7.765165032,6.18458734,5.31504109,,,,,,,,,
11.6743665,16.60989755,6.804903525,9.138915287,8.545353148,7.37627389,5.513931811,6.595899632,4.038052942,11.71204746,,,,,,,,,
8.110257848,11.61489122,8.066879526,11.58417094,8.860257572,17.46588557,10.57145289,5.494110581,38.59403568,12.79801223,,,,,,,,,
18.77574916,16.84685032,23.05278917,26.01854438,21.33873967,28.90936443,22.29256682,24.44670984,26.08323476,8.492721541,,,,,,,,,
17.24637849,19.71128769,23.11576032,24.07320362,19.41496134,18.48199395,16.80045134,19.0973255,6.239002973,20.21452082,,,,,,,,,
1.959390897,13.31734439,3.462503713,3.464291728,3.625503522,11.53092269,10.190439,3.819071601,8.312238843,7.544940892,,,,,,,,,
6.831238084,19.70764051,15.05922759,12.8202675,13.58709421,15.13567825,11.66032644,11.1426103,6.423459429,10.39313861,,,,,,,,,
13.99482899,20.65223537,8.92464027,2.010717583,7.578568382,24.45285497,5.729745266,13.34501711,11.68127066,8.290022984,,,,,,,,,
3.59292728,232.1829818,3.571091098,3.743268957,2.300922219,3.611322679,4.71092128,9.569725294,40.50607058,17.88035283,,,,,,,,,
12.72015616,142.6163825,21.51325997,21.23781398,26.39303012,21.4123349,7.89136521,33.21544319,15.49071491,9.741961144,,,,,,,,,
16.37275145,8.800521919,25.38707189,21.95081715,23.7632501,32.09129414,9.844270229,21.04142648,21.34438209,27.632503,,,,,,,,,
15.2710735,21.55291621,8.418480894,10.56545278,12.47621698,9.411462712,1.666736351,15.51585136,2.26955177,16.36477128,,,,,,,,,
3.300342131,12.19240584,6.240832235,6.861433183,6.84942998,9.80254213,4.431265397,6.700991042,6.732932801,11.95485787,,,,,,,,,
12.25253353,10.58589126,6.839518454,9.777312769,11.47337213,10.98191051,6.223358585,5.546716625,13.49697091,19.74234147,,,,,,,,,
9.427996675,0.565818278,2.66163172,1.062636326,0.914666871,9.08090239,11.66103701,1.998691956,10.34770423,14.26072135,,,,,,,,,
16.27823701,19.3154355,13.52807907,10.22946283,13.04102232,7.491758841,15.78775315,13.52268934,16.63388341,12.33471161,,,,,,,,,
5.366587918,17.23792372,13.81574356,14.59590798,16.04069561,9.458265387,9.692748059,6.952583315,3.310196913,19.44437638,,,,,,,,,
0.85133131,13.95275142,7.260163015,6.402262671,10.73395504,9.256790626,6.564551214,10.06645386,0.13902569,4.733011967,,,,,,,,,
4.791833991,19.79354097,8.837206711,3.812087476,3.465399841,7.74753406,10.72354612,2.960638468,5.353033975,13.51534303,,,,,,,,,
7.477793703,6.847758152,2.195285026,1.336163529,0.501822282,2.867955494,2.958108148,10.46077928,6.169537815,7.752834145,,,,,,,,,
8.391586646,12.99047251,9.453241652,5.684040886,6.237981172,2.343152723,15.39982023,3.710231868,21.21010563,4.649550123,,,,,,,,,
12.61683421,11.19588041,12.2308122,7.100254439,10.98529108,18.83020688,15.10171998,14.630155,2.250122869,4.784352996,,,,,,,,,
9.109332311,9.124570914,8.862263131,8.766809315,4.89337209,22.48688959,6.534391867,11.82208951,4.973862879,15.06212689,,,,,,,,,
4.276406773,11.13995811,4.819725979,2.474832739,5.825767316,11.15379451,6.529205844,11.95355026,3.282255055,7.577584554,,,,,,,,,
7.517463148,18.14634584,4.260433988,6.24747704,6.373941662,17.19992442,9.143195497,7.141265021,8.695731338,7.093868591,,,,,,,,,
5.820082069,13.08014098,6.247482655,4.773157167,5.203963003,11.56113265,3.984243922,5.964201395,7.076815905,12.62165748,,,,,,,,,
14.98570946,2.680474406,17.55858645,16.49455003,17.92981275,14.69035042,12.9637222,3.612459579,4.501244732,10.23144912,,,,,,,,,
8.833029827,9.637951226,7.308054771,3.975887226,4.777150779,4.961822585,12.43279186,3.907591789,4.047917846,0.90038894,,,,,,,,,
3.084674537,6.723473797,0.476263438,1.462247826,4.415811396,3.222460835,8.359470025,2.670117287,13.68570534,13.61133608,,,,,,,,,
10.51775124,17.53464065,1.036118224,4.460076842,7.249586956,5.145675951,16.97925088,4.391422401,5.945673757,14.6201856,,,,,,,,,
2.383845535,5.682083452,4.404747702,6.469795519,7.580514753,8.641478412,5.228933159,4.964584753,4.668225247,11.25005034,,,,,,,,,
11.96313742,18.61513228,10.78591246,12.17285207,15.26268358,23.85684957,14.75428911,10.0178423,16.3526027,11.53166696,,,,,,,,,
11.9531855,14.18555897,15.1513819,9.726113612,9.912433116,1.439638516,4.00849682,22.49432585,17.56102939,24.6513247,,,,,,,,,
9.286229905,27.1616211,20.4154491,17.43631735,17.24221755,12.19842085,8.667870214,18.12749519,16.19051933,13.64962187,,,,,,,,,
6.90836248,8.416709197,7.415130818,9.84283434,8.020524004,11.74205182,10.37364628,9.231497317,4.096688487,17.60476814,,,,,,,,,
3.575295249,20.85503366,8.268335067,7.798399913,10.71514556,13.59066847,6.536783726,4.603921859,4.730104973,14.07756879,,,,,,,,,
13.30162215,27.04485753,11.53487567,11.78744695,14.15873232,20.0692326,13.12404261,2.853241021,8.992513434,13.6934437,,,,,,,,,
8.756776013,12.12693624,7.11351567,9.616126421,10.13381632,18.07857408,8.562310994,1.761420479,18.67724683,17.2428119,,,,,,,,,
16.99071092,19.03792932,18.23277103,16.12778476,21.17007947,24.82278851,24.55871039,5.503377587,15.30098311,14.41059984,,,,,,,,,
16.86066439,31.2128096,18.08536326,22.49647228,19.74159476,21.70828094,18.31762727,20.28080628,33.69277888,3.436374172,,,,,,,,,
7.384968809,32.31970134,10.32639904,13.7341458,12.56848947,10.5511555,6.940492541,15.72771093,12.35721893,8.450640641,,,,,,,,,
3.946147631,16.8390094,7.629758067,11.50912964,10.95467712,5.617756933,9.056512491,10.41990031,3.302169615,5.091309147,,,,,,,,,
2.833639155,8.456008941,9.949674905,4.025324287,2.023012685,14.76236999,0.092628865,6.424751242,7.840714332,30.42993059,,,,,,,,,
6.195662529,1.886073117,8.686558138,8.219287209,10.85080966,5.20804641,7.374534171,8.873626422,7.137621854,17.99451052,,,,,,,,,
20.82894421,12.12492388,21.32957262,18.75596569,24.63973441,29.96631567,26.15251806,15.88910937,16.70130902,8.978745529,,,,,,,,,
16.28207109,22.77604029,18.43520438,16.0250108,19.78149678,24.35346749,15.72308328,14.49379018,11.37437453,1.898658055,,,,,,,,,
11.53069993,5.547882386,10.19320238,13.78102188,11.26104466,7.086465256,8.27230885,8.609045863,11.58467823,12.4501548,,,,,,,,,
8.604306934,38.86422539,17.1691935,16.35892898,15.02322163,8.56939604,19.056675,20.61259398,8.88223498,55.96782541,,,,,,,,,
20.89539257,45.12616017,15.57048944,11.56915885,14.11722005,16.65302587,18.25048287,9.342934139,17.95060018,42.31877807,,,,,,,,,
12.28682079,24.56946933,7.850038879,11.95795991,11.19146502,6.534175525,8.48229344,14.14358895,4.193441833,25.95967705,,,,,,,,,
10.52901112,7.204202459,8.810809904,9.769295918,8.295171755,4.125984049,6.139931551,10.50895177,8.931276417,9.529553741,,,,,,,,,
13.99951193,16.6298802,9.619573576,9.352278247,9.078769254,7.106093406,7.470623606,10.1548121,17.14382358,8.283770411,,,,,,,,,
12.86382106,8.587264848,12.93477513,14.06486145,9.378231486,13.51542578,16.89401485,7.024967112,0.96754993,7.338771302,,,,,,,,,
3.610413119,8.896333936,9.470459668,6.488949579,6.706788392,6.908585401,8.653614316,10.2005925,13.54145589,10.42618214,,,,,,,,,
3.582093811,0.841386381,5.023398227,3.204975222,0.587514926,10.23635642,8.376251674,8.512477804,32.55624906,15.553775,,,,,,,,,
18.3194303,28.27164156,18.07437208,18.86023978,18.90743563,12.47007189,12.35319242,18.9820456,19.41591604,9.22969121,,,,,,,,,
16.13003115,25.14253066,16.04669778,17.81227848,16.42507953,9.134951221,8.749993434,21.23152222,21.33889859,7.219291469,,,,,,,,,
6.531226011,10.82703996,6.773368155,9.546015452,6.541602501,10.12788949,7.356588528,11.53366773,2.691095146,9.479085995,,,,,,,,,
2.581890441,5.340650463,3.888447109,2.805708706,1.987089647,6.280814708,3.661241516,6.285103491,8.82350338,10.89739623,,,,,,,,,
2.527341631,8.340834833,6.185432304,8.8244549,1.897780751,7.685353432,2.603103764,6.045649643,7.309929827,5.171836156,,,,,,,,,
5.484112364,8.95056985,1.931675574,1.331203273,2.735129263,6.273329058,1.57204174,12.01172583,18.4630887,7.887833118,,,,,,,,,
3.394601432,6.227443017,1.576048388,1.051480086,1.28260704,8.624545335,4.996120551,5.683507852,3.470588566,7.765445156,,,,,,,,,
4.606250333,6.147059941,4.368592276,2.211074231,3.640784264,10.76255698,2.393471078,2.385522231,8.88170426,5.788637414,,,,,,,,,
11.76626737,13.44862707,8.877455217,7.105919888,8.568423312,3.795152907,8.406395979,6.903992808,13.39454859,13.62658269,,,,,,,,,
11.7415335,10.45153243,9.916593526,11.49603849,12.68167428,12.45456464,9.870042105,10.70096451,12.35013961,11.29717533,,,,,,,,,
14.36473521,9.600567789,11.03599395,10.27931211,13.27376487,17.5947677,10.98695192,9.849045832,9.030097896,12.16156518,,,,,,,,,
5.762150095,8.158788198,9.750778748,9.885159167,8.555153987,7.148014526,6.708651113,8.025012537,8.752764138,3.229002498,,,,,,,,,
8.146494545,7.712256093,11.72498069,11.66237128,10.27636888,8.248977927,6.826507001,7.237987671,4.762114359,11.12712023,,,,,,,,,
4.670576055,12.70208795,10.77663979,8.174065629,11.06283691,7.533377508,2.662374295,6.904604955,12.01774161,8.271484992,,,,,,,,,
5.591069042,10.56370643,3.61640276,8.775509675,10.47502986,8.885168206,2.909720872,3.439193458,18.18737496,10.74721889,,,,,,,,,
7.497010931,9.825495628,10.36010738,14.48310925,12.11831249,5.64709288,8.580043119,14.77371419,11.65110313,2.77309504,,,,,,,,,
13.09319483,13.1333371,15.88279206,21.09646669,17.9424578,18.02446844,20.02105051,12.23279516,19.68631453,9.213788514,,,,,,,,,
21.0649253,27.45039092,28.20090476,23.54401902,22.53312898,18.26158436,27.13694883,24.51716597,12.22198383,9.504001381,,,,,,,,,
11.21451699,26.92757627,2.86399025,3.239138566,3.781482726,20.13643074,4.318896877,6.128020055,16.42977152,16.78054375,,,,,,,,,
29.52339247,18.12436424,12.97290394,8.797542635,11.04725552,9.393292373,5.092263738,9.948290865,1.687958363,8.452826611,,,,,,,,,
4.95492667,16.41160498,14.77590591,12.85331369,11.1910916,18.5942045,13.50564002,6.523491869,10.24659645,9.875166297,,,,,,,,,
5.867304417,4.123442463,7.977218388,5.157992135,7.42929975,2.068813473,4.597518837,6.03812614,9.179735817,3.497224829,,,,,,,,,
9.592506453,14.48325039,8.474224838,7.897477995,6.753761522,19.83653745,9.752309643,9.410411978,22.1589529,10.12276917,,,,,,,,,
3.40038368,6.681966499,3.520875029,7.334631073,5.721908815,8.923436135,2.725463895,5.688065281,0.869960649,12.55835592,,,,,,,,,
9.382162769,3.118048642,2.807116482,4.649240269,5.616590471,18.4452769,11.58537476,7.496608263,10.77894411,22.56203957,,,,,,,,,
2.672350979,10.73569783,7.821812624,8.754626054,7.770440921,4.800824706,9.31447133,6.057007087,12.74394941,18.11762468,,,,,,,,,
2.488594195,10.58764516,6.209303077,4.670488984,5.72698553,5.706485721,6.770646308,7.303549043,9.421559524,6.192364661,,,,,,,,,
14.55179493,13.78265814,15.81856792,13.88874912,15.12241606,18.12984491,19.34894268,13.77253224,15.38258673,9.431379582,,,,,,,,,
7.622580385,10.84168948,9.736691658,9.112134719,9.79364077,8.644920489,12.6193215,10.36487371,14.49270118,10.41283533,,,,,,,,,
11.27500329,16.8965891,11.14715707,11.39546793,12.22850049,12.3522506,13.46927457,5.997759346,4.93797034,8.575462794,,,,,,,,,
4.336968185,17.86454028,5.33232286,5.324406185,5.286158625,14.13973437,6.989837174,4.523206043,3.195864293,7.620626439,,,,,,,,,
5.746775014,11.63264525,6.548155616,4.80173658,6.472545009,14.03365225,6.72472377,1.703992162,1.889472195,11.07878184,,,,,,,,,
6.065897,2.772186563,4.383081238,2.674859713,3.015685794,9.99369803,4.927097299,3.392074752,3.991056288,5.16910384,,,,,,,,,
8.257494314,9.743302135,7.846924589,8.969824818,7.994054429,14.21235975,6.639969004,7.722554451,13.79696302,4.943642198,,,,,,,,,
11.12603264,5.865772922,7.616912497,9.234794951,10.36423179,2.665841969,13.47251921,11.17014341,2.427528818,33.48918943,,,,,,,,,
3.573698101,10.85433806,4.710533892,3.542028362,4.371643684,3.428526068,1.176375133,2.66771662,9.87544045,7.216538123,,,,,,,,,
14.61905667,21.14677427,10.42681346,11.84781132,9.440302261,7.952069078,6.825004974,9.120176583,5.629007112,17.35013551,,,,,,,,,
9.234378791,16.91392603,3.996189896,1.112421786,2.433095534,4.145861809,7.023504853,3.175586115,4.899520528,10.11184896,,,,,,,,,
7.361849737,14.63520756,7.538623546,5.359454598,4.528472276,14.77626033,5.713229081,1.551526694,3.666633683,0.906279096,,,,,,,,,
3.835466939,4.905993618,5.417252395,6.246143766,6.539426454,17.53205281,5.656243141,2.295003707,12.40857956,9.027601314,,,,,,,,,
10.78299985,17.51910175,10.06882804,9.869620445,11.50143223,16.4251583,9.992838975,6.93153245,6.356834556,9.175685113,,,,,,,,,
8.784814245,9.737403957,11.24612408,11.81428016,12.44413929,6.883096541,18.75732545,2.788004753,18.87541789,6.308877095,,,,,,,,,
19.7291447,98.79791197,18.19496787,18.62255576,18.39802162,10.88997127,18.01718278,17.17746315,20.11999835,4.153260983,,,,,,,,,
16.37842688,36.70114989,18.50215197,20.34322939,18.72837855,6.028070937,14.03555346,,28.75107363,154.9276371,,,,,,,,,
,171.205124,22.95708202,23.96545345,18.94448733,41.63145008,28.5203252,,47.34447753,39.00491585,,,,,,,,,
30.10640911,176.8187832,29.44555509,37.93122801,27.20200318,21.30357172,27.52587158,248.3417836,27.7854041,28.06675645,,,,,,,,,
31.68848498,26.06023398,25.05380082,26.54719562,27.45577463,26.83958277,20.57847463,34.61056244,21.53566656,12.73867004,,,,,,,,,
16.89116218,32.00288313,18.67758879,19.95562022,16.94557426,13.32057376,25.73519757,28.54535511,15.04805164,44.42565528,,,,,,,,,
32.37358452,23.19351726,28.04062639,29.50236524,26.59068499,11.34175212,35.51842003,14.6425791,12.5282547,28.72262022,,,,,,,,,
13.39391861,25.39999337,11.13218744,12.17245624,12.76947714,12.41937935,18.26262896,17.85942476,2.367954449,25.5765917,,,,,,,,,
7.190425767,14.29224995,8.050989586,12.24465361,6.373088238,6.84220676,7.741143747,12.82019002,11.12951216,12.05746824,,,,,,,,,
10.12495537,13.77889442,12.98619935,12.00413714,12.92127145,21.52327578,9.532404177,9.590066128,2.248025046,21.43943512,,,,,,,,,
9.76088881,25.7531675,8.54733723,6.830230529,5.933432157,8.844752004,4.414759721,4.262507381,17.48482629,17.51056757,,,,,,,,,
9.047980153,28.10461475,17.11339759,12.92947782,11.12974995,4.999152672,9.355380397,12.19823941,4.474791614,0.995583809,,,,,,,,,
6.44374125,9.983174023,6.579144305,5.328246254,3.071601212,1.415447745,6.749168769,2.449947639,28.31031621,11.229217,,,,,,,,,
2.637681589,18.04452757,13.23190385,8.403224001,10.95012042,10.80104222,3.306333287,11.8698821,16.49988364,11.87281324,,,,,,,,,
10.0574992,10.81936207,12.81784713,10.90575322,10.98915037,13.51401197,8.6140145,9.278941647,2.995869228,11.20970489,,,,,,,,,
10.33649167,7.714431518,12.04493168,12.87983896,10.89017595,18.63346847,11.5466983,2.653255727,13.56532614,6.956567947,,,,,,,,,
20.67404779,4.898480888,23.20713313,26.40226044,26.97823031,30.6776984,28.09623625,22.15689878,19.96640255,24.13678921,,,,,,,,,
9.209153249,2.779802239,9.415546679,12.65179055,12.28754928,18.24944292,15.85837901,12.151679,6.566877499,15.36150901,,,,,,,,,
12.33591537,1.603378463,6.193683167,2.886516463,4.720537832,12.47697314,11.6884461,2.763482177,17.57133522,6.334423838,,,,,,,,,
7.354437588,18.87541082,3.194412852,3.182427297,5.300120378,11.39472046,12.51200092,3.549333895,1.323979007,11.70870148,,,,,,,,,
10.44233613,1.209520302,7.646994398,8.154320556,7.655862856,11.8782497,9.695129454,2.595974325,17.91997562,24.84482543,,,,,,,,,
6.212962645,17.85613951,6.15174291,2.071136614,4.985350479,5.245222123,1.221346307,7.617423361,16.84535323,51.55445502,,,,,,,,,
22.88725599,25.88979397,25.80060918,30.31514117,27.51009852,10.91403764,21.58797108,21.29498822,11.57270119,65.28113516,,,,,,,,,
5.250713577,16.53368893,3.95690539,2.882231372,2.303971223,7.821622871,5.503172619,3.592481598,13.6045205,3.497101222,,,,,,,,,
11.41476821,7.935624251,13.75080234,14.13412476,16.1892093,14.88913839,3.617871345,13.69527103,9.454014392,16.97888017,,,,,,,,,
1.666667516,32.88223062,3.355581048,5.505413746,2.399325379,0.512437848,3.477991801,4.552694497,13.50993802,15.18665701,,,,,,,,,
5.598303813,8.270919517,2.905697265,2.602295345,1.702595934,11.38894456,3.358193633,2.654485955,14.50521146,5.822425296,,,,,,,,,
8.082351934,16.39169165,7.324950685,8.070544563,8.088173907,5.061368118,4.41353866,9.799054136,4.792692513,7.483233051,,,,,,,,,
11.99671604,11.17585272,9.34312663,13.37171703,10.23086157,20.20995365,8.52479759,10.71454055,10.67095391,9.383890437,,,,,,,,,
3.724665111,7.837668717,4.219775671,8.173686089,8.923624157,15.77838977,4.95155942,4.20946417,11.34290765,17.68708086,,,,,,,,,
12.18709447,6.107419444,15.32866617,12.77535725,15.09254058,24.06321105,14.50579043,7.551953002,6.863570162,25.0859618,,,,,,,,,
11.08810717,2.603376629,6.88554161,6.376339191,9.208919635,6.394414085,6.91381953,8.095522427,5.582468867,13.09024541,,,,,,,,,
9.521669573,8.13681862,5.686016641,10.24654931,7.764802881,16.47572173,13.69891159,11.86229367,17.88848911,6.21475274,,,,,,,,,
10.16506493,10.65092044,14.57459589,11.04734616,10.11487456,19.06801432,15.67153557,13.36460168,9.785527636,5.420287227,,,,,,,,,
6.250918591,6.314049329,7.023435423,5.433613334,5.406738175,10.87529754,13.10338366,3.674631979,13.74900008,4.15394014,,,,,,,,,
13.92987729,20.35165732,15.40970044,14.16177027,12.53330866,15.35352909,10.5542427,12.76425804,10.76515875,5.869654959,,,,,,,,,
16.18807769,17.94667133,7.688445992,4.626409202,4.59777359,11.12729578,14.52379746,3.190134537,9.0662621,3.698233754,,,,,,,,,
9.308455596,12.31386656,7.784772003,7.359652977,6.322811027,15.62360134,9.750884789,2.648143401,12.31618506,30.4529357,,,,,,,,,
11.45664858,8.638829482,12.27546218,11.85952991,9.670928204,21.42294456,15.8173791,8.129459602,13.84754985,17.35294321,,,,,,,,,
8.479836008,1.288892702,0.719558491,1.405753666,1.788749747,4.602608186,1.485285305,1.580441381,6.221056177,10.40581896,,,,,,,,,
16.36691573,26.29703345,2.149335781,4.143196869,1.626611795,11.01048348,4.194309419,1.542439249,8.363868887,17.00348898,,,,,,,,,
13.23632829,3.100027646,3.747908326,3.040109033,4.059614592,5.404143276,3.257256698,6.705250444,18.36994778,22.63142547,,,,,,,,,
15.30831959,24.97862833,16.17341848,15.50781238,19.14238001,12.31684769,13.64029781,7.303098685,16.37482843,24.94740866,,,,,,,,,
12.00558376,13.97980235,10.81404597,7.747712851,10.3463586,28.23457802,9.554582624,16.74992831,28.35091938,36.02970711,,,,,,,,,
21.39244411,19.16400741,8.172484309,12.78135455,13.02828017,24.57475222,6.812407848,12.54620722,13.71356922,22.04868693,,,,,,,,,
4.002988278,13.66247711,7.013395534,13.80988632,16.2258099,4.549551142,7.482157618,13.56382421,5.578185914,12.76062034,,,,,,,,,
11.58215731,21.65727376,16.33535485,16.8274302,20.58304422,15.74505194,14.10041178,15.28301301,16.2606961,51.05235484,,,,,,,,,
4.189958299,5.857381678,9.077543904,6.244559981,3.5690218,6.864326346,8.409360205,7.237824539,13.51960268,26.75380176,,,,,,,,,
18.31912639,11.87205385,15.47114682,20.11829883,22.39342262,16.24403806,17.78635473,14.22457602,8.291438173,7.306005812,,,,,,,,,
18.90625873,9.047261939,6.208026759,11.60661295,16.44819453,22.2556919,14.10058644,6.113338261,8.328845156,24.11496371,,,,,,,,,
5.352093031,7.291080693,4.88461091,4.480725229,8.787200968,12.54982567,2.594631091,2.320765911,9.746133828,25.51106955,,,,,,,,,
7.720851891,16.79400179,4.269759389,8.259564896,6.452805947,9.288500332,2.21456689,10.17273755,17.38550667,8.908876904,,,,,,,,,
7.940952419,13.47350108,2.235397462,3.767030677,3.973773367,6.327215084,4.336502537,9.472020158,10.66572494,11.00765679,,,,,,,,,
8.039925567,4.283155671,4.28034037,8.425079248,3.129844595,6.330445584,5.170892732,0.739569417,14.96458707,14.63470822,,,,,,,,,
14.72034189,14.76151732,9.036809451,10.78089377,10.86077506,10.1045166,15.40074422,5.034467494,20.46845197,17.54889609,,,,,,,,,
5.297831836,9.32027279,6.354248834,1.711990414,5.560769438,14.92615962,11.33300319,4.916489269,43.69642541,16.85909372,,,,,,,,,
25.55883124,28.21509488,18.07633572,24.71752636,23.59097893,11.63666442,8.965503012,14.4710259,11.09005321,47.02215129,,,,,,,,,
10.87312401,10.58048084,14.6491158,13.74423122,11.27492287,15.99017816,22.96901014,6.367177306,10.14024268,33.61452528,,,,,,,,,
15.48087849,10.12158927,3.884924201,5.182399697,3.889037783,2.164755377,3.597779387,13.28957065,4.401515217,20.11270107,,,,,,,,,
6.430506528,13.16790576,7.908849996,5.657434445,4.879746645,9.566770747,16.64738035,7.964443958,11.81607476,6.490687464,,,,,,,,,
6.578197511,6.978935493,13.29299179,14.23371612,12.58599483,5.465659115,5.65155801,1.939168618,8.148727859,3.808282057,,,,,,,,,
0.95843139,9.724600972,7.092423563,12.2131549,9.687491504,12.171651,2.199536081,2.375321785,1.578377013,3.512691527,,,,,,,,,
12.42334875,24.65613292,11.14213661,16.71178096,18.01217084,17.34705885,16.62243022,9.858391681,1.439225812,10.63504417,,,,,,,,,
5.583804437,11.98815863,3.275740557,2.243592587,1.930483041,6.674229591,0.484352164,6.44495397,0.549266245,5.046494558,,,,,,,,,
4.898852653,0.83652683,1.916152661,4.70580646,6.424214513,9.708389608,5.713573094,4.794995802,22.47851361,14.60936078,,,,,,,,,
7.023194373,12.38073911,5.444560544,6.47198053,6.624023115,8.74993692,9.027218281,10.6714999,10.32402649,13.4259841,,,,,,,,,
15.28287024,17.41072759,9.983996825,8.61060925,10.23182628,20.22727779,15.37263543,3.92905624,11.15392,5.483905238,,,,,,,,,
9.898351997,7.60867944,11.61563545,13.72439526,12.77575966,12.52488136,22.56269975,7.912511952,10.1143318,8.422737008,,,,,,,,,
4.720645937,14.82728338,5.657768667,7.210000278,8.01094183,4.399799534,5.576692162,7.917169901,3.782178844,1.989458313,,,,,,,,,
12.15809201,20.09459329,9.58878449,8.105161256,10.07082324,9.645556317,9.757886616,8.582865021,2.080955183,30.98766787,,,,,,,,,
8.795653393,16.87071563,8.596009047,6.236178867,6.744528782,14.07320585,10.07183116,9.289791408,9.09675624,12.19916638,,,,,,,,,
6.766850337,21.15941062,1.742538148,3.686017293,2.726545104,5.671323944,4.953789592,10.5336738,7.535100423,3.4855393,,,,,,,,,
8.084063612,8.965873901,0.732434787,2.35944194,3.29648767,8.367375333,2.897366182,14.89742203,11.73436536,23.47802112,,,,,,,,,
6.920838278,18.20804528,8.893144503,11.47090162,12.794031,11.36346178,10.0606444,4.50826533,29.46735797,26.17130971,,,,,,,,,
20.50666285,29.40696957,21.56872021,22.43855209,25.02147043,29.78239237,15.48378046,11.91809257,13.05854173,20.83320227,,,,,,,,,
4.895886812,13.39709953,7.809384703,10.51784482,4.179144194,9.871575091,3.974057954,0.928906177,13.59171828,13.17957231,,,,,,,,,
11.54671529,40.78940587,9.418790808,15.43143931,15.22176318,12.24186869,7.569684866,14.20489791,10.95954639,18.96462891,,,,,,,,,
5.163088254,31.59901754,9.84454525,11.15904525,20.37184387,10.34927198,4.807361247,7.154826434,7.741361815,23.78529883,,,,,,,,,
7.531349923,31.08942916,15.71092371,18.15541083,21.36969583,11.87865425,5.646243465,1.181388466,4.667740278,24.91894836,,,,,,,,,
9.810523216,31.71967619,19.43397906,12.42744041,16.32602362,29.26558074,14.16437021,12.29815751,7.337306946,14.8871556,,,,,,,,,
13.19265828,21.97844108,8.22367851,8.612517572,7.600066127,21.06459409,12.94401902,5.752468453,21.50517723,31.70555716,,,,,,,,,
5.695292626,8.749503564,4.49069664,6.023223515,6.38532294,14.57605694,6.302662413,9.557360769,18.78334842,22.91280252,,,,,,,,,
4.260595226,11.64097881,2.083030869,6.774336543,4.595893826,7.637230264,8.437956765,4.290023121,12.97892172,9.034757889,,,,,,,,,
13.32614128,39.21504032,14.85604979,19.27697763,12.17671383,13.48973897,3.263725151,15.53352553,17.8778883,4.180281599,,,,,,,,,
24.34848569,21.23331363,22.04214819,22.44703563,22.42028488,31.8192564,22.49715622,12.91071337,4.776088013,11.2255221,,,,,,,,,
10.29315347,17.06798442,14.79407704,17.26159551,16.36947024,20.16885172,16.98535156,5.210846841,24.10838609,22.5805612,,,,,,,,,
13.491727,29.96956209,14.5738643,10.94447473,8.800102998,9.393035465,12.81098577,13.15006345,3.340053447,4.278368812,,,,,,,,,
16.79022321,39.28357995,10.96717338,9.445689899,7.820542952,2.431192131,5.886115407,5.81039122,14.98858486,11.80247864,,,,,,,,,
12.11182206,9.457085613,7.935212403,9.521353551,9.362996218,14.72571986,7.978167487,3.491853555,13.28220964,3.944962098,,,,,,,,,
10.13750476,6.528708761,7.198974718,7.308652832,6.388807392,7.694991834,7.397805115,5.936029018,6.508216816,13.31656705,,,,,,,,,
5.043819381,13.4849611,11.21491133,9.980528625,10.36880164,19.16681008,13.68898509,8.837399515,11.56916941,20.52928231,,,,,,,,,
8.24475142,10.04364267,9.099269246,9.761519537,8.190359891,14.82323778,15.65103549,9.143554222,8.552250453,8.000848954,,,,,,,,,
11.36194614,27.52261559,9.811781572,9.615531627,7.184965216,21.22649767,19.8869212,4.520267438,19.82601639,12.46786399,,,,,,,,,
16.23905189,20.66961166,13.71594971,12.95996791,13.29254559,13.31680615,14.25249909,6.227900955,12.66145987,28.5219144,,,,,,,,,
12.93857376,10.15183788,9.499840669,11.88124206,5.297973001,6.322017041,2.991871961,8.712747614,20.42401415,15.49420473,,,,,,,,,
8.904342822,16.03856101,3.485882613,9.983629876,7.770813556,5.08244795,9.135724792,17.04835684,14.28555356,10.27714587,,,,,,,,,
14.87810027,3.385561113,7.809644518,5.890391045,5.811281069,18.34488107,5.701814819,6.815239595,20.20113293,20.45061834,,,,,,,,,
11.29233095,3.277901717,11.61044837,11.47654921,12.01444888,11.12259198,8.945182617,13.90624405,7.989932596,9.94453363,,,,,,,,,
4.189337119,17.13906039,11.25100234,11.40199843,11.8470283,11.69542245,12.93576419,11.06498433,14.3391921,10.49167512,,,,,,,,,
6.455053708,8.916954781,4.185877282,3.777535436,5.609173982,12.9817403,13.95655325,9.909161345,9.913550045,9.330979254,,,,,,,,,
9.142415986,5.367567359,9.354925243,9.264583368,9.587247966,11.16785085,13.03010249,3.419442497,8.813181756,16.02107541,,,,,,,,,
6.863695915,5.010248942,2.618650905,0.970423544,1.676732339,5.814652401,1.615645134,3.56389015,11.81441452,17.19125735,,,,,,,,,
5.751425375,13.91734242,5.763205092,4.142975083,3.994410654,5.54704281,3.370031154,2.881939561,6.007391793,5.98215305,,,,,,,,,
3.916406309,15.81612788,1.374558898,1.014694541,1.846309275,14.52339808,3.907246666,5.619131848,25.92432812,7.045058588,,,,,,,,,
5.775126331,3.770391415,3.314308457,1.504813243,1.166761399,6.656625544,1.433011768,9.091109359,8.608324745,4.401471764,,,,,,,,,
6.01693521,2.581022435,5.335876258,4.736244128,4.67862791,7.851493342,3.757283465,2.16446826,7.420966428,4.50687592,,,,,,,,,
11.83747297,5.937092964,7.899922762,8.895038589,7.675973334,13.44297702,7.864553173,2.121148785,11.56737061,9.050342422,,,,,,,,,
11.54767832,7.418855141,6.853275294,8.420283731,1.723687785,0.522824156,11.73916471,14.91499497,5.955734639,7.632401897,,,,,,,,,
6.961212879,14.15071404,10.53174925,8.469303174,10.52399993,16.62985549,12.12048744,6.223855633,4.329475508,8.48814111,,,,,,,,,
10.98820092,11.38048685,13.71485963,14.25854225,13.22055228,16.08057049,16.51764351,8.145649874,8.621865825,11.29416346,,,,,,,,,
7.388225988,6.989993457,7.037949503,5.907494765,8.598434278,9.309295561,8.972411419,3.674049169,7.360152502,10.27195139,,,,,,,,,
4.943802518,0.306975168,6.685310409,6.635268611,7.270843441,3.784661432,5.981539406,6.377383301,5.514607404,6.617929738,,,,,,,,,
9.499282592,10.39537447,7.592734624,5.474061348,8.56989612,14.23141755,7.576264325,9.661635869,6.080074741,4.606030831,,,,,,,,,
3.133635415,5.323460499,1.212854356,1.58479817,0.911474444,2.36897132,1.253700422,3.515855133,3.644112656,11.18923777,,,,,,,,,
4.838719203,20.51692474,0.644500393,2.665113577,1.560043709,11.70188351,1.818990139,10.28252516,14.54140774,15.89122165,,,,,,,,,
8.082792101,6.643529383,8.461517095,8.183840431,9.92061379,6.941613829,7.4806353,1.20281491,6.072811384,15.46215329,,,,,,,,,
8.477857697,8.272784559,13.79052358,10.24084962,10.47277092,15.5200212,9.877904075,6.396233056,17.86773731,12.9271709,,,,,,,,,
8.167855162,21.30929749,10.30363031,13.60266866,11.03085842,14.42549706,12.98323411,6.61818119,9.473987811,115.3917183,,,,,,,,,
13.25952771,26.87302719,12.68475184,14.00192705,10.68894865,19.92130143,19.68337749,5.461254239,6.709209044,31.96762707,,,,,,,,,
11.06068144,10.24491735,2.631628339,3.502926709,3.507291586,9.01661424,5.362211688,1.776354672,16.39364471,18.61319729,,,,,,,,,
5.447958054,16.87758542,3.208185478,4.484492109,2.460757385,23.6813927,7.418284533,4.497059866,9.032271084,18.83212509,,,,,,,,,
5.227505846,16.60265653,1.944558778,1.479936694,1.579470902,8.130606927,3.024846711,3.216818111,1.719544304,10.1077787,,,,,,,,,
8.643890555,12.38248265,8.076589766,5.671941513,7.429551869,8.602244679,7.434676796,3.035017108,15.57337858,2.15691397,,,,,,,,,
2.197620848,6.551804284,2.070870177,3.333859709,4.083796356,9.054308929,3.267589658,7.49391344,13.87304724,2.74189913,,,,,,,,,
0.949706571,7.198232425,3.475175172,3.808066548,4.446837794,5.122691605,4.750473339,8.065482332,10.22003657,3.455411286,,,,,,,,,
3.913623717,7.281010737,6.301565451,10.84453441,9.00733088,4.162419078,9.225255546,17.24012876,4.527938173,15.16531328,,,,,,,,,
17.52565713,19.60283097,18.62641211,14.68694214,13.12156606,12.09520954,8.87287973,5.639187218,2.631785256,8.035128544,,,,,,,,,
10.37756991,6.521381098,12.9008302,13.38381592,11.36286602,12.32633558,9.018997226,6.56748858,10.65425938,6.543381441,,,,,,,,,
6.452054319,8.088677439,5.086744208,7.263509995,5.880252831,6.818149092,6.072554251,7.682592645,13.95493737,3.202143237,,,,,,,,,
7.898543852,13.47229959,6.872112171,9.453681191,8.009081917,8.345342944,8.440850454,10.94433689,13.67344725,2.88651225,,,,,,,,,
4.678593756,4.96981275,5.549114224,6.958228291,7.09181477,11.97651093,4.730509482,7.721893362,9.704070828,3.618045097,,,,,,,,,
4.774323896,1.429435992,4.290669006,5.780564656,5.261112225,13.0590353,5.495594957,6.324545092,10.54962525,8.160538741,,,,,,,,,
4.579419263,7.794051418,1.57973983,3.446492749,4.211120106,5.935409515,3.583047497,6.373593564,15.39205485,7.848539145,,,,,,,,,
6.703688307,16.00801332,7.747640516,8.897825717,6.556270779,1.397183725,2.793917005,7.831514209,4.698931899,13.72946628,,,,,,,,,
4.30648299,11.07848386,5.308427575,4.180922173,3.927691674,15.20353255,4.670220275,4.466302338,14.56620565,11.24436019,,,,,,,,,
4.715714569,9.978889512,10.19147055,8.139139087,8.237613321,10.91004661,11.08176423,6.07953883,12.20099504,1.973379926,,,,,,,,,
8.907587069,10.81795611,7.759108428,6.266834841,5.68853492,8.79231646,4.6578078,5.092060634,7.261084146,2.277865111,,,,,,,,,
5.270787057,15.21584526,5.08767939,6.326761102,3.845896359,3.431695215,5.786182698,10.59001366,6.09852035,4.1668557,,,,,,,,,
3.721433617,4.134934056,4.435832973,3.875233635,6.025273119,2.952272456,2.504345354,6.997190009,6.646216561,2.497855376,,,,,,,,,
8.376183774,7.177607176,6.463033868,2.524254307,4.689812878,8.650952254,9.421677494,0.977649035,7.062253787,6.712000008,,,,,,,,,
12.65768667,8.43363205,14.63866213,10.58207824,14.13995364,14.28923322,21.5280521,9.03145856,6.196197675,7.113199178,,,,,,,,,
3.995075898,5.376248989,7.864402803,7.648264899,8.435995261,17.07445117,7.996576161,9.945888038,10.47823239,6.916170261,,,,,,,,,
11.38776529,8.363808775,11.72195483,7.87892692,6.858757366,14.21887369,12.39745369,15.02369098,8.359981149,36.03132679,,,,,,,,,
12.9936982,12.17345473,6.744956248,5.25807447,5.832886271,20.08122838,16.32831803,10.23310097,9.826655708,14.80851446,,,,,,,,,
3.472584354,23.17878461,9.960171381,7.444729644,8.037914223,20.27146161,13.57136646,7.605580994,4.371285107,42.71378345,,,,,,,,,
8.256513436,158.5064962,9.534172178,10.4033999,9.989653014,4.021304815,10.68923445,6.418114117,,174.1566021,,,,,,,,,
12.37226932,34.50576223,,,17.17963239,14.2211187,13.0836966,6.891777124,62.80849623,,,,,,,,,,
14.19911411,16.58390656,23.33600774,18.90208856,15.45692804,11.94890893,18.58773894,7.913393326,6.539056307,,,,,,,,,,
5.659493575,9.408486437,6.51824071,18.49085431,4.671097458,8.531625266,4.823771087,2.087994112,6.846394583,,,,,,,,,,
4.167661544,8.076394463,6.468660888,0.648380181,12.67012981,5.601749429,8.837352218,4.874340609,9.930625904,,,,,,,,,,
3.50815292,4.320380025,9.546201767,11.14146346,12.3261052,16.26720739,8.329533404,6.038049615,19.17159405,,,,,,,,,,
14.68939531,19.74775283,9.712308636,11.15866413,17.65222311,15.97180057,17.18026811,12.16935843,15.62102884,,,,,,,,,,
18.30170922,12.8316985,17.54261523,16.72762428,19.75068318,14.49333492,14.0795754,14.18914101,12.65636853,,,,,,,,,,
14.54321849,13.63167174,15.80898969,16.62131997,12.21340884,27.45061299,14.15207531,10.6518583,14.50937716,,,,,,,,,,
4.075926532,19.10777386,13.83031083,13.84299741,11.25703908,9.704076938,10.39859688,6.163193898,26.4461445,,,,,,,,,,
15.43127134,27.01273097,12.18652174,11.82195173,18.35826145,7.724117761,18.96513011,14.7274668,26.46296068,,,,,,,,,,
13.14463698,22.83131906,14.62984784,13.85797851,16.20789597,9.436878451,15.62625162,18.93314408,19.14636478,,,,,,,,,,
11.75521079,22.09694483,15.09562274,13.32836439,6.174201621,12.21927839,7.905289404,5.914450088,11.06200439,,,,,,,,,,
13.9163405,11.47246281,6.699483949,12.90437266,3.492184351,16.16961469,11.96746701,3.821314238,11.14442027,,,,,,,,,,
5.604660035,26.30527587,5.467735711,5.701888448,26.30777902,19.58108553,19.27374187,19.97530642,12.82396,,,,,,,,,,
11.52716289,37.53677778,22.16234448,27.07521431,16.58186818,22.80715071,17.95646583,12.292558,9.401096717,,,,,,,,,,
5.056637662,34.81628461,16.35004897,16.52849723,12.57300884,18.29777407,11.39483775,8.276354122,13.45362024,,,,,,,,,,
17.34795046,8.787118284,12.20464016,11.66930476,20.06272915,28.99567171,20.62938688,11.58065164,16.14711548,,,,,,,,,,
19.55297639,9.914492981,16.40371837,22.87015313,23.18969686,33.16594819,23.74843269,13.73575545,9.683036424,,,,,,,,,,
5.955943088,14.90925264,20.28429355,32.49929074,17.9141326,8.327547641,17.55156339,5.940665679,2.541174988,,,,,,,,,,
6.07300494,11.89112944,10.42474797,20.08432495,3.990260356,6.411827734,3.235108302,3.420632807,2.745334376,,,,,,,,,,
6.016908367,10.87050786,3.781556029,5.46209491,3.137776524,8.274419581,7.759511719,2.174191917,15.78886212,,,,,,,,,,
8.033440949,19.21892935,6.004444908,1.881682774,10.5565165,6.089183172,28.06929977,9.267978419,15.03577376,,,,,,,,,,
3.206146912,10.56247804,18.29693523,13.25772644,3.23957413,11.411258,6.867440814,3.433163301,12.72030483,,,,,,,,,,
13.39681807,6.457129491,7.310377722,9.211828457,16.98481555,17.43716066,18.5976628,4.397850147,13.73297711,,,,,,,,,,
7.631851007,9.933327923,21.31938755,16.6475819,10.43440533,12.97030442,9.706375429,7.596723878,3.315845184,,,,,,,,,,
7.160249563,9.087610308,8.857579192,10.24264719,5.015173365,2.850855301,7.105730268,11.80984745,8.428636656,,,,,,,,,,
3.710331646,6.332199707,6.152784727,4.171852775,6.258620131,2.351432459,2.355210045,3.418512762,12.85202784,,,,,,,,,,
10.71552848,4.900786262,2.052639763,3.540257818,7.034675622,9.743105442,11.06513277,9.118124805,8.720567718,,,,,,,,,,
9.939047838,1.882758503,10.83844931,10.36376051,3.355397678,8.727515343,8.337421407,5.777130583,4.614163535,,,,,,,,,,
11.17150391,9.86471338,4.89308997,5.677750502,3.976177594,6.698172757,6.663085302,4.445188211,7.584708028,,,,,,,,,,
4.150667885,1.120614519,9.703723514,10.15621924,2.077151569,6.117133368,2.564644335,3.081767736,6.049814621,,,,,,,,,,
3.744828573,14.21983258,4.761641712,3.676684552,2.72875905,9.774924431,2.7933644,1.799449963,8.437333957,,,,,,,,,,
5.971196187,16.87224072,1.718432046,4.753855347,9.489047118,7.067503143,5.062852268,3.661277747,2.973523031,,,,,,,,,,
3.16042007,8.253846817,6.225303573,8.990565703,3.696021129,5.920426357,2.535186495,1.763973445,2.487148718,,,,,,,,,,
5.028317835,10.49873993,1.620931189,2.302888457,6.945041576,6.344935834,3.969703029,5.280020194,16.87601971,,,,,,,,,,
6.477895487,8.88507025,7.663855478,8.493883458,3.717943461,10.01258468,3.484322874,8.194195218,25.8937579,,,,,,,,,,
4.495655783,9.769529873,2.907707243,4.055361523,7.028916934,8.876789079,6.898541784,10.64831177,12.40100585,,,,,,,,,,
14.76710193,14.96151703,5.391629083,5.306540259,8.805360474,3.879519736,10.19351643,13.43337502,5.304604574,,,,,,,,,,
5.873519381,6.256320079,11.03156605,10.82648803,4.779770789,4.160966449,8.101231195,7.945516748,26.85013203,,,,,,,,,,
9.318731842,28.36170713,6.023764885,5.759468934,11.5194751,18.56086635,13.40964396,10.6447735,20.40530411,,,,,,,,,,
7.079421808,19.02328775,12.41214349,8.231355976,8.645667328,11.57113949,6.908991212,10.57279698,7.630981833,,,,,,,,,,
4.941638274,15.68206689,10.45902339,7.087252849,11.92528931,8.958660824,6.044920808,0.882969318,9.527978164,,,,,,,,,,
13.63459408,17.17978165,7.163600698,7.502408221,13.87482612,16.72535031,17.25747396,9.870474655,10.81358702,,,,,,,,,,
19.17264897,25.3877734,9.906916681,9.883347796,5.419987205,6.894342784,11.72529367,10.52031399,11.00375212,,,,,,,,,,
2.121979707,7.453920008,6.113215209,4.257347711,7.76146297,3.886010685,8.321538394,12.10690771,18.80479242,,,,,,,,,,
4.610487947,15.16394021,8.933748134,4.896931394,4.740629957,2.591421113,4.535323483,13.44736502,15.04183663,,,,,,,,,,
11.70806558,23.77630138,6.071215863,6.461501305,17.26985842,19.41940048,9.406024488,12.96351736,9.829138669,,,,,,,,,,
6.935118102,16.87278792,19.56765903,19.21382205,9.958887517,13.90065637,2.906182261,8.153941553,10.13944391,,,,,,,,,,
12.24821357,222.2457819,9.07281729,12.41412294,14.47433684,20.73309489,11.50097371,14.16630867,22.1827563,,,,,,,,,,
7.372095056,135.9309564,14.27830512,14.08093222,14.86976684,10.94945382,13.61228792,18.19642909,30.1535126,,,,,,,,,,
13.59878887,15.45703668,14.53825957,11.94615592,14.01267151,23.14882218,18.7782145,25.62798583,11.35155478,,,,,,,,,,
20.51495934,1.698546201,15.97949717,14.04412685,9.389688662,12.65167844,16.507764,12.20249194,8.90782036,,,,,,,,,,
12.09861273,11.36869741,5.91432523,6.852241715,12.78322984,6.864990983,10.55333811,10.46736862,13.68957627,,,,,,,,,,
11.37578956,19.17138783,13.21916386,11.48066534,15.46010289,10.35464853,13.72821492,12.65578663,8.352869776,,,,,,,,,,
13.56550583,11.55717369,13.98146607,14.87628756,12.03189271,14.92888067,14.79390828,7.265103788,6.644706484,,,,,,,,,,
16.97831047,19.18560436,10.99621971,15.03883744,9.346143779,14.65825711,9.611761881,4.352125725,5.620617078,,,,,,,,,,
11.39964006,31.40255945,10.76369561,12.23032314,7.974293524,10.95239007,9.630696228,8.643020117,5.066808207,,,,,,,,,,
5.631766281,16.44685305,10.92916647,9.03792259,2.7999421,2.926818131,2.209429009,4.269251658,7.737946247,,,,,,,,,,
10.40989845,20.05477083,2.49667147,4.032670678,9.906555244,10.97048961,6.165219267,5.706620614,14.49378213,,,,,,,,,,
2.308584854,10.48328617,8.881367849,7.561143617,3.175146737,8.190401029,7.83751732,10.25878969,6.433134077,,,,,,,,,,
6.465694716,8.228465844,4.668619151,6.440602685,2.967617319,2.853458593,12.95608897,4.657416132,19.6208607,,,,,,,,,,
4.255774531,8.191257094,5.336128762,0.706705118,1.982606407,2.797709235,1.046876997,14.25631721,7.477710377,,,,,,,,,,
13.47133029,9.252698442,3.50152352,2.234400936,9.430702653,19.09317867,8.773754102,9.065165144,12.18846662,,,,,,,,,,
5.513141756,9.275690464,12.31640574,13.14034317,6.180908944,7.980004739,6.11595484,8.898910883,20.33648104,,,,,,,,,,
5.183007198,12.67729711,5.414565239,4.039206057,5.28157814,2.750533168,6.048658084,6.118933799,4.735793882,,,,,,,,,,
4.901549717,9.839343074,4.657535815,5.193958798,3.899179579,1.820883634,3.912529939,5.435138291,10.21718757,,,,,,,,,,
25.72053727,7.094858253,3.450929426,1.100080785,12.46043411,13.45960412,11.80363677,16.60990604,13.38998255,,,,,,,,,,
14.29250233,3.472356083,17.43780821,12.10493406,5.673012094,4.365815407,3.397864343,7.673744165,27.05055588,,,,,,,,,,
15.7698454,11.61775322,10.03731367,1.534674232,14.92875284,15.76730864,22.46859551,19.78254062,20.04151918,,,,,,,,,,
33.63837497,21.58588546,16.17734018,15.36079259,31.66372942,27.669291,25.10894616,33.30225166,27.10066171,,,,,,,,,,
27.36456083,18.88241517,30.00908034,32.10455135,26.02157327,31.5679717,27.80336511,28.79914419,0.469446624,,,,,,,,,,
10.54560371,22.74505513,24.60240832,25.71777012,14.94943648,36.7524382,16.27747401,4.053363605,13.48688737,,,,,,,,,,
15.47543658,32.21980223,12.34917308,12.24868271,18.23268715,23.0567114,28.95292857,5.397924615,3.834628206,,,,,,,,,,
0.728592764,27.32246991,19.13193275,14.86637153,8.000381254,15.18011759,15.39364647,23.87132671,12.40107553,,,,,,,,,,
9.392627358,11.0488442,9.646126028,11.89712631,4.612654864,4.338194201,3.42250914,20.04014544,17.03602668,,,,,,,,,,
10.49481605,3.432295119,8.307972167,5.192843524,18.89033914,18.61214779,12.07506144,17.11870697,12.3261308,,,,,,,,,,
7.526325469,21.97544775,16.61080662,18.04340874,5.843115266,5.618232186,11.72483964,12.06578501,4.800417123,,,,,,,,,,
3.417446225,12.81136712,5.460279425,6.280237167,11.31907258,5.292074345,6.382063098,7.141728347,3.104630814,,,,,,,,,,
7.170647859,14.01264259,8.489836101,13.74852512,3.927282502,6.090014565,2.872491302,5.088315555,18.33128436,,,,,,,,,,
6.429068876,28.0495234,4.597704393,5.203466894,10.63609305,11.18883049,7.627590935,16.93111812,16.3164204,,,,,,,,,,
15.38784186,19.1672135,10.61288852,12.06765553,14.00804487,17.56087548,16.92302294,5.459495825,4.082303102,,,,,,,,,,
3.651136172,12.69168343,14.82152495,12.88844063,3.583057515,5.219447964,3.237681726,1.483189996,8.521212108,,,,,,,,,,
16.69320291,27.9708882,2.661996804,1.962620503,25.05361495,19.94929168,21.44771592,26.36429708,8.926892253,,,,,,,,,,
14.81778683,20.5104387,26.20285529,24.89744864,20.41502883,24.1505315,15.4119045,7.474445161,6.718879458,,,,,,,,,,
14.35741465,12.81014764,18.19809075,17.52197472,13.91957618,25.55224358,15.08024573,5.686490279,13.47381066,,,,,,,,,,
4.734433782,18.07883263,15.01330751,11.47813724,9.379965162,17.74170083,10.28660785,4.048384917,3.698531208,,,,,,,,,,
6.456784689,5.899527692,6.950812196,6.509118846,8.604764925,5.378152509,6.477757435,5.320807462,3.704212796,,,,,,,,,,
6.773438797,36.14623019,6.010382812,10.3523565,1.876724812,3.150647523,1.375556224,8.193966583,4.818347593,,,,,,,,,,
25.98415304,58.42687985,4.159569849,6.411714284,4.371168285,9.178281257,2.353003467,7.840229596,7.418019564,,,,,,,,,,
218.1774214,19.16719297,3.715931934,1.148284129,5.051469958,8.527214216,1.880619489,5.296653222,12.29745699,,,,,,,,,,
188.8181039,13.95197891,4.249702599,5.58579212,7.686969697,14.58566018,8.566500749,5.871052328,12.92970878,,,,,,,,,,
22.02829829,0.979960455,9.325602376,7.966548199,7.344599895,10.43191608,10.86413368,5.827293196,5.072940174,,,,,,,,,,
12.16254787,2.857768385,7.60815298,6.998224723,7.283230991,8.00583774,6.213397436,0.102641674,4.913912392,,,,,,,,,,
18.42028652,16.91333212,7.396282426,7.009988837,6.603803301,11.04189728,14.97782782,7.872144357,7.097585236,,,,,,,,,,
14.10480829,9.936763544,10.17148906,7.989865425,16.57201088,5.021875529,8.695662884,11.89995163,14.83761571,,,,,,,,,,
14.29586465,18.9496737,14.76535215,19.63008723,12.03225581,4.787036412,4.114127099,9.508676316,4.756748203,,,,,,,,,,
4.766541914,6.94384698,14.74251534,13.7092705,8.704764901,17.48162605,9.129878182,10.36543965,4.193180965,,,,,,,,,,
9.695157504,8.552902885,10.05850753,9.973650237,6.574134575,13.34544652,6.301577961,8.797260565,3.881775073,,,,,,,,,,
12.50086563,6.372431799,7.691059322,7.060534223,6.012618183,4.351101238,2.125390341,1.083425836,5.893227344,,,,,,,,,,
9.40903878,11.07426146,8.365282462,6.691347805,4.538516219,6.450352405,7.189828712,3.574455696,5.401668252,,,,,,,,,,
15.60530172,18.56327477,6.327215205,4.688517541,9.211834236,14.00712517,11.83853138,2.701925531,4.573379149,,,,,,,,,,
17.86862814,12.34178397,7.602592035,8.595811898,9.275684236,16.26991237,11.82203301,4.39273307,6.371687761,,,,,,,,,,
5.876252337,2.93901064,11.65790483,9.660460035,2.447768417,7.237326472,6.151238472,4.599413653,23.35585489,,,,,,,,,,
13.8928004,23.15686794,1.514535723,3.319916838,15.9070823,17.05668231,14.43736774,8.654053283,19.91052364,,,,,,,,,,
11.88176869,8.312399194,18.10287073,16.46051381,2.454425811,6.079533663,7.945363258,5.49797464,13.14516485,,,,,,,,,,
3.466776633,8.460037512,4.687410781,6.137336484,7.171332075,7.243352031,2.049028649,16.67249949,7.884477073,,,,,,,,,,
0.464558938,15.56250386,9.150423559,6.866525832,4.098763235,7.176866605,4.303863333,4.82679138,4.874680405,,,,,,,,,,
13.6927786,13.0614463,4.100686011,6.431804324,11.48709707,21.69562622,17.05671999,18.08284205,17.3374583,,,,,,,,,,
13.54286354,21.05371437,11.70964054,11.6444638,7.76660096,17.76721487,13.8964203,8.590030203,8.156795067,,,,,,,,,,
5.764517249,17.54263795,10.4999255,7.552880656,4.912369093,8.935317665,10.67336942,4.363844666,2.46774103,,,,,,,,,,
6.700137137,19.92828889,3.873552751,7.023295197,0.837815257,7.589748861,1.026994745,2.748817684,9.570064102,,,,,,,,,,
8.393064591,20.75407493,1.006281139,2.272563807,6.223828162,9.931566119,16.17317644,2.641592112,4.555425615,,,,,,,,,,
0.726519965,8.332436077,4.750455836,7.369699575,4.940822287,19.04159922,4.805204065,4.628145088,15.90476953,,,,,,,,,,
18.39757268,8.186057543,2.857741626,3.950873301,9.261935575,43.61829796,14.43836049,18.42554365,4.889049869,,,,,,,,,,
11.63711857,6.968888978,11.60244641,9.424300517,5.87450988,12.5784914,4.481014737,15.71995116,9.173228919,,,,,,,,,,
9.858767129,12.55624076,7.343878435,7.839398296,6.123249324,13.87864944,15.97440237,16.74280957,0.603949915,,,,,,,,,,
10.90258611,4.765273764,5.921062634,3.833207516,6.661319916,16.35127179,6.518541469,7.90976533,11.66535295,,,,,,,,,,
6.561431813,10.89843603,7.78984856,6.288041531,11.76488292,8.907175148,10.9055771,9.721893437,16.27830136,,,,,,,,,,
2.368577968,2.260265785,10.15463247,13.32670388,2.319233899,6.85668529,2.801898577,9.050370544,29.45968247,,,,,,,,,,
17.79846046,29.06034888,2.312065405,4.479001081,19.82122766,13.46690492,18.78132687,16.94437559,27.41866408,,,,,,,,,,
16.17528276,22.67047402,19.85513676,17.23609914,15.68812016,14.86111195,21.67505398,15.51846505,8.988868205,,,,,,,,,,
6.044793154,13.02954744,18.75073556,16.01339291,7.393559064,7.267142964,3.245171226,7.041952947,3.920444746,,,,,,,,,,
7.274648441,9.755595737,7.911431565,6.968732609,10.43703191,12.90364962,11.20850681,2.81350018,5.772599012,,,,,,,,,,
10.2816644,5.144063217,13.35039365,8.353304986,3.992705787,4.246118856,4.487702791,8.279460202,9.423168532,,,,,,,,,,
7.491203012,11.73599115,5.42568121,3.746128253,8.578996167,17.73623619,17.06396315,4.002278991,10.44901069,,,,,,,,,,
5.332202537,16.21207793,8.498349464,9.794381207,7.731055429,9.140243276,9.512323141,2.168407431,2.013936953,,,,,,,,,,
11.53811505,11.6102672,7.736249099,9.401851625,3.613246839,9.056868365,6.691575609,5.188909794,9.576857213,,,,,,,,,,
5.070185402,2.135263754,6.319266261,5.245985362,6.188205464,7.649751365,3.320571464,4.233324206,3.178257974,,,,,,,,,,
3.352490116,2.229602464,4.551605447,3.672875024,4.819823185,11.38753135,3.731012128,4.630720311,22.69049055,,,,,,,,,,
18.0260498,17.14648867,1.988539882,2.434840194,16.93585336,12.85506087,24.29070921,26.22803789,19.6401107,,,,,,,,,,
7.618156649,11.45424274,21.40344406,20.86757707,7.573992143,5.090025084,6.52131318,1.490546783,23.44314186,,,,,,,,,,
9.2650165,7.243352716,9.339886336,8.589474991,9.607749835,9.615304426,11.84905602,11.42458833,11.64879746,,,,,,,,,,
8.483088495,14.34790681,9.078015707,10.28598933,5.106671979,7.520627418,8.251333978,3.571449461,6.242640273,,,,,,,,,,
3.344587751,19.03258222,7.396925712,5.86298693,1.419876307,5.216760998,2.808075668,1.914960147,10.18813831,,,,,,,,,,
3.521860069,3.497703048,5.040136087,3.902347025,10.07424338,7.930165567,0.86456967,4.622037637,16.26886132,,,,,,,,,,
18.51501259,10.41791446,7.073162598,11.20854248,19.06519422,8.941879906,12.62160441,11.67490675,6.348937314,,,,,,,,,,
12.47734921,5.041904492,14.93011782,17.63284878,16.72084573,15.34350644,9.272390049,7.374259118,15.07680968,,,,,,,,,,
20.04325763,104.3475413,14.42580844,16.76616598,13.58198025,12.00909897,13.61808716,14.02105809,1.040552057,,,,,,,,,,
11.09846343,29.4455693,15.42540411,17.06061898,5.348163724,1.411980226,8.108715045,,37.54854448,,,,,,,,,,
,175.1853747,7.340139313,7.328821695,14.25418169,27.36057704,49.71781227,,27.77328977,,,,,,,,,,
27.04082788,187.18455,25.18116009,9.678358954,12.66642085,5.613553235,16.70503011,246.0819243,14.85754261,,,,,,,,,,
17.5455488,1.182708856,8.010663629,20.21283612,7.052550247,5.481646132,1.993850161,13.29596401,53.53980004,,,,,,,,,,
43.20462547,49.24564599,3.625230432,8.679920787,33.23823243,19.11944667,42.56178212,47.48919549,30.96564795,,,,,,,,,,
29.80037379,24.11608879,44.7115557,36.05411422,13.73309819,5.558510067,30.61924235,28.01803518,19.40382537,,,,,,,,,,
21.40943149,10.23503982,25.44986435,14.18688954,21.84102946,13.32884094,21.38277364,19.84586743,6.651487815,,,,,,,,,,
16.41946461,5.111872207,21.90981061,19.18556085,10.69503058,6.11000003,5.686865938,11.45908146,7.324914484,,,,,,,,,,
20.30126268,16.85566119,12.34452946,15.7681292,7.45301857,15.23847273,10.17903292,14.75795137,19.70086249,,,,,,,,,,
12.0187847,34.18068335,9.064560704,10.2902575,12.81552054,10.84642607,10.40640765,8.20656952,9.541834876,,,,,,,,,,
8.026450531,14.94591135,16.16178971,10.9755606,4.163826674,9.577944754,8.270962606,4.941634425,6.29662655,,,,,,,,,,
10.68315451,20.28357875,3.252012312,1.953524145,8.08780325,8.756773888,26.50818999,8.089869775,27.41981504,,,,,,,,,,
5.716160596,2.688874975,8.4621383,7.082766489,8.264033029,13.98814365,8.556391427,27.28379524,6.045387687,,,,,,,,,,
9.382130957,17.38055437,5.748156717,1.702722919,12.45672535,9.4820371,12.51264976,16.9494092,13.31075755,,,,,,,,,,
5.777990302,1.264476485,7.774013584,7.093608525,3.816416739,16.05702635,7.587316733,14.5706739,36.66933425,,,,,,,,,,
19.81041534,37.11146871,2.793675315,1.638017817,19.09673026,23.15998857,21.3811552,22.49671194,18.58592572,,,,,,,,,,
8.079346686,18.04407036,20.9343478,18.20533096,7.579142438,12.4352629,5.77609154,10.25455467,8.023800057,,,,,,,,,,
14.83781577,11.73405383,9.730826252,5.659595844,7.781441825,12.28632686,8.738989242,15.3089603,10.91438143,,,,,,,,,,
4.858682687,10.04632744,10.50461498,8.177768611,5.142190621,14.52170996,9.48185483,7.329472601,28.44306453,,,,,,,,,,
13.85987377,10.38184826,6.91394314,6.390183441,8.047639862,5.824363512,9.902571983,5.674077108,11.59421369,,,,,,,,,,
18.53792202,29.15759709,13.6970592,11.66529432,7.991765322,11.65468583,5.097142432,5.588267477,7.283837091,,,,,,,,,,
3.109626446,34.03139054,7.056137819,4.387815551,3.91355433,11.7705111,5.9799015,10.16965515,14.82480322,,,,,,,,,,
0.705007136,19.72979722,5.03055129,3.541306768,2.991500084,12.1012579,4.506166537,6.334045054,40.08796447,,,,,,,,,,
18.69160722,10.77049848,2.297203664,3.805430955,22.12452253,21.24037619,14.12361498,15.11282131,14.7411056,,,,,,,,,,
13.23310108,28.7107818,20.74126152,22.10887107,7.531091619,11.85345969,8.377376947,9.679390931,23.22383425,,,,,,,,,,
3.443126874,3.713297346,11.40552376,13.00441759,4.351361169,11.54301737,8.15899425,16.9971265,4.358471096,,,,,,,,,,
6.385307122,10.4993681,7.143281363,5.885581371,6.041638204,3.205868024,1.706551087,7.192650959,19.01739634,,,,,,,,,,
10.61008546,10.3720806,6.767124493,6.092843881,8.916063541,16.62085717,10.00135343,13.69571184,17.91000273,,,,,,,,,,
20.33751445,23.31495675,10.17066525,11.34388601,23.57039099,30.17364602,25.2854975,32.48788038,10.06459859,,,,,,,,,,
17.10894132,24.76075064,21.32056096,22.94449743,17.43293174,16.19421251,18.55352714,20.76488497,14.76887933,,,,,,,,,,
8.452121429,17.54683707,17.27980297,17.6753512,8.003717654,10.26557537,11.03939687,8.504226417,7.061359528,,,,,,,,,,
6.330065001,5.618046409,9.216779348,9.411022265,6.680638849,12.74347945,7.796535364,7.213443401,8.283822026,,,,,,,,,,
2.476507603,6.517185158,8.314125823,6.050166941,4.015016567,3.270192455,4.030816745,6.600399065,5.521121515,,,,,,,,,,
0.653164939,3.160009147,3.494623996,1.361695075,3.664967831,8.269520909,11.00373779,2.248294475,4.816095057,,,,,,,,,,
5.951538143,15.94788969,1.468620073,4.810597043,12.56686568,7.115022231,4.605729881,6.488034474,24.82079137,,,,,,,,,,
15.19395937,19.31669243,9.75301898,8.895531871,11.76852357,19.57353547,16.54900652,4.589402034,30.12890766,,,,,,,,,,
17.21727576,37.01760894,7.299639134,6.231624874,29.13739111,13.69015471,18.77090556,17.15597328,14.01576472,,,,,,,,,,
6.677752981,18.39086514,27.49403437,28.29983722,17.39325614,5.213659602,9.396407564,14.67030129,15.60486538,,,,,,,,,,
6.057287656,6.485847148,17.30679039,16.07207601,5.166141874,6.924762778,8.548847023,8.342256467,5.566206456,,,,,,,,,,
6.357033431,14.38375589,8.935922447,6.877591096,6.79889012,34.60625193,1.698437492,2.596052902,16.01829433,,,,,,,,,,
13.96847604,14.06330979,4.84693945,1.139440332,23.01671795,25.52399924,26.2828383,22.38821702,33.15270273,,,,,,,,,,
16.34991661,40.77317288,25.62911141,23.13870211,23.32914205,27.83551644,24.17747297,31.68945462,21.08956606,,,,,,,,,,
27.86062535,42.10823295,23.24176356,24.38789196,20.30005841,66.79430839,23.13778957,36.46464051,15.37788814,,,,,,,,,,
16.43472186,16.78138655,20.49756386,19.59780882,25.22997539,12.69800549,17.67104596,7.301337759,8.442064641,,,,,,,,,,
19.79917634,13.02791372,22.73887335,23.54486391,18.52284554,25.01861061,15.18600007,6.233915436,41.53363155,,,,,,,,,,
48.53440671,46.33862626,16.600526,12.68132564,56.67320729,58.36100935,44.81083352,50.94407897,15.57929554,,,,,,,,,,
20.57195369,19.36722249,57.68475119,56.35797825,14.34931525,5.109488475,18.24284881,6.640561231,7.992805889,,,,,,,,,,
11.37491462,14.02572073,18.00156765,15.20638106,7.634505867,7.01928462,0.566500635,2.473404097,33.46474791,,,,,,,,,,
28.82217365,41.5853094,8.022984325,6.684809779,36.43848054,36.87821197,30.56628138,26.72629279,25.75400633,,,,,,,,,,
33.03281887,27.92223051,36.7158891,39.95140561,37.19014765,44.81583225,33.37037808,23.3568076,9.023544802,,,,,,,,,,
11.61455516,20.88013925,32.59038741,41.18872962,12.88975407,8.403228682,4.234149604,5.247568722,9.853935363,,,,,,,,,,
5.63754375,7.802240029,6.590686723,14.23494191,5.452171676,11.63124453,10.80973339,8.703114907,18.9812662,,,,,,,,,,
8.723701792,5.437182197,3.287293297,3.652638865,6.317185234,8.385129537,5.500040376,16.28485391,18.57897899,,,,,,,,,,
10.03347602,3.360907475,4.252022205,6.972397841,9.280815342,11.02118609,13.88213827,15.52878617,3.102461579,,,,,,,,,,
11.40212211,13.82680096,9.327510898,11.00201796,13.38405904,18.63146361,22.66286417,3.503517156,7.589772046,,,,,,,,,,
36.76678559,22.45295095,12.05475459,14.16736454,44.29281294,40.17583631,41.47637639,7.916352778,7.769199892,,,,,,,,,,
17.80564553,7.860303863,39.02569828,43.83860173,19.62786298,20.21957313,23.28505056,5.429150779,15.55322971,,,,,,,,,,
27.09556139,14.14905613,19.70297933,17.24071462,28.12634746,24.97766366,25.88905796,19.61744085,13.97067699,,,,,,,,,,
7.320158801,8.173367351,27.35409506,21.43145491,14.13835776,12.64231565,14.5361147,13.12789385,14.81215773,,,,,,,,,,
6.107695104,9.712224802,12.27515488,11.34771765,5.860931102,6.711392051,10.13878769,15.70721428,7.436097434,,,,,,,,,,
6.731971531,6.805662139,8.418433694,8.782602063,4.878975143,5.293238285,10.11447103,4.896317578,12.56411103,,,,,,,,,,
10.91410649,23.748328,5.810815004,7.896727622,16.08501598,9.24715193,14.07699959,7.333130063,11.46219888,,,,,,,,,,
16.11442605,21.42664229,13.72827695,16.92247541,18.98794679,9.539672517,12.3463726,9.139566718,5.18343437,,,,,,,,,,
7.424305234,10.57775816,18.25723378,18.85824028,14.44229782,11.67894376,17.78978362,8.892457503,8.944078198,,,,,,,,,,
8.535686392,10.77454054,17.17377215,11.32161987,12.93603625,11.34268863,11.95895003,6.765043541,4.135641763,,,,,,,,,,
7.030666425,5.08084695,10.20929129,10.4809549,5.372341468,6.349464612,3.349472904,7.094400112,7.688284475,,,,,,,,,,
3.328121377,10.13529374,8.175283821,4.401181503,5.503328424,5.776621485,21.92609017,1.400673071,6.775243104,,,,,,,,,,
13.70168992,10.09176929,5.403447957,6.142409898,6.672418629,16.44964373,16.62443619,6.33696429,33.72317129,,,,,,,,,,
18.46498761,24.60760342,7.878776036,9.069339232,22.76892094,26.11362676,19.14450647,34.22741197,16.45383332,,,,,,,,,,
9.755284239,11.02577471,17.80601486,16.02527527,4.833792641,4.569437826,6.066356748,15.16164134,6.074121067,,,,,,,,,,
2.006401218,18.11768167,6.21372075,3.261256558,7.248094165,10.81368275,4.274437583,3.590901365,8.073667135,,,,,,,,,,
8.402918952,1.192943866,2.862081974,7.63577245,15.36617609,17.09150517,11.29883943,9.864439707,21.45737431,,,,,,,,,,
24.38016891,31.0138724,12.82783514,20.03720998,11.48132563,29.64641952,25.03448901,28.08547043,0.309946928,,,,,,,,,,
2.559573448,29.79396792,14.60378043,17.1439042,2.117891035,4.492794572,13.79438828,3.173535015,5.002394176,,,,,,,,,,
4.441548234,25.5291515,9.515856271,2.508710631,12.598019,5.069455692,9.53209766,8.764684594,18.00935533,,,,,,,,,,
16.47854639,45.44062913,21.38647976,18.20637859,14.02601359,15.51944545,16.85937417,11.55039349,19.80629307,,,,,,,,,,
13.65372991,36.07177607,21.30725739,18.31062565,17.37653963,19.03375501,15.06569484,13.61618461,16.15628628,,,,,,,,,,
10.81086205,26.64696767,19.47522472,14.59288032,6.128169036,6.633625753,4.212906797,4.27018986,31.5648101,,,,,,,,,,
45.71954981,49.38713169,7.490434478,4.585167057,22.16369179,19.11566293,23.12461387,33.31885174,4.014480471,,,,,,,,,,
15.24461598,15.02140529,16.39601733,20.79858576,6.95564541,15.34778556,3.835230338,8.632585741,6.626609089,,,,,,,,,,
3.381660898,11.76510162,7.130172137,10.32954899,11.05916767,6.132680347,5.588282761,8.970334371,22.67586741,,,,,,,,,,
4.239640157,18.30970716,8.222561729,9.557903634,9.673029609,6.339961656,10.21638914,15.33888234,13.80365803,,,,,,,,,,
9.949416297,30.21424627,15.36452911,7.838168483,2.721105257,3.53247746,4.57344481,11.48613355,11.52542915,,,,,,,,,,
9.101955107,21.4370922,5.733891522,5.452546222,13.78033399,12.31513274,10.09301657,9.265284109,19.6754187,,,,,,,,,,
13.65296478,12.46353676,14.54746116,10.887421,14.33650438,7.149343541,7.809317142,7.725398567,6.807955806,,,,,,,,,,
6.475314489,19.75254042,14.31746534,13.68814588,5.934960377,3.4837274,4.417511254,6.851177558,10.85356801,,,,,,,,,,
7.875489263,34.07242657,2.533285164,5.14345472,12.8694982,9.6369331,6.657095534,6.587760296,11.55953425,,,,,,,,,,
8.257002551,7.723154824,12.0111197,16.67328774,3.698182238,3.652716803,3.766926531,7.587236881,8.785549919,,,,,,,,,,
7.824427066,16.21397608,3.064898797,1.351436312,12.30082151,12.82190453,11.29897378,9.555527962,7.793294617,,,,,,,,,,
16.18715137,14.32664663,12.25594595,11.27019334,2.14100195,7.63335336,8.64926244,4.12009433,8.387169186,,,,,,,,,,
6.520934717,3.282269538,6.072873805,6.620254952,6.13814397,7.161064997,6.056173163,4.055421044,10.34629893,,,,,,,,,,
5.498052743,16.24576897,8.115202042,7.398009705,4.445833273,10.07509776,8.143973428,6.633343695,28.12363221,,,,,,,,,,
20.4593318,22.11855281,5.441921761,7.210637363,20.18619168,15.25358898,19.99203558,12.35607648,5.899414793,,,,,,,,,,
8.805082567,12.02532486,16.96085721,22.40883368,12.14401658,11.25053336,15.27580177,2.801855105,5.380060664,,,,,,,,,,
26.10386315,15.03994843,11.14985637,14.59842742,18.29018723,24.47847646,14.89829096,17.36727496,30.43949755,,,,,,,,,,
9.966755915,19.38996825,17.25016317,19.8965501,17.92924747,14.57854187,17.20215292,13.02568916,13.32185283,,,,,,,,,,
11.43260355,19.62665144,14.82934501,14.12433411,21.10440983,15.40604727,15.84871959,8.868240666,1.444942472,,,,,,,,,,
10.51876073,21.28797261,15.157167,16.46963652,10.96902391,8.177051285,8.835392295,2.76173259,10.73921385,,,,,,,,,,
7.25575508,8.691158024,9.16932033,10.36695975,8.761259703,10.41909033,8.780933959,5.38767188,13.16725395,,,,,,,,,,
9.985407726,19.40109174,8.692706323,10.35942721,3.828454193,3.527464418,2.381286632,5.265432556,17.04055525,,,,,,,,,,
11.16242395,10.94018166,3.337009141,3.7585577,9.088072959,8.14478457,12.0269541,6.805082225,5.350301951,,,,,,,,,,
7.514761684,9.165087561,10.52381802,8.866125374,3.462951879,5.02691932,4.362547726,6.670684965,6.43198494,,,,,,,,,,
6.894011664,20.61004563,6.142473507,5.709567332,6.05474293,12.71418545,8.272859151,9.195225201,7.623102572,,,,,,,,,,
8.092103024,13.82713196,5.461415558,5.137966343,5.083193543,6.246581064,8.057674174,11.50679771,8.140452393,,,,,,,,,,
8.952503386,3.078597635,5.257472356,5.085153818,7.145392171,10.81192836,4.912139162,3.16366693,7.470524467,,,,,,,,,,
7.335814526,4.407166975,5.851695724,6.659756382,1.184262554,7.951013864,5.009111989,2.68586537,23.90637187,,,,,,,,,,
0.997806469,12.2512656,2.147604845,2.281863421,5.499819769,7.897453183,8.850656667,11.7392602,10.85495167,,,,,,,,,,
10.37827557,17.55587404,6.668849982,8.729671219,9.012774292,17.66740047,13.84288667,8.774800539,6.728493773,,,,,,,,,,
8.722950856,4.372202324,6.378843428,3.939824349,7.117927944,12.13996894,11.48056945,9.776193895,5.436338941,,,,,,,,,,
1.646276781,1.520188331,7.592432797,6.841301756,3.373368668,9.013772801,2.342433251,13.04051049,5.718062765,,,,,,,,,,
5.600597376,4.280554873,4.039112085,4.136699364,9.138896177,7.763326603,3.026993918,6.520063401,5.853919959,,,,,,,,,,
9.174335727,2.671996333,3.120028644,6.602752173,12.4121441,1.508187833,5.922296504,3.768334519,2.399147273,,,,,,,,,,
7.657021814,12.21141368,10.56895313,11.6894658,8.726511259,9.009403156,9.526423208,6.936806649,13.26186255,,,,,,,,,,
7.11231292,15.77233305,7.651130701,9.010964364,11.65825761,10.35021359,9.786818836,6.681730423,18.76451696,,,,,,,,,,
10.7545752,8.738750562,11.85539395,9.722462924,10.80561082,12.38903796,12.15544055,5.916587678,17.4665588,,,,,,,,,,
13.82662702,5.798517873,9.118340249,9.465371685,15.94848218,18.94984301,20.54633361,4.694829321,10.50481407,,,,,,,,,,
9.917892549,27.94807793,14.40264289,14.48594508,8.739898292,14.95987254,15.64735058,7.254052059,8.054003955,,,,,,,,,,
11.74156089,31.22402415,12.1445038,5.78748703,13.87611878,14.56089436,16.94209256,10.46693953,10.69354498,,,,,,,,,,
14.98554274,24.11251449,13.00862775,11.47475394,17.29118231,24.56652527,19.1478909,19.67968332,16.88142867,,,,,,,,,,
31.2652846,26.70448284,19.65892744,14.13139344,23.92056662,46.52991555,31.81934336,19.70560844,28.10266753,,,,,,,,,,
11.06523264,13.7795761,30.6850483,18.73592638,5.665594875,5.555559839,7.006282546,20.73618989,15.51034542,,,,,,,,,,
10.54014964,9.978219567,8.375660927,9.940240503,5.749379913,2.562754928,6.90862231,5.371333683,9.175564932,,,,,,,,,,
8.696219449,3.119508092,7.052477067,6.6208604,4.027011836,5.015982594,3.724776224,3.666712046,15.8043155,,,,,,,,,,
7.039499504,11.12618513,6.477458731,4.244163034,9.756699817,8.890731724,3.45395036,10.5264436,9.310011471,,,,,,,,,,
3.340886976,3.772296369,7.296546928,9.3374743,7.226346376,9.330405255,10.81226846,9.793268081,15.7500022,,,,,,,,,,
9.753684004,15.76750933,7.612087968,8.629742447,9.548399899,1.612074406,5.362849305,0.79463635,16.70062021,,,,,,,,,,
0.651258606,1.60543337,9.035141963,8.917014811,3.763130795,3.384619864,2.424782624,1.266602595,3.723113237,,,,,,,,,,
1.081941253,4.616488544,5.899472939,5.54957828,4.738023339,3.16745421,7.00602442,0.906250341,17.77404906,,,,,,,,,,
7.216671651,7.731544438,4.443968127,3.290779481,5.297909178,4.561756644,1.62833207,5.84371696,15.42579121,,,,,,,,,,
5.612272662,5.856049124,5.371779552,4.345615432,10.33245837,4.493847345,4.071490478,5.941144738,11.00636827,,,,,,,,,,
1.849165304,3.866200156,3.17527417,5.418148732,3.990627129,10.16059589,3.484050033,2.536145927,11.35467029,,,,,,,,,,
0.67473634,12.54539965,6.532472032,8.927473396,6.647307141,8.031611435,4.418427528,10.74792097,22.5856757,,,,,,,,,,
4.883325858,4.515982804,3.30385201,8.861462769,9.071525493,13.96810028,9.249922699,15.06461076,15.99287975,,,,,,,,,,
11.62758435,8.848769893,8.85157145,7.446199638,9.800836918,20.07008876,16.23795995,8.326201805,12.64673772,,,,,,,,,,
4.722176288,11.81748536,2.675390983,3.469259934,9.251299738,9.621843895,12.47833005,6.201217741,3.62248473,,,,,,,,,,
4.756159908,11.1804246,12.247649,9.712306793,3.553874717,7.3867968,11.23992496,3.643459373,8.606229208,,,,,,,,,,
4.070874607,10.12643646,5.900847739,7.246269608,5.517881593,7.223031593,5.878705991,5.22670618,8.178328196,,,,,,,,,,
0.961361958,2.93047049,5.517113121,7.604234025,5.022780732,7.932584473,3.397801142,3.992562343,4.269009438,,,,,,,,,,
8.550750674,4.916251299,1.291287214,4.687218421,5.071645259,13.67799037,10.67742927,8.697525824,3.785836626,,,,,,,,,,
7.54292085,14.24744215,6.201382946,5.51376943,9.16342774,2.192937454,4.826301191,2.880434916,3.11020593,,,,,,,,,,
1.330944654,8.766884894,8.572411363,5.928999758,0.322465791,10.06990986,2.710537663,2.627529488,3.805835574,,,,,,,,,,
19.86135253,15.87974042,0.908750244,2.150397504,16.36670091,20.30652284,22.98252453,10.46495579,10.4247723,,,,,,,,,,
22.15123042,5.527578294,14.2991002,17.40475325,10.85185377,29.04993904,21.12261954,11.04935279,11.34104333,,,,,,,,,,
16.25032865,35.40232843,13.9059664,7.679115897,15.32777984,11.51514046,10.22452332,16.96725363,8.621908619,,,,,,,,,,
14.14237194,147.9079925,11.98802422,10.84112473,9.99530708,9.837552102,10.74703148,9.424350359,,,,,,,,,,,
,,10.23242163,9.315846303,,,,,,,,,,,,,,,
