Residual,AminoAcid1,x1,y1,d1,,Residual,AminoAcid2,x2,y2,d2,,vectorx,vectory,magnitude,
2,LEU,-74.84690129,122.0216494,22.29831398,,2,LEU,-86.91995241,121.6632921,21.38499951,,-12.07305112,-0.358357371,12.0783684,
3,SER,-79.91246599,161.8601226,25.22843352,,3,SER,-76.22100552,171.1348228,24.48876063,,3.691460475,9.274700143,9.98233155,
4,PRO,-52.06626564,-45.84278253,28.54796422,,4,PRO,-59.69964151,-40.65026383,27.81524722,H,-7.633375872,5.192518701,9.232046234,
5,ALA,-57.3812999,-47.81555551,27.40817048,,5,ALA,-67.45816435,-37.63161165,26.74881929,H,-10.07686445,10.18394386,14.32675502,
6,ASP,-56.88985288,-45.05191475,23.6442035,,6,ASP,-62.51029066,-42.49559027,23.03637225,H,-5.620437773,2.556324482,6.174472902,
7,LYS,-61.50073002,-39.69069745,26.88019302,,7,LYS,-65.10809052,-36.11337062,25.82306424,H,-3.607360497,3.57732683,5.080385517,
8,THR,-60.93274369,-42.56816885,29.4469657,,8,THR,-63.90706725,-46.39864274,28.74171959,H,-2.974323561,-3.830473886,4.849652651,
9,ASN,-65.28014096,-40.58090031,26.51221556,,9,ASN,-62.69887633,-44.07377879,25.96172981,H,2.581264635,-3.492878472,4.343170172,
10,VAL,-72.67965414,-40.09164769,24.91624454,,10,VAL,-62.00050225,-45.51053278,24.24879137,H,10.67915189,-5.418885089,11.97533301,
11,LYS,-64.35439565,-40.84992788,29.11336841,,11,LYS,-63.75906103,-40.97618133,28.5911604,H,0.595334627,-0.126253443,0.60857477,
12,ALA,-65.60945798,-44.27532956,29.74069644,,12,ALA,-63.43989796,-47.45581211,29.16748274,H,2.169560016,-3.180482551,3.849994795,
13,ALA,-73.60856345,-42.98941297,27.30306445,,13,ALA,-64.16245095,-48.19787953,26.84146707,H,9.446112495,-5.208466554,10.78689784,
14,TRP,-61.45127017,-32.57237094,26.12587777,,14,TRP,-64.49144627,-34.75373484,25.62848801,H,-3.040176102,-2.1813639,3.74179358,
15,GLY,-54.0956683,-57.70965585,30.91725739,,15,GLY,-61.97578108,-38.50808472,30.54489024,H,-7.88011278,19.20157113,20.75563806,
16,LYS,-69.46251307,-26.23558774,31.79799899,,16,LYS,-70.23901987,-35.2621255,31.61399113,H,-0.776506802,-9.026537758,9.059875645,
17,VAL,-57.34359078,-47.11495868,29.05947962,,17,VAL,-56.08511085,-50.25851676,28.60016807,H,1.258479929,-3.143558077,3.386108256,
18,GLY,51.65075658,-116.0930348,31.34023954,,18,GLY,56.33956977,-124.0208231,30.77549424,H,4.688813188,-7.927788314,9.210580691,
19,ALA,-74.10304429,-0.032970802,33.15481599,,19,ALA,-73.60010774,-9.784802987,32.51976766,H,0.502936556,-9.751832185,9.764792683,
20,HIS,-107.5722986,-0.150037407,31.34464469,,20,HIS,-87.4135384,1.249463807,31.05110674,H,20.15876021,1.399501214,20.20728128,
21,ALA,-39.75808884,-53.9894487,27.53955483,,21,ALA,-51.58163711,-49.16185565,27.14861463,H,-11.82354827,4.827593047,12.77113732,
22,GLY,-60.14750511,-41.008573,27.7288052,,22,GLY,-57.95090278,-43.46774857,27.24435085,H,2.196602333,-2.459175575,3.29736354,
23,GLU,-71.61941212,-36.15943417,29.26312507,,23,GLU,-60.14776251,-42.53494443,28.56359442,H,11.47164961,-6.375510259,13.12424763,
24,TYR,-72.29228913,-46.07550698,26.61519188,,24,TYR,-69.14067126,-34.65975738,26.11760271,H,3.151617864,11.4157496,11.84280516,
25,GLY,-59.38466363,-46.68601895,23.24664962,,25,GLY,-61.80719184,-46.97372661,22.78232767,H,-2.422528212,-0.287707655,2.439552958,
26,ALA,-55.79344195,-45.88933651,24.54058168,,26,ALA,-66.65177356,-37.14190311,23.90606181,H,-10.85833161,8.7474334,13.94349154,
27,GLU,-63.01818534,-43.48582074,23.98699049,,27,GLU,-63.08364371,-43.53445542,23.58844015,H,-0.065458363,-0.048634684,0.081548328,
28,ALA,-66.12474107,-36.99760355,19.87058558,,28,ALA,-63.15668963,-41.40901915,19.53188344,H,2.968051442,-4.4114156,5.316946206,
29,LEU,-67.31282072,-47.69521189,20.12632829,,29,LEU,-63.86782511,-42.46144655,19.6943896,H,3.444995603,5.233765337,6.265803565,
30,GLU,-57.09846129,-43.46096835,23.07051608,,30,GLU,-59.72043469,-41.77594813,22.74193122,H,-2.621973403,1.68502022,3.116735097,
31,ARG,-59.78974195,-44.89815313,20.34735337,,31,ARG,-60.3244303,-44.395105,20.1713786,H,-0.534688349,0.503048132,0.734131496,
32,MET,-59.04621573,-58.84054097,15.73320157,,32,MET,-62.35057801,-49.9718627,15.34393478,H,-3.304362277,8.868678268,9.464262479,
33,PHE,-55.50816013,-39.8590577,18.99160744,,33,PHE,-58.80458969,-41.64037964,18.62435902,H,-3.296429554,-1.781321943,3.746939507,
34,LEU,-78.89023811,-46.83085361,20.14972925,,34,LEU,-77.55963961,-38.66190288,20.03639575,H,1.330598502,8.168950726,8.276608505,
35,SER,-79.12864007,-16.44509891,16.09577659,,35,SER,-77.13458483,-36.44813285,15.95563489,H,1.99405524,-20.00303394,20.10217956,
36,PHE,-145.5870025,79.93840804,12.96120261,,36,PHE,-128.9584323,84.22306916,12.76920613,,16.62857018,4.284661119,17.17171124,
37,PRO,-59.64584971,-13.16805952,16.40460489,,37,PRO,-57.009227,-25.25604588,16.11660674,H,2.636622711,-12.08798636,12.37219437,
38,THR,-69.96247872,-30.0681602,13.71835513,,38,THR,-66.81960408,-21.23397678,13.51978089,H,3.142874635,8.834183424,9.376590944,
39,THR,-61.39272673,-24.27100848,14.8456892,,39,THR,-67.73945732,-15.44213908,14.55731085,H,-6.346730587,8.828869402,10.87335845,
40,LYS,-64.69925981,-14.85400004,19.16521576,,40,LYS,-72.18263246,-15.11804885,18.93424215,H,-7.483372646,-0.264048808,7.488029643,
41,THR,-63.33971165,-20.74254594,17.60745943,,41,THR,-63.65404293,-20.35725815,17.42679855,H,-0.314331275,0.385287786,0.497243229,
42,TYR,-92.15620188,-17.45015538,16.63573541,,42,HIS,-87.4894689,-4.732624829,16.90922726,H,4.66673298,12.71753055,13.54673318,
43,PHE,-120.1134682,49.37977968,20.74551038,,43,PHE,-129.8834666,55.77023849,20.54498033,,-9.769998425,6.390458814,11.6743665,
44,PRO,-68.86692959,-26.3706154,23.84487331,,44,PRO,-73.01073976,-19.39887819,23.88167205,,-4.143810172,6.971737202,8.110257848,
45,HIS,-80.00649756,-18.60238531,25.88895844,,45,HIS,-86.07788695,-0.835365654,25.70197039,,-6.071389387,17.76701966,18.77574916,
46,PHE,-87.10013983,152.7198657,25.46697278,,46,PHE,-103.76002,148.2604977,25.24660237,,-16.6598802,-4.459367969,17.24637849,
47,ASP,-86.3233476,115.7868083,28.78177576,,47,ASP,-84.78311195,116.9979594,28.52973451,,1.540235644,1.211151043,1.959390897,
48,LEU,-109.605888,13.95453483,24.67246531,,48,LEU,-102.916236,12.57092722,24.18634444,,6.689651989,-1.383607614,6.831238084,
49,SER,-62.21579241,147.8059759,28.66017043,,49,SER,-65.96135539,161.2902629,28.05215744,,-3.745562981,13.48428702,13.99482899,
50,HIS,-57.6982981,128.3163691,29.41158284,,50,HIS,-59.16938595,131.5943299,28.9001951,,-1.471087856,3.277960793,3.59292728,
51,GLY,91.09921112,-7.218274817,30.73047191,,51,GLY,84.83639546,3.853288422,30.11531465,,-6.262815666,11.07156324,12.72015616,
52,SER,-49.17633224,123.0504051,29.44571222,,52,SER,-56.32246673,137.7813166,28.92445623,,-7.146134492,14.73091144,16.37275145,
53,ALA,-54.88220981,-30.00489982,31.34286257,,53,ALA,-69.45362146,-25.43547443,30.56261189,H,-14.57141165,4.569425391,15.2710735,
54,GLN,-70.57446092,-46.91824661,28.8087767,,54,GLN,-67.71484777,-45.2705601,28.24454555,H,2.859613144,1.647686515,3.300342131,
55,VAL,-59.64758856,-48.78579656,26.06034971,,55,VAL,-66.54374641,-38.65823096,25.20524461,H,-6.896157845,10.12756559,12.25253353,
56,LYS,-58.50771116,-47.06208885,29.91309853,,56,LYS,-65.37300391,-40.60028749,28.91139622,H,-6.865292749,6.461801357,9.427996675,
57,GLY,-52.4982642,-46.77636535,28.51238006,,57,GLY,-67.94436468,-41.63837156,27.68643123,H,-15.44610048,5.137993789,16.27823701,
58,HIS,-76.81752737,-36.59894754,24.00634399,,58,HIS,-71.4838695,-37.19254641,23.18404495,H,5.333657867,-0.59359888,5.366587918,
59,GLY,-60.40712973,-36.45649358,25.00368553,,59,GLY,-59.60042773,-36.72851724,24.4412776,H,0.806702007,-0.27202366,0.85133131,
60,LYS,-63.01175551,-47.49901912,29.14490285,,60,LYS,-64.1380116,-42.84142101,28.46781579,H,-1.126256087,4.657598117,4.791833991,
61,LYS,-64.66072976,-39.52219317,26.61019777,,61,LYS,-62.50419944,-46.68227527,25.81627088,H,2.156530321,-7.160082097,7.477793703,
62,VAL,-65.77705254,-41.4990768,22.5251006,,62,VAL,-58.74670807,-46.08088683,21.77472449,H,7.030344471,-4.581810021,8.391586646,
63,ALA,-54.5177244,-52.19564331,25.02621987,,63,ALA,-63.72047192,-43.56465591,24.38592145,H,-9.202747525,8.630987394,12.61683421,
64,ASP,-53.89744446,-44.61263217,27.89424354,,64,ASP,-60.06376184,-37.90767392,27.27767295,H,-6.16631738,6.704958249,9.109332311,
65,ALA,-62.0186193,-44.14876388,24.22100232,,65,ALA,-65.10605079,-41.1898077,23.65792032,H,-3.087431491,2.95895618,4.276406773,
66,LEU,-64.83281855,-46.65505916,22.5290644,,66,LEU,-67.27285814,-39.54461199,21.99186424,H,-2.440039592,7.110447171,7.517463148,
67,THR,-53.93792816,-43.71057097,27.32180765,,67,THR,-59.43197436,-45.6311989,26.79128864,H,-5.4940462,-1.92062793,5.820082069,
68,ASN,-70.48728301,-34.3106463,27.21135887,,68,ASN,-58.45843059,-43.24810665,26.69841987,H,12.02885242,-8.937460343,14.98570946,
69,ALA,-69.34524478,-33.28022628,24.54971921,,69,ALA,-65.0012485,-40.97126731,23.95744048,H,4.343996285,-7.691041034,8.833029827,
70,VAL,-65.26521567,-44.03402446,26.3824126,,70,VAL,-64.15375015,-41.15654963,25.73392248,H,1.111465512,2.877474833,3.084674537,
71,ALA,-59.44556008,-30.12091229,29.46605561,,71,ALA,-67.32057321,-23.14902163,28.73869891,H,-7.875013134,6.971890655,10.51775124,
72,HIS,-128.1138628,40.26173179,28.91340088,,72,HIS,-126.3228305,38.68854294,28.0730113,,1.791032214,-1.573188846,2.383845535,
73,VAL,-47.62587396,-32.40248778,26.07987567,,73,VAL,-56.44808581,-24.32255987,25.08863165,H,-8.822211848,8.079927914,11.96313742,
74,ASP,-81.2410514,-5.822207776,28.43867201,,74,ASP,-89.94043214,2.375317361,27.51615556,H,-8.69938074,8.197525137,11.9531855,
75,ASP,-137.8953589,45.35379613,27.74297848,,75,ASP,-147.1761746,45.03673725,27.00906126,H,-9.280815671,-0.317058884,9.286229905,
76,MET,-59.93207652,-35.6872755,22.72126243,,76,MET,-62.15027573,-42.22983344,21.98612044,H,-2.218199218,-6.542557939,6.90836248,
77,PRO,-56.73420038,-41.22937483,23.44907846,,77,PRO,-54.0012716,-43.53455083,22.6802434,H,2.732928787,-2.305175994,3.575295249,
78,ASN,-84.1062944,-47.46408227,27.12804554,,78,ASN,-73.23068325,-39.80547704,27.04240243,H,10.87561115,7.658605226,13.30162215,
79,ALA,-57.4553703,-30.16287774,26.41506073,,79,ALA,-59.45716281,-38.68777967,25.58375554,H,-2.001792513,-8.524901928,8.756776013,
80,LEU,-110.296453,-0.923459412,22.7895589,,80,LEU,-96.77119797,9.360106785,22.06064486,,13.52525504,10.2835662,16.99071092,
81,SER,-42.43050831,-33.27016114,24.7601326,,81,SER,-56.55001381,-42.48545105,24.09872639,H,-14.1195055,-9.215289908,16.86066439,
82,ALA,-72.07720157,-39.07133386,25.07507544,,82,ALA,-66.86368587,-33.84094015,24.69390949,H,5.213515702,5.230393707,7.384968809,
83,LEU,-77.78774661,-32.16752666,22.19302615,,83,LEU,-74.12751935,-33.64225292,21.77610813,H,3.660227259,-1.47472626,3.946147631,
84,SER,-60.06781559,-40.22856691,20.35882878,,84,SER,-62.87272389,-40.63105952,19.90111456,H,-2.804908299,-0.402492603,2.833639155,
85,ASP,-60.17568347,-41.97231228,23.32370545,,85,ASP,-63.20770669,-47.37537339,23.10548505,H,-3.032023223,-5.403061109,6.195662529,
86,LEU,-56.56407684,-65.33729281,22.46214392,,86,LEU,-58.84126005,-44.63320256,22.21043896,H,-2.277183213,20.70409026,20.82894421,
87,HIS,-55.72017061,-38.5502342,18.47132933,,87,HIS,-71.79001508,-41.17052771,18.1611783,H,-16.06984446,-2.620293511,16.28207109,
88,ALA,-78.60543607,-43.13868609,18.98002556,,88,ALA,-67.33759742,-40.69065565,18.62619563,H,11.26783865,2.448030437,11.53069993,
89,HIS,-115.3441062,-18.40782795,22.179572,,89,HIS,-108.3642789,-13.37631635,21.90382095,H,6.979827278,5.031511601,8.604306934,
90,LYS,-101.0638909,-57.21379783,23.87155633,,90,LYS,-121.1430401,-62.99698012,22.90885353,,-20.07914921,-5.783182295,20.89539257,
91,LEU,-74.55005943,-52.36495752,20.03392589,,91,LEU,-68.39211272,-41.73266438,19.72752074,,6.157946703,10.63229314,12.28682079,
92,ARG,57.74020498,56.24211938,19.22521266,,92,ARG,52.44955587,47.13887231,18.94606063,,-5.290649111,-9.10324707,10.52901112,
93,VAL,-83.19018568,125.4157165,14.10185003,,93,VAL,-69.79178819,129.4739524,13.92554319,,13.39839749,4.058235958,13.99951193,
94,ASP,-69.62132289,139.2890248,9.923327186,,94,ASP,-56.75751069,139.3041292,9.768142003,,12.8638122,0.015104334,12.86382106,
95,PRO,-51.41832955,-32.34809131,8.776154687,,95,PRO,-54.33793775,-30.2241867,8.78011637,H,-2.919608208,2.123904612,3.610413119,
96,VAL,-59.69848007,-30.09372748,6.226826683,,96,VAL,-57.93565936,-26.97541716,6.104841889,H,1.762820707,3.118310316,3.582093811,
97,ASN,-71.61611954,-7.123534283,10.0172315,,97,ASN,-71.44924223,-25.4422045,9.827989048,H,0.166877302,-18.31867022,18.3194303,
98,PHE,-79.56542723,-33.58615639,11.55652083,,98,PHE,-63.44880234,-34.24365726,11.30689287,H,16.11662488,-0.657500865,16.13003115,
99,LYS,-65.17607915,-41.25238981,8.03786489,,99,LYS,-67.65234627,-35.20879698,6.822235782,H,-2.476267123,6.043592834,6.531226011,
100,LEU,-70.24896822,-43.58055729,10.12681082,,100,LEU,-67.90690933,-44.66725799,9.86286525,H,2.34205889,-1.086700698,2.581890441,
101,LEU,-68.46478461,-40.00833943,14.56421335,,101,LEU,-66.20727399,-38.87207295,14.25433944,H,2.25751062,1.136266485,2.527341631,
102,SER,-54.93451082,-44.83102996,13.37967096,,102,SER,-60.35380199,-45.67172708,13.0355625,H,-5.41929117,-0.840697113,5.484112364,
103,HIS,-59.47925723,-48.37956832,13.50815023,,103,HIS,-59.10428877,-45.00574,13.31380088,H,0.37496846,3.373828321,3.394601432,
104,CYS,-66.77787568,-28.38151713,16.14655594,,104,CYS,-64.69543714,-32.49016556,15.80458887,H,2.082438539,-4.108648423,4.606250333,
105,LEU,-75.18422211,-42.5242239,18.41521283,,105,LEU,-63.71157934,-45.13640991,17.83017825,H,11.47264276,-2.61218601,11.76626737,
106,LEU,-60.08733459,-53.62602275,17.73318947,,106,LEU,-58.94990281,-41.93971205,17.30825971,H,1.13743178,11.6863107,11.7415335,
107,VAL,-52.52080928,-46.46572218,19.35347505,,107,VAL,-64.42437684,-38.42515648,19.09324528,H,-11.90356756,8.040565704,14.36473521,
108,THR,-63.83748906,-39.13728033,22.14914489,,108,THR,-64.8362536,-44.81221144,21.69595473,H,-0.998764537,-5.674931111,5.762150095,
109,LEU,-69.12073955,-40.37603362,23.12616466,,109,LEU,-62.71238199,-45.40577783,22.54790788,H,6.408357561,-5.029744202,8.146494545,
110,ALA,-61.16019685,-41.18773889,23.69735351,,110,ALA,-56.50424272,-41.55702434,23.39880689,H,4.655954138,-0.369285457,4.670576055,
111,ALA,-72.72096865,-20.17518199,25.83526421,,111,ALA,-72.31159686,-14.59911996,25.51749898,H,0.40937179,5.576062031,5.591069042,
112,HIS,-118.919156,-10.75007533,27.79904747,,112,HIS,-115.5453967,-4.055083107,27.33804604,H,3.373759325,6.694992227,7.497010931,
113,LEU,-135.6352145,64.62219597,27.69551067,,113,LEU,-122.9239359,67.76148701,27.1147577,,12.71127856,3.139291034,13.09319483,
114,PRO,-71.384697,-29.0861065,29.18425816,,114,PRO,-56.24708776,-43.73478783,29.71955423,,15.13760923,-14.64868133,21.0649253,
115,ALA,-69.61455605,-39.22319185,30.87047748,,115,ALA,-78.51293872,-46.04845208,30.58147614,,-8.898382666,-6.82526023,11.21451699,
116,GLU,-96.17446052,-24.34694173,29.41334222,,116,GLU,-68.7762837,-35.34560574,28.83844705,,27.39817681,-10.99866401,29.52339247,
117,PHE,-70.63096233,65.9509854,23.66283816,,117,PHE,-75.54355105,65.30463382,23.36826974,,-4.912588721,-0.646351576,4.95492667,
118,THR,-79.006543,164.5521397,26.10187911,,118,THR,-76.92078791,170.0361972,25.81721142,,2.085755092,5.484057514,5.867304417,
119,PRO,-62.87876086,-40.56094814,24.03482837,,119,PRO,-53.57039536,-42.87838459,23.75405178,H,9.308365504,-2.317436449,9.592506453,
120,ALA,-70.58371037,-37.88241117,24.12067258,,120,ALA,-67.23392354,-37.29799914,23.71702555,H,3.349786821,0.584412034,3.40038368,
121,VAL,-66.10922507,-47.66273023,23.98367367,,121,VAL,-70.72186055,-39.49275029,23.5799632,H,-4.612635476,8.169979938,9.382162769,
122,HIS,-60.2613912,-47.99005405,19.46537349,,122,HIS,-57.67693793,-48.66980477,19.13957925,H,2.584453271,-0.679750721,2.672350979,
123,ALA,-56.19536917,-41.66682076,19.36850226,,123,ALA,-58.57308519,-42.40137342,18.95752546,H,-2.377716018,-0.734552658,2.488594195,
124,SER,-64.71327485,-56.48722878,21.08016478,,124,SER,-69.14801148,-42.6276528,20.54229692,H,-4.434736633,13.85957599,14.55179493,
125,LEU,-61.10975651,-31.06553713,19.99079697,,125,LEU,-64.04627711,-38.09978041,19.49774936,H,-2.936520595,-7.03424328,7.622580385,
126,ASP,-70.13668598,-50.59637016,14.89912727,,126,ASP,-60.90734525,-44.1198766,14.4226417,H,9.229340729,6.476493562,11.27500329,
127,LYS,-59.39576523,-39.77356651,17.52371848,,127,LYS,-62.38508544,-42.91574055,16.94883446,H,-2.989320214,-3.14217404,4.336968185,
128,PHE,-62.54875888,-52.64715787,19.48728153,,128,PHE,-64.10566355,-47.11529824,18.91319428,H,-1.556904666,5.531859626,5.746775014,
129,LEU,-60.79651997,-35.60282257,15.80809588,,129,LEU,-66.64640821,-33.99848032,15.49383771,H,-5.849888235,1.604342249,6.065897,
130,ALA,-60.94310008,-46.67363341,13.51224046,,130,ALA,-65.89223826,-40.06362255,12.86039815,H,-4.949138182,6.610010862,8.257494314,
131,SER,-72.35752615,-36.428821,16.64384458,,131,SER,-64.39127485,-44.19589527,15.79701613,H,7.966251293,-7.767074267,11.12603264,
132,VAL,-59.91603713,-43.77095729,17.15239759,,132,VAL,-57.95999747,-46.76181452,16.49085326,H,1.95603966,-2.990857229,3.573698101,
133,SER,-63.36179219,-36.26430426,13.3806174,,133,SER,-55.36480008,-48.50215273,12.81013581,H,7.996992103,-12.23784847,14.61905667,
134,THR,-63.3694109,-43.1511335,14.23597482,,134,THR,-55.03400526,-47.12539626,13.44799816,H,8.335405639,-3.974262761,9.234378791,
135,VAL,-65.42280289,-50.02752437,17.98689258,,135,VAL,-58.91946482,-46.57739025,17.25754443,H,6.503338072,3.450134124,7.361849737,
136,LEU,-61.4511936,-19.12709547,16.83841617,,136,LEU,-62.50877363,-22.81387335,16.33408555,H,-1.057580028,-3.686777879,3.835466939,
137,THR,-115.7078021,9.82076592,13.73874453,,137,THR,-106.1500143,4.828594377,13.33181903,H,9.557787876,-4.992171543,10.78299985,
138,SER,-67.3707354,-31.68110485,17.27028456,,138,SER,-63.00072468,-24.06034586,16.8837585,,4.370010726,7.62075899,8.784814245,
139,LYS,-98.09582063,30.61780199,20.27698766,,139,LYS,-105.315561,12.25712389,19.80126679,,-7.219740324,-18.3606781,19.7291447,
140,TYR,-78.13250352,-37.74682638,15.48767591,,140,TYR,-62.32189631,-33.47159927,15.0199378,,15.81060721,4.275227103,16.37842688,
145,HIS,-100.1848223,84.29668247,22.76280596,,-,,,,,,,,,
146,LEU,-94.41966756,160.6659192,23.37494415,,3,LEU,-72.99710299,139.512442,23.09978735,,21.42256457,-21.15347718,30.10640911,
147,THR,-97.93904103,154.8567073,26.38467431,,4,THR,-76.55229812,178.2397633,25.79191769,,21.38674291,23.38305601,31.68848498,
148,PRO,-70.19073962,-23.02093638,29.70263301,,5,PRO,-70.96230289,-39.89446743,29.22188915,H,-0.771563275,-16.87353105,16.89116218,
149,GLU,-85.07708763,-20.58720389,30.91826618,,6,GLU,-62.61581066,-43.90114847,28.65639725,H,22.46127696,-23.31394458,32.37358452,
150,GLU,-76.32111924,-51.00755643,24.65344332,,7,GLU,-63.45113929,-47.29801847,24.04974855,H,12.86997995,3.709537964,13.39391861,
151,LYS,-58.57839982,-38.93924205,27.662931,,8,LYS,-59.46220958,-46.07514445,27.05434825,H,-0.883809768,-7.135902396,7.190425767,
152,SER,-68.93520272,-43.68195237,30.33016741,,9,SER,-58.87847687,-42.50850175,29.92903717,H,10.05672585,1.173450624,10.12495537,
153,ALA,-63.98368656,-37.14122041,28.10173676,,10,ALA,-57.97477785,-44.83329208,27.30790446,H,6.008908708,-7.692071665,9.76088881,
154,VAL,-65.99479159,-40.99991499,25.93002623,,11,VAL,-62.41944253,-49.31152278,25.66018033,H,3.575349058,-8.311607785,9.047980153,
155,THR,-62.83112888,-45.91982127,29.75668268,,12,THR,-62.19247862,-39.50780699,29.71416031,H,0.638650267,6.412014281,6.44374125,
156,ALA,-67.29790718,-41.2812619,31.30894384,,13,ALA,-67.36329293,-43.91813294,30.80909965,H,-0.065385746,-2.636871037,2.637681589,
157,LEU,-73.31896357,-48.27428492,28.54533337,,14,LEU,-68.30135689,-39.55781124,27.97404722,H,5.017606678,8.71647368,10.0574992,
158,TRP,-53.84592852,-20.97811726,27.37018069,,15,TRP,-63.27090887,-25.2222668,27.25766399,H,-9.424980358,-4.244149536,10.33649167,
159,GLY,-57.7515568,-45.23492844,32.37210862,,16,GLY,-62.97857335,-25.23256483,32.32997005,H,-5.227016542,20.00236361,20.67404779,
160,LYS,-85.40010248,0.59992437,32.69652132,,17,LYS,-91.10226645,-6.631522898,32.12253954,H,-5.702163973,-7.231447268,9.209153249,
161,VAL,-78.94507451,136.7855116,29.74165696,,18,VAL,-83.97003869,125.5194323,29.28270926,,-5.024964184,-11.26607931,12.33591537,
162,ASN,-93.34029975,99.06116026,31.80109487,,19,ASN,-86.05505575,100.0676254,31.46122138,,7.285243999,1.006465158,7.354437588,
163,VAL,-55.13386263,-34.95525112,29.60139713,,20,VAL,-58.07629108,-44.97445761,28.79769713,H,-2.94242845,-10.01920649,10.44233613,
164,ASP,-62.20860656,-45.39518029,31.94978607,,21,ASP,-59.37468456,-50.92417576,31.02592932,H,2.833922008,-5.528995468,6.212962645,
165,GLU,-88.70955055,-40.84021768,30.78606387,,22,GLU,-66.15500144,-44.72850794,30.85157668,H,22.55454912,-3.888290261,22.88725599,
166,VAL,-62.74095183,-32.6713317,26.38272322,,23,VAL,-65.84688707,-36.90490695,25.94194276,H,-3.10593524,-4.233575245,5.250713577,
167,GLY,-70.17733114,-40.96283597,25.43813816,,24,GLY,-61.5244674,-48.40762492,24.97506862,H,8.652863739,-7.444788945,11.41476821,
168,GLY,-62.44185952,-38.81525079,26.05375897,,25,GLY,-61.43156945,-37.48969634,25.82217197,H,1.010290066,1.325554447,1.666667516,
169,GLU,-67.12585118,-47.41416103,25.25535225,,26,GLU,-70.34903289,-42.83681407,24.95457009,H,-3.223181712,4.577346964,5.598303813,
170,ALA,-69.03742649,-37.40950715,21.22235493,,27,ALA,-69.6282719,-45.47023382,21.24837232,H,-0.590845407,-8.060726673,8.082351934,
171,LEU,-69.61661493,-52.9018768,21.93569599,,28,LEU,-66.64015315,-41.28026456,21.79188195,H,2.976461784,11.62161224,11.99671604,
172,GLY,-56.05074765,-51.34918896,22.56866525,,29,GLY,-58.67905176,-48.71003233,22.39842656,H,-2.628304111,2.639156624,3.724665111,
173,ARG,-53.44369294,-44.261549,21.61370554,,30,ARG,-60.71422782,-34.4807211,21.43451841,H,-7.270534874,9.780827892,12.18709447,
174,LEU,-53.30182021,-51.18750561,17.33703084,,31,LEU,-61.48585806,-43.70635294,17.28546069,H,-8.184037843,7.481152663,11.08810717,
175,LEU,-62.34230228,-31.29142004,20.61481102,,32,LEU,-70.73557902,-26.79529982,20.53563818,H,-8.393276742,4.496120216,9.521669573,
176,VAL,-81.82439064,-59.79903905,20.96142606,,33,VAL,-81.39539489,-49.6430306,20.85412876,H,0.428995755,10.15600845,10.16506493,
177,VAL,-68.62082706,-34.80421734,17.07252099,,34,VAL,-69.57947758,-40.98118848,16.97054616,H,-0.958650522,-6.176971136,6.250918591,
178,TYR,-122.7233459,64.60853727,13.99655469,,35,TYR,-121.8699398,78.51224826,14.02616428,,0.8534061,13.90371099,13.92987729,
179,PRO,-52.00366027,-20.99359815,18.25809064,,36,PRO,-66.38372249,-13.55937529,18.44219639,H,-14.38006223,7.434222857,16.18807769,
180,TRP,-66.59668541,-27.29097945,14.62245177,,37,TRP,-71.84598193,-19.60383229,14.93449149,H,-5.249296528,7.687147166,9.308455596,
181,THR,-58.31058003,-16.46475381,17.37256962,,38,THR,-68.44815532,-11.12767932,17.45661388,H,-10.13757528,5.337074486,11.45664858,
182,GLN,-67.87281347,-14.55379766,21.58037334,,39,GLN,-62.67225592,-21.25169433,21.8089246,H,5.200557553,-6.697896675,8.479836008,
183,ARG,-50.50096462,-27.18403588,19.73093774,,40,ARG,-64.86728213,-19.34280818,21.53596172,H,-14.36631751,7.841227699,16.36691573,
184,PHE,-89.83926901,-14.55176605,20.43911553,,41,PHE,-90.40901702,-1.327705641,19.62362468,H,-0.569748008,13.22406041,13.23632829,
185,PHE,-117.8620241,37.80280363,23.60677788,,42,PHE,-130.9364954,45.76539423,23.33119913,,-13.0744713,7.962590596,15.30831959,
186,GLU,-66.18497747,-31.60623535,27.0102408,,43,GLU,-54.92808095,-35.77952209,26.33361361,,11.25689652,-4.173286746,12.00558376,
187,SER,-73.47894068,3.051762265,29.97729859,,44,SER,-92.82873065,12.17438762,29.86463413,,-19.34978996,9.122625356,21.39244411,
188,PHE,-85.50183213,-1.177598093,28.43357351,,45,PHE,-83.57353556,2.330333989,28.11676064,,1.928296569,3.507932082,4.002988278,
189,GLY,82.9845194,-138.8300792,30.51893673,,46,GLY,93.84643389,-142.8506739,30.42139383,,10.86191449,-4.020594665,11.58215731,
190,ASP,-77.43490201,115.5624412,31.0844722,,47,ASP,-73.24621817,115.6657769,31.11149021,,4.188683837,0.103335681,4.189958299,
191,LEU,-123.9537286,8.846112512,26.5399947,,48,LEU,-125.6130642,27.0899333,26.65701938,,-1.659335622,18.24382079,18.31912639,
192,SER,-56.62326523,-35.72185179,28.71792864,,49,SER,-72.79395755,-25.92617269,28.98898328,,-16.17069232,9.795679101,18.90625873,
193,THR,-139.1953062,168.206935,28.79399088,,50,THR,-141.1661666,163.2309316,28.69372879,,-1.970860384,-4.976003332,5.352093031,
194,PRO,-56.08484543,-50.83156638,26.94553357,,51,PRO,-55.32246527,-43.14844654,26.65161894,H,0.762380165,7.683119836,7.720851891,
195,ASP,-60.10812344,-40.53574958,30.8618956,,52,ASP,-67.58893089,-37.87187172,30.43398163,H,-7.480807448,2.663877859,7.940952419,
196,ALA,-59.79755081,-41.00713477,29.99932174,,53,ALA,-67.25992729,-43.99934808,29.86294347,H,-7.462376476,-2.992213304,8.039925567,
197,VAL,-75.14674223,-54.12002377,26.63908091,,54,VAL,-60.83248113,-50.68630937,26.45379163,H,14.3142611,3.433714396,14.72034189,
198,MET,-58.69217143,-33.93106557,26.97424604,,55,MET,-63.66784031,-35.75033501,26.85533281,H,-4.975668886,-1.819269441,5.297831836,
199,GLY,-107.8956674,6.027956288,31.56747368,,56,GLY,-85.21823488,-5.761357072,31.33099511,H,22.67743251,-11.78931336,25.55883124,
200,ASN,-56.28544094,120.3782491,30.50847102,,57,ASN,-67.03037352,122.0429561,30.22513345,,-10.74493258,1.664707022,10.87312401,
201,PRO,-67.97761678,-27.89151515,33.06497823,,58,PRO,-56.04274991,-37.75136056,32.69741878,H,11.93486687,-9.85984541,15.48087849,
202,LYS,-67.68313095,-42.44331012,31.49876931,,59,LYS,-68.20186593,-36.03376035,30.98880843,H,-0.518734974,6.409549769,6.430506528,
203,VAL,-67.52650952,-40.4883506,27.28867869,,60,VAL,-66.464099,-46.98018905,26.97576195,H,1.062410516,-6.491838445,6.578197511,
204,LYS,-63.67592039,-39.09697826,30.52637092,,61,LYS,-63.52228609,-40.04301591,30.02980479,H,0.153634299,-0.946037648,0.95843139,
205,ALA,-76.53788352,-34.04858641,30.40878817,,62,ALA,-67.67302065,-42.75225233,29.96012891,H,8.864862871,-8.703665924,12.42334875,
206,HIS,-69.71628676,-38.17672151,26.2764192,,63,HIS,-66.23551625,-42.54285351,25.89994166,H,3.480770509,-4.366132002,5.583804437,
207,GLY,-56.24674901,-39.43009544,26.17267563,,64,GLY,-59.56793618,-43.03127207,25.79730948,H,-3.321187172,-3.601176625,4.898852653,
208,LYS,-62.62757457,-47.33672077,30.44677458,,65,LYS,-57.20030266,-42.87914533,29.93493679,H,5.427271909,4.457575442,7.023194373,
209,LYS,-58.71727493,-57.37296108,28.3823084,,66,LYS,-67.97473662,-45.21296413,27.88979899,H,-9.257461689,12.15999695,15.28287024,
210,VAL,-53.40111152,-43.78433753,23.95720569,,67,VAL,-60.90648096,-50.23777087,23.6543076,H,-7.505369439,-6.453433338,9.898351997,
211,LEU,-75.08475077,-22.84143371,25.30018586,,68,LEU,-71.29028342,-25.64972778,24.50361879,H,3.794467347,-2.808294074,4.720645937,
212,GLY,-74.23117537,-42.50996579,27.78526133,,69,GLY,-62.24808649,-44.56539327,27.2770816,H,11.98308888,-2.055427484,12.15809201,
213,ALA,-58.78852765,-46.31392042,25.84907969,,70,ALA,-65.14411342,-40.23362042,25.51873492,H,-6.35558577,6.080300002,8.795653393,
214,PHE,-56.9214402,-46.91097584,22.61617065,,71,PHE,-61.33359408,-41.78036559,22.31034664,H,-4.412153883,5.130610256,6.766850337,
215,SER,-54.3886421,-46.89241282,27.48312359,,72,SER,-62.18399126,-44.7512412,27.08046483,H,-7.795349163,2.14117162,8.084063612,
216,ASP,-58.16808393,-40.57032392,28.50100523,,73,ASP,-63.35052204,-35.98334913,28.58932388,H,-5.182438108,4.586974791,6.920838278,
217,GLY,-52.42307876,-47.22263564,25.51342765,,74,GLY,-58.5717024,-27.65946493,25.39765993,H,-6.148623645,19.56317072,20.50666285,
218,LEU,-64.71052953,-12.88281253,25.87255264,,75,LEU,-65.68414092,-17.68091512,25.69379983,H,-0.973611395,-4.798102596,4.895886812,
219,ALA,-93.39316814,-13.23596705,29.48623397,,76,ALA,-82.23990475,-10.24743063,29.07733135,H,11.15326338,2.988536418,11.54671529,
220,HIS,-132.3637275,49.65087881,28.92240599,,77,HIS,-130.0630254,45.02873101,28.06421622,H,2.300702066,-4.622147804,5.163088254,
221,LEU,-59.9811311,-15.09627606,25.12832919,,78,LEU,-59.52498887,-22.61379998,24.44674928,,0.456142229,-7.517523923,7.531349923,
222,ASP,-92.85424241,-17.69638304,27.8635465,,79,ASP,-86.2522765,-10.43963363,26.2733486,,6.601965904,7.256749409,9.810523216,
223,ASN,-143.4037964,61.37514396,26.72484296,,80,ASN,-136.1041445,50.38599865,26.15857905,,7.299651909,-10.98914531,13.19265828,
224,LEU,-62.02849352,-36.30383407,22.58540946,,81,LEU,-67.3688386,-38.28299363,21.75099314,H,-5.340345078,-1.979159553,5.695292626,
225,LYS,-61.96046892,-46.94711308,22.00543518,,82,LYS,-57.78333367,-47.78628692,20.94249368,H,4.177135255,-0.839173845,4.260595226,
226,GLY,-78.73751094,-34.07657469,26.22233162,,83,GLY,-66.33035411,-38.93954711,25.34227362,H,12.40715683,-4.862972419,13.32614128,
227,THR,-47.8270559,-54.56480982,26.30614598,,84,THR,-65.28264359,-37.58979248,25.59067867,H,-17.45558769,16.97501734,24.34848569,
228,PHE,-89.73978343,4.097609656,22.89502742,,85,PHE,-99.66993626,6.807051157,22.37190849,H,-9.930152826,2.709441501,10.29315347,
229,ALA,-64.01030717,-40.50499717,24.75354822,,86,ALA,-54.43931816,-50.01409108,24.00003368,H,9.570989004,-9.509093903,13.491727,
230,THR,-71.24413565,-31.82178801,27.05543953,,87,THR,-60.24833411,-44.51052096,26.51072561,H,10.99580154,-12.68873295,16.79022321,
231,LEU,-67.36836387,-42.36646523,24.10710323,,88,LEU,-69.57936133,-30.4581604,23.7961167,H,-2.210997457,11.90830483,12.11182206,
232,SER,-54.78499706,-48.04805933,21.21403011,,89,SER,-64.80373141,-46.50081513,20.76026828,H,-10.01873435,1.547244207,10.13750476,
233,GLU,-66.64935839,-36.45553988,25.02405754,,90,GLU,-61.87495029,-38.0819289,24.46691888,H,4.774408099,-1.626389022,5.043819381,
234,LEU,-63.5337633,-56.21405667,24.92102561,,91,LEU,-63.63573909,-47.96993592,24.6041353,H,-0.101975786,8.244120749,8.24475142,
235,HIS,-54.67899001,-37.51655602,20.90639629,,92,HIS,-64.39694867,-31.62969782,20.69166771,H,-9.717958659,5.886858204,11.36194614,
236,CYS,-70.35517957,-71.20544822,20.81553859,,93,CYS,-81.16185992,-59.08429043,20.52354879,H,-10.80668035,12.12115779,16.23905189,
237,ASP,-77.14051135,-30.34673793,24.41396596,,94,ASP,-70.46968029,-41.43306753,24.28824363,H,6.67083106,-11.0863296,12.93857376,
238,LYS,-108.1940337,-33.02329043,26.86017792,,95,LYS,-102.2418251,-39.64586797,26.50864456,,5.95220865,-6.622577541,8.904342822,
239,LEU,-90.39809275,-28.58582196,23.01318608,,96,LEU,-89.63537104,-13.72728491,22.91091529,,0.762721709,14.85853705,14.87810027,
240,HIS,60.053305,35.62610948,21.62524522,,97,HIS,50.93396999,42.28602443,21.59602201,,-9.119335008,6.659914957,11.29233095,
241,VAL,-85.27850535,119.470169,17.55866544,,98,VAL,-86.40746065,123.5045221,17.41860694,,-1.128955299,4.034353161,4.189337119,
242,ASP,-65.11323715,125.1297267,12.90039756,,99,ASP,-60.26955329,120.8628256,12.92073218,,4.843683855,-4.26690111,6.455053708,
243,PRO,-53.70539661,-21.15859602,12.53427355,,100,PRO,-62.78357928,-20.07675987,12.31794333,H,-9.078182672,1.081836145,9.142415986,
244,GLU,-57.71526695,-30.27484285,8.441217181,,101,GLU,-61.95171426,-24.87458029,8.217478817,H,-4.236447315,5.400262563,6.863695915,
245,ASN,-62.48677795,-31.39734375,13.18494191,,102,ASN,-61.87570532,-25.67847287,12.96369673,H,0.611072624,5.718870876,5.751425375,
246,PHE,-65.04369527,-37.0567473,14.52162455,,103,PHE,-68.29022641,-39.24724357,14.41655041,H,-3.246531142,-2.190496273,3.916406309,
247,ARG,-71.25608577,-40.8467857,9.261411071,,104,ARG,-66.91126112,-44.65133337,9.837624364,H,4.344824646,-3.804547665,5.775126331,
248,LEU,-62.27638251,-50.50979707,11.44458562,,105,LEU,-60.86941712,-44.65967248,11.36077805,H,1.406965384,5.850124591,6.01693521,
249,LEU,-53.40977672,-43.34356688,16.14964728,,106,LEU,-63.46340019,-37.09453324,16.20143082,H,-10.05362347,6.249033641,11.83747297,
250,GLY,-62.94990144,-37.37917508,14.90435853,,107,GLY,-57.70632584,-47.66770217,14.96877229,H,5.243575601,-10.28852708,11.54767832,
251,ASN,-65.6837866,-46.58893708,12.97644477,,108,ASN,-65.31866967,-39.63730602,12.90888474,H,0.365116922,6.951631059,6.961212879,
252,VAL,-55.79997645,-47.46251742,16.91902595,,109,VAL,-64.75489561,-41.09463061,16.84129125,H,-8.954919158,6.367886807,10.98820092,
253,LEU,-53.82138559,-43.46720701,19.51751058,,110,LEU,-61.19619451,-43.02214899,19.39549661,H,-7.37480892,0.445058026,7.388225988,
254,VAL,-61.39343039,-37.50270327,18.30693673,,111,VAL,-58.79568228,-41.70899477,18.06342434,H,2.597748105,-4.206291493,4.943802518,
255,CYS,-62.37408381,-48.18139211,18.90886249,,112,CYS,-63.23757755,-38.72143712,18.63987446,H,-0.863493736,9.459954985,9.499282592,
256,VAL,-63.71897759,-44.99189497,22.58475256,,113,VAL,-64.81477898,-42.05610032,22.42704023,H,-1.095801386,2.935794651,3.133635415,
257,LEU,-59.46406255,-43.57842165,23.34746753,,114,LEU,-62.83418767,-47.05051903,23.19116375,H,-3.370125117,-3.472097381,4.838719203,
258,ALA,-68.36713415,-44.56714513,23.77064631,,115,ALA,-60.34999919,-43.53900345,23.41036358,H,8.017134952,1.028141682,8.082792101,
259,HIS,-54.64230925,-43.31518822,26.02873605,,116,HIS,-62.44539149,-46.62969854,25.75114428,H,-7.803082242,-3.314510317,8.477857697,
260,HIS,-73.92537816,-51.07872707,27.96643917,,117,HIS,-69.18495681,-44.42724126,28.67422228,H,4.740421343,6.651485807,8.167855162,
261,PHE,-88.84089348,-5.837584314,28.43128553,,118,PHE,-89.9528891,-19.05040161,28.31234333,H,-1.111995628,-13.2128173,13.25952771,
262,GLY,52.95386798,-134.0618686,27.79676506,,119,GLY,63.79238267,-131.8561321,27.48966868,H,10.83851468,2.205736462,11.06068144,
263,LYS,-59.43498978,-25.31783594,29.92503438,,120,LYS,-58.11099915,-30.60246419,29.90523427,H,1.323990634,-5.284628251,5.447958054,
264,GLU,-70.8080743,-20.1672511,30.31041351,,121,GLU,-65.74446562,-18.86852688,30.05176954,H,5.063608672,1.298724215,5.227505846,
265,PHE,-92.75451156,76.22506364,23.89691485,,122,PHE,-85.39213414,71.6960193,23.59329654,,7.362377426,-4.529044333,8.643890555,
266,THR,-67.36070329,166.7967414,25.70450539,,123,THR,-69.10557649,168.1327634,25.55407746,,-1.744873198,1.336022049,2.197620848,
267,PRO,-54.42264675,-48.22734428,23.08568779,,124,PRO,-53.56191016,-48.62868589,23.01217768,H,0.860736592,-0.401341612,0.949706571,
268,PRO,-58.46515642,-38.63046699,24.07462749,,125,PRO,-62.03282962,-40.23924247,24.06087631,H,-3.5676732,-1.608775478,3.913623717,
269,VAL,-73.67964609,-30.40731768,23.96115563,,126,VAL,-63.17874954,-44.43870498,23.86255605,H,10.50089655,-14.0313873,17.52565713,
270,GLN,-67.32320835,-48.07753034,19.08236536,,127,GLN,-56.97395556,-48.84364,19.03767427,H,10.34925279,-0.766109657,10.37756991,
271,ALA,-58.5203788,-45.77572493,19.34244736,,128,ALA,-56.82253389,-39.55107011,19.19354513,H,1.697844909,6.224654817,6.452054319,
272,ALA,-56.71264941,-44.0697471,20.96188745,,129,ALA,-64.61115144,-44.09545005,20.7264754,H,-7.898502032,-0.025702951,7.898543852,
273,TYR,-70.09974976,-35.3254467,21.45151018,,130,TYR,-65.70199895,-33.72887932,21.26244595,H,4.397750804,1.596567383,4.678593756,
274,GLN,-57.80716188,-39.047477,15.20356983,,131,GLN,-62.56174864,-38.61380272,15.18094549,H,-4.754586762,0.433674289,4.774323896,
275,LYS,-62.93408305,-45.57644671,18.04384401,,132,LYS,-64.72346519,-41.36109472,17.87890773,H,-1.789382145,4.215351981,4.579419263,
276,VAL,-65.43718475,-42.50582578,19.09463688,,133,VAL,-63.86948267,-49.02362811,18.82508709,H,1.567702075,-6.517802323,6.703688307,
277,VAL,-68.14984747,-33.28497103,15.75304944,,134,VAL,-67.786269,-28.9938632,15.57198958,H,0.363578469,4.291107833,4.30648299,
278,ALA,-71.06831648,-47.43025961,14.18421293,,135,ALA,-67.65121627,-44.18043037,13.74561746,H,3.417100212,3.249829232,4.715714569,
279,GLY,-55.6101276,-49.08750845,16.81908799,,136,GLY,-62.27509673,-43.17791507,16.38389822,H,-6.664969129,5.909593379,8.907587069,
280,VAL,-65.25741106,-38.33700986,17.91965614,,137,VAL,-64.75238484,-43.58354631,17.54490789,H,0.505026218,-5.24653645,5.270787057,
281,ALA,-63.09890249,-38.36773891,14.41733461,,138,ALA,-64.27661455,-41.89790356,14.12904547,H,-1.177712062,-3.530164652,3.721433617,
282,ASN,-68.24662628,-46.27345684,14.50323996,,139,ASN,-61.98886112,-40.70561796,14.45759535,H,6.257765165,5.567838877,8.376183774,
283,ALA,-53.535876,-46.95997648,18.66655455,,140,ALA,-64.95710582,-41.50355446,18.02330654,H,-11.42122982,5.456422023,12.65768667,
284,LEU,-68.27573539,-29.44960304,18.23222027,,141,LEU,-69.82340074,-25.76648434,17.84511331,H,-1.547665349,3.683118705,3.995075898,
285,ALA,-85.03386789,-15.92112719,15.92860529,,142,ALA,-91.73343178,-6.712596259,15.49276157,H,-6.699563891,9.208530934,11.38776529,
286,HIS,-55.45519663,-45.79505958,19.47451147,,143,HIS,-62.93953556,-35.17334297,18.86683346,,-7.484338932,10.62171661,12.9936982,
287,LYS,-86.45400424,9.49681992,21.70594368,,144,LYS,-89.83646481,8.710815744,21.53310439,,-3.382460573,-0.786004177,3.472584354,
288,TYR,-76.65851099,146.7054834,17.74587993,,145,TYR,-69.29998161,150.4500875,17.33891981,,7.358529381,3.744604047,8.256513436,
402,LEU,-72.99122209,118.9192662,22.02964765,,2,LEU,-85.35671281,119.3287626,21.10126675,,-12.36549072,0.409496436,12.37226932,
403,SER,-86.47830589,162.0019346,25.0379855,,3,SER,-75.93090734,171.5081024,24.12624971,,10.54739855,9.506167742,14.19911411,
404,PRO,-59.95843052,-34.66541039,28.39943644,,4,PRO,-65.31573668,-36.49000304,27.42080894,H,-5.357306151,-1.824592649,5.659493575,
405,ALA,-66.45039914,-45.92295025,27.29876296,,5,ALA,-66.40692441,-41.75551547,26.63160829,H,0.043474729,4.167434785,4.167661544,
406,ASP,-56.16368111,-53.52508763,23.60417882,,6,ASP,-55.90408825,-50.02655244,22.84901256,H,0.259592852,3.498535188,3.50815292,
407,LYS,-57.67073947,-25.54326911,26.36033542,,7,LYS,-61.39550686,-39.75257742,25.55330367,H,-3.724767392,-14.20930831,14.68939531,
408,THR,-77.32415734,-46.5887592,29.18991695,,8,THR,-59.02701197,-46.18006406,28.66313223,H,18.29714537,0.408695139,18.30170922,
409,ASN,-48.11902078,-53.12652258,26.48446495,,9,ASN,-60.24686039,-45.10027124,25.9312885,H,-12.12783961,8.02625134,14.54321849,
410,VAL,-65.71435999,-38.12729465,24.83796165,,10,VAL,-67.93723236,-41.54372781,24.23015262,H,-2.222872363,-3.416433162,4.075926532,
411,LYS,-72.28037765,-28.59842198,28.98143623,,11,LYS,-63.8640727,-41.53248345,28.29560522,H,8.416304951,-12.93406147,15.43127134,
412,ALA,-77.78634143,-47.71640141,29.67899965,,12,ALA,-65.12143021,-51.2351377,29.18499632,H,12.66491122,-3.518736295,13.14463698,
413,ALA,-57.14041272,-51.22666147,27.3369859,,13,ALA,-66.10258176,-43.61978913,26.8452253,H,-8.962169042,7.60687234,11.75521079,
414,TRP,-60.68070786,-35.63793644,26.18881512,,14,TRP,-72.44359921,-28.20161209,25.36221107,H,-11.76289135,7.436324358,13.9163405,
415,GLY,-62.76917466,-28.57587391,31.0262754,,15,GLY,-68.35632564,-29.01854538,30.28543556,H,-5.587150981,-0.442671464,5.604660035,
416,LYS,-77.65078136,-36.35585442,31.79100059,,16,LYS,-69.39343144,-28.31274205,31.15300249,H,8.257349912,8.043112373,11.52716289,
417,VAL,-55.88531737,-41.60769233,28.93711615,,17,VAL,-58.76168398,-45.7665503,28.58606481,H,-2.876366602,-4.158857971,5.056637662,
418,GLY,40.50456723,-137.79882,31.3575927,,18,GLY,44.44329602,-120.9039155,30.95666864,H,3.938728789,16.89490457,17.34795046,
419,ALA,-48.71508083,-3.699376403,33.34570269,,19,ALA,-68.06547711,-6.506697121,32.76626642,H,-19.35039628,-2.807320718,19.55297639,
420,HIS,-97.61382502,-2.861200679,31.45775105,,20,HIS,-93.32831878,-6.997345538,30.95790755,H,4.285506245,-4.136144859,5.955943088,
421,ALA,-45.28480106,-43.7512757,27.62661038,,21,ALA,-45.44749552,-49.82210098,27.27873445,H,-0.162694457,-6.070825275,6.07300494,
422,GLY,-61.85278873,-40.75315987,27.85369377,,22,GLY,-56.70757022,-43.87244068,27.477124,H,5.145218512,-3.119280808,6.016908367,
423,GLU,-74.96395708,-33.20431883,29.405891,,23,GLU,-68.06725559,-37.32398896,29.07067954,H,6.896701491,-4.119670137,8.033440949,
424,TYR,-69.48277568,-39.05809598,26.37364661,,24,TYR,-71.25647287,-36.38725786,26.15384867,H,-1.773697192,2.670838125,3.206146912,
425,GLY,-57.89501079,-58.70772332,23.3612157,,25,GLY,-61.08012365,-45.69504525,22.88977559,H,-3.185112859,13.01267807,13.39681807,
426,ALA,-56.35738673,-41.40401034,24.56193948,,26,ALA,-63.2694324,-38.16846177,24.0478291,H,-6.912045663,3.235548569,7.631851007,
427,GLU,-65.41252602,-46.02216634,23.93679141,,27,GLU,-68.27580669,-39.45933177,23.66489958,H,-2.863280668,6.562834573,7.160249563,
428,ALA,-61.35705875,-39.45024465,19.837858,,28,ALA,-61.39902168,-43.160339,19.61835711,H,-0.041962934,-3.710094343,3.710331646,
429,LEU,-64.47337404,-54.45218458,20.15966917,,29,LEU,-61.59051205,-44.13173607,19.92743571,H,2.882861987,10.3204485,10.71552848,
430,GLU,-54.05969142,-43.01534003,23.14285536,,30,GLU,-63.41430024,-39.65736957,22.84724556,H,-9.354608825,3.357970467,9.939047838,
431,ARG,-65.50383253,-37.08934655,20.39828204,,31,ARG,-58.63638205,-45.90073825,20.22236043,H,6.867450473,-8.8113917,11.17150391,
432,MET,-65.47343917,-47.77970434,15.64209774,,32,MET,-63.74647837,-44.0053633,15.46209128,H,1.726960798,3.774341041,4.150667885,
433,PHE,-60.15391229,-36.61116515,19.07494983,,33,PHE,-63.84889989,-36.00222537,18.89626878,H,-3.694987602,0.608939782,3.744828573,
434,LEU,-83.36531432,-43.12157162,20.14203371,,34,LEU,-82.75359253,-37.18179213,20.21959657,H,0.611721782,5.939779488,5.971196187,
435,SER,-78.71484308,-34.87204395,16.05293189,,35,SER,-76.22600895,-36.8198529,16.13265126,H,2.488834128,-1.947808949,3.16042007,
436,PHE,-129.064043,72.5240301,12.87194891,,36,PHE,-130.5935279,77.31408813,12.94214841,,-1.529484983,4.79005803,5.028317835,
437,PRO,-53.74926053,-26.18974145,16.19140105,,37,PRO,-60.15820151,-25.24708272,16.39712011,H,-6.408940979,0.942658728,6.477895487,
438,THR,-57.27446725,-24.84386714,13.52335254,,38,THR,-60.90806282,-22.19662252,13.78394407,H,-3.633595577,2.647244624,4.495655783,
439,THR,-76.12157905,-12.00529286,14.69116226,,39,THR,-64.16960371,-20.67810008,14.68097648,H,11.95197534,-8.672807215,14.76710193,
440,LYS,-73.64020328,-16.21851293,18.99831131,,40,LYS,-67.83371776,-15.33366503,19.05591381,H,5.806485522,0.884847901,5.873519381,
441,THR,-54.36323064,-25.70960144,17.49026208,,41,THR,-62.81459891,-21.78364454,17.53088983,H,-8.451368269,3.925956894,9.318731842,
442,TYR,-87.08699803,-10.03757669,16.44336028,,42,HIS,-80.03165326,-9.454204366,16.79398883,H,7.055344773,0.583372324,7.079421808,
443,PHE,-131.1694652,45.21550579,20.77315721,,43,PHE,-130.9797253,50.15350008,20.55406901,H,0.18973991,4.937994289,4.941638274,
444,PRO,-56.68853525,-23.79596188,23.70030896,,44,PRO,-70.27619193,-24.92633435,23.63996409,,-13.58765667,-1.130372479,13.63459408,
445,HIS,-94.78247333,-2.118688618,25.91667725,,45,HIS,-76.54186677,-8.023833869,25.57325171,,18.24060657,-5.90514525,19.17264897,
446,PHE,-100.2200385,152.488242,25.41014659,,46,PHE,-100.8281282,150.4552578,25.3973642,,-0.608089717,-2.032984204,2.121979707,
447,ASP,-83.4633341,113.1659378,28.8596481,,47,ASP,-81.19345428,109.1529283,28.88202082,,2.269879815,-4.013009436,4.610487947,
448,LEU,-94.07194591,-4.787363574,24.47774555,,48,LEU,-96.27840286,6.710912262,24.60285053,,-2.20645696,11.49827584,11.70806558,
449,SER,-59.11986393,157.9338241,28.28999374,,49,SER,-58.44773283,151.0313533,28.50860801,,0.672131108,-6.90247078,6.935118102,
450,HIS,-49.96846307,119.1503595,29.21236917,,50,HIS,-55.49154479,130.0826193,29.06089157,,-5.523081719,10.93225978,12.24821357,
451,GLY,85.83420561,6.962665566,30.3420767,,51,GLY,83.650587,-0.078612391,30.39429609,,-2.183618614,-7.041277956,7.372095056,
452,SER,-39.65831306,138.6972366,29.23662288,,52,SER,-53.25002837,139.1357951,29.37746123,,-13.59171531,0.438558532,13.59878887,
453,ALA,-75.72639476,-24.91322081,31.23073837,,53,ALA,-61.25327711,-39.45256131,31.01665974,H,14.47311766,-14.5393405,20.51495934,
454,GLN,-67.99960848,-52.49165441,28.66144458,,54,GLN,-60.94906339,-42.65975511,28.51388633,H,7.050545087,9.831899302,12.09861273,
455,VAL,-62.98727978,-29.28336943,25.76414785,,55,VAL,-70.48388782,-37.83962188,25.63648914,H,-7.496608038,-8.556252446,11.37578956,
456,LYS,-67.11046292,-54.37912807,29.75942757,,56,LYS,-62.79679536,-41.51774321,29.36323212,H,4.313667567,12.86138486,13.56550583,
457,GLY,-53.65778195,-47.54829002,28.3962034,,57,GLY,-69.7718722,-42.20047533,27.93297281,H,-16.11409024,5.347814692,16.97831047,
458,HIS,-58.87042715,-40.7666426,23.95416815,,58,HIS,-70.1490794,-39.11020158,23.50168201,H,-11.27865225,1.656441023,11.39964006,
459,GLY,-58.48855479,-38.84611787,25.01269942,,59,GLY,-54.13486176,-42.41853281,24.54601866,H,4.353693025,-3.572414937,5.631766281,
460,LYS,-63.89004412,-48.42652387,28.82871366,,60,LYS,-67.52646716,-38.67242661,28.86035006,H,-3.636423032,9.754097261,10.40989845,
461,LYS,-60.11150258,-45.63834452,26.18761794,,61,LYS,-61.77289639,-47.24125893,25.62582083,H,-1.661393813,-1.602914416,2.308584854,
462,VAL,-66.47872822,-48.01241387,22.34627493,,62,VAL,-60.03372296,-47.4955819,21.90835567,H,6.445005266,0.516831963,6.465694716,
463,ALA,-62.43448397,-39.81507548,25.00945951,,63,ALA,-62.49439281,-44.07042832,24.48865748,H,-0.059908839,-4.25535284,4.255774531,
464,ASP,-56.59282284,-48.22984388,27.93167722,,64,ASP,-61.89648229,-35.84647051,27.4250199,H,-5.303659457,12.38337337,13.47133029,
465,ALA,-60.71955582,-35.0226129,24.17753982,,65,ALA,-64.23586952,-39.26881944,23.80153419,H,-3.5163137,-4.246206541,5.513141756,
466,LEU,-72.57470022,-40.55999609,22.6303968,,66,LEU,-68.86386548,-36.94153383,22.04378746,H,3.710834742,3.61846226,5.183007198,
467,THR,-57.20660975,-44.75477198,27.35957795,,67,THR,-62.09603584,-44.41024019,26.81188792,H,-4.889426089,0.344531785,4.901549717,
468,ASN,-75.48084614,-32.61062896,27.51719833,,68,ASN,-56.11626037,-49.53867833,26.67775444,H,19.36458577,-16.92804937,25.72053727,
469,ALA,-70.80625398,-39.33248536,24.48483951,,69,ALA,-58.96640891,-47.33833895,24.01321174,H,11.83984507,-8.005853592,14.29250233,
470,VAL,-56.85975032,-58.30870874,26.10313217,,70,VAL,-58.74875668,-42.65241036,25.57887121,H,-1.889006354,15.65629838,15.7698454,
471,ALA,-61.45394681,0.729092411,29.34035711,,71,ALA,-63.16621113,-32.86567536,28.69419456,H,-1.712264326,-33.59476777,33.63837497,
472,HIS,-142.4775201,28.40940147,28.50932299,,72,HIS,-118.9458235,42.37645005,28.27285271,,23.53169657,13.96704859,27.36456083,
473,VAL,-46.46479476,-28.24554491,25.46560636,,73,VAL,-56.99629305,-28.79079856,25.02002136,H,-10.53149829,-0.545253653,10.54560371,
474,ASP,-77.99631904,-26.7303425,27.98685182,,74,ASP,-78.4227407,-11.26078201,27.43364617,H,-0.426421663,15.46956049,15.47543658,
475,ASP,-144.970886,59.66516,27.57478155,,75,ASP,-144.8290276,58.9505107,27.04021978,H,0.141858402,-0.714649292,0.728592764,
476,MET,-65.75793243,-37.45310116,22.48801457,,76,MET,-62.65935996,-46.3199099,21.97554563,H,3.098572469,-8.866808746,9.392627358,
477,PRO,-46.74835323,-55.76336297,23.61462359,,77,PRO,-51.09054169,-46.20896277,22.73826532,H,-4.342188463,9.554400202,10.49481605,
478,ASN,-74.25369643,-37.8495446,27.36271775,,78,ASN,-70.15602446,-44.16259929,26.95385944,H,4.097671972,-6.313054687,7.526325469,
479,ALA,-68.70920987,-30.06859945,26.2588201,,79,ALA,-65.36798256,-29.35086776,25.92744758,H,3.341227307,0.717731692,3.417446225,
480,LEU,-105.325333,15.94245016,22.66148004,,80,LEU,-106.7016467,22.97977573,22.53577793,,-1.376313727,7.037325575,7.170647859,
481,SER,-63.42811831,-45.52067595,24.86258394,,81,SER,-57.18603963,-47.05995513,24.73221676,H,6.242078676,-1.539279186,6.429068876,
482,ALA,-54.09026598,-38.75909407,25.33787691,,82,ALA,-66.88091726,-30.20427571,25.0723508,H,-12.79065127,8.55481836,15.38784186,
483,LEU,-72.33413353,-36.04309167,22.25824158,,83,LEU,-75.96032007,-35.61698538,21.88951291,H,-3.626186533,0.42610629,3.651136172,
484,SER,-74.37332716,-19.16318971,20.3393455,,84,SER,-68.28549714,-34.70672048,20.43474164,H,6.087830025,-15.54353078,16.69320291,
485,ASP,-71.6825461,-61.16945618,23.40740405,,85,ASP,-64.11768084,-48.42819957,23.46163729,H,7.564865259,12.74125661,14.81778683,
486,LEU,-46.73336776,-53.80900729,22.44990652,,86,LEU,-60.16473367,-48.7361614,22.2965182,H,-13.43136591,5.072845885,14.35741465,
487,HIS,-63.8425204,-43.17048346,18.42403472,,87,HIS,-65.96545065,-38.93869538,18.27600076,H,-2.122930258,4.23178808,4.734433782,
488,ALA,-75.74736136,-43.11682908,18.87990783,,88,ALA,-70.65701797,-39.1446165,19.0202291,H,5.090343387,3.972212573,6.456784689,
489,HIS,-105.2808914,-17.40862394,22.16764779,,89,HIS,-101.6831051,-23.14756168,22.585157,H,3.597786369,-5.73893774,6.773438797,
490,LYS,-115.8990547,-61.24710382,23.35550293,,90,LYS,-114.8729179,-35.28322021,24.02891816,,1.026136766,25.96388362,25.98415304,
491,LEU,-66.73936629,-41.36743589,19.88862267,,91,LEU,-93.39278292,175.1758222,19.38163776,,-26.65341662,216.5432581,218.1774214,<
492,ARG,48.62656641,44.49616812,19.03715251,,92,ARG,-140.1886042,45.54865424,18.1668289,,-188.8151706,1.052486119,188.8181039,<
493,VAL,-67.23134619,131.3402691,14.20383757,,93,VAL,-79.20855957,112.8526439,13.46348147,,-11.97721338,-18.48762518,22.02829829,
494,ASP,-64.04340159,133.9958079,9.964875318,,94,ASP,-59.5541357,145.2995269,9.242003263,,4.489265897,11.30371896,12.16254787,
495,PRO,-43.60517831,-34.36298757,8.97384339,,95,PRO,-58.45546361,-23.46454814,8.281244937,H,-14.8502853,10.89843944,18.42028652,
496,VAL,-63.04016849,-20.90046057,6.271631765,,96,VAL,-58.22270862,-34.15707014,6.12810866,H,4.817459865,-13.25660957,14.10480829,
497,ASN,-74.17425661,-19.25611652,10.07043336,,97,ASN,-64.80811509,-30.05644702,9.96703984,H,9.366141525,-10.8003305,14.29586465,
498,PHE,-62.10431497,-43.20705608,11.58041661,,98,PHE,-61.57996066,-38.46944335,11.31316943,H,0.524354309,4.737612729,4.766541914,
499,LYS,-62.04448133,-32.6482083,7.218347183,,99,LYS,-63.48590602,-42.23561535,6.925773317,H,-1.441424687,-9.587407047,9.695157504,
500,LEU,-75.39772084,-42.17847259,10.04302026,,100,LEU,-64.29899564,-47.93085823,9.97463047,H,11.0987252,-5.75238564,12.50086563,
501,LEU,-67.65875844,-45.2542097,14.51163819,,101,LEU,-64.69277892,-36.32487735,14.33859007,H,2.965979523,8.929332351,9.40903878,
502,SER,-52.50700775,-55.23873365,13.29900677,,102,SER,-62.16208442,-42.97884229,13.09348447,H,-9.655076673,12.25989136,15.60530172,
503,HIS,-47.77346529,-52.16983474,13.52291476,,103,HIS,-62.81948793,-42.53110691,13.35693219,H,-15.04602264,9.638727835,17.86862814,
504,CYS,-61.62510439,-33.52495966,16.13792181,,104,CYS,-67.34550872,-32.18059519,15.8830929,H,-5.720404331,1.344364464,5.876252337,
505,LEU,-83.16977778,-36.2064672,18.54620547,,105,LEU,-69.27717031,-36.13325076,17.966347,H,13.89260747,0.073216444,13.8928004,
506,LEU,-58.92612914,-50.65993711,17.64692821,,106,LEU,-64.84123878,-40.35518553,17.38503808,H,-5.915109642,10.30475158,11.88176869,
507,VAL,-65.37891586,-40.07710749,19.30041244,,107,VAL,-63.33520754,-42.87742829,19.19300561,H,2.043708313,-2.800320795,3.466776633,
508,THR,-59.98361842,-49.00895986,22.17764531,,108,THR,-59.53109858,-48.90388464,21.81564174,H,0.452519839,0.105075221,0.464558938,
509,LEU,-55.61155924,-54.82034402,23.12050823,,109,LEU,-61.87752313,-42.64537452,22.68870001,H,-6.26596389,12.1749695,13.6927786,
510,ALA,-46.04537432,-48.73766062,23.93193807,,110,ALA,-58.41844414,-43.231637,23.44964975,H,-12.37306982,5.506023625,13.54286354,
511,ALA,-67.34012785,-24.67692006,25.92164429,,111,ALA,-73.04459119,-23.84700614,25.5371996,H,-5.704463339,0.829913927,5.764517249,
512,HIS,-112.5216463,-18.87938672,27.64321786,,112,HIS,-105.8416816,-18.35985899,27.44932647,H,6.679964715,0.519527733,6.700137137,
513,LEU,-128.1653095,63.07486446,27.59401608,,113,LEU,-121.2704506,67.8607242,27.24217089,,6.89485894,4.785859737,8.393064591,
514,PRO,-51.37205183,-57.70367549,29.22450799,,114,PRO,-51.18359157,-57.00202459,29.30984566,,0.188460256,0.701650904,0.726519965,
515,ALA,-56.78932472,-52.93727781,30.79841698,,115,ALA,-60.03410858,-34.82810725,30.6311067,,-3.244783856,18.10917056,18.39757268,
516,GLU,-77.88222449,-19.79436092,29.39127519,,116,GLU,-89.04524527,-23.0821407,29.04608462,,-11.16302078,-3.287779779,11.63711857,
517,PHE,-73.63390981,57.45293078,23.74638224,,117,PHE,-80.53009222,64.4983518,23.32292699,,-6.896182413,7.045421026,9.858767129,
518,THR,-77.81799736,160.1193357,25.97925068,,118,THR,-76.74629613,170.969121,25.72542158,,1.071701227,10.84978526,10.90258611,
519,PRO,-57.26347905,-52.4230976,24.0928777,,119,PRO,-56.04539481,-45.97572153,23.7312721,H,1.218084232,6.447376074,6.561431813,
520,ALA,-63.00431159,-38.81522808,24.16638367,,120,ALA,-65.35361771,-38.5136948,23.6227743,H,-2.349306126,0.301533277,2.368577968,
521,VAL,-73.14888933,-21.34690365,24.03321161,,121,VAL,-71.8201777,-39.09569854,23.46650129,H,1.32871163,-17.74879489,17.79846046,
522,HIS,-73.83473297,-50.02512339,19.53211868,,122,HIS,-57.77033298,-48.13440255,19.07221415,H,16.06439999,1.890720841,16.17528276,
523,ALA,-57.7391524,-39.38429269,19.22222457,,123,ALA,-60.33226431,-44.84463104,18.7619212,H,-2.593111915,-5.460338348,6.044793154,
524,SER,-63.19500479,-51.90987159,20.97537958,,124,SER,-61.91854006,-44.74808776,20.43856891,H,1.27646473,7.161783838,7.274648441,
525,LEU,-65.01051834,-35.57786529,19.92143997,,125,LEU,-62.24098249,-45.47949617,19.45009616,H,2.769535848,-9.901630873,10.2816644,
526,ASP,-60.09199521,-53.61615999,14.85851001,,126,ASP,-59.46965674,-46.1508524,14.36868673,H,0.622338476,7.465307588,7.491203012,
527,LYS,-59.53140159,-36.39234426,17.45516219,,127,LYS,-60.30368351,-41.66832421,16.77511777,H,-0.772281927,-5.275979958,5.332202537,
528,PHE,-63.2606749,-53.68219379,19.36841577,,128,PHE,-62.84684267,-42.1515025,18.83902608,H,0.413832226,11.5306913,11.53811505,
529,LEU,-64.95412218,-32.99631504,15.86251073,,129,LEU,-70.02328939,-33.09792111,15.41693522,H,-5.069167212,-0.101606069,5.070185402,
530,ALA,-64.37323932,-39.57736803,13.55277424,,130,ALA,-67.51610451,-38.41049683,12.85263838,H,-3.142865189,1.166871194,3.352490116,
531,SER,-79.55019931,-27.42014974,16.58727298,,131,SER,-65.80220278,-39.07909749,15.80100265,H,13.74799653,-11.65894776,18.0260498,
532,VAL,-60.18607131,-39.48774449,16.95861466,,132,VAL,-64.07751244,-46.03701901,16.59079131,H,-3.891441125,-6.549274517,7.618156649,
533,SER,-59.93495548,-52.32718318,13.30969056,,133,SER,-55.20578682,-44.36003222,12.89931564,H,4.729168664,7.967150965,9.2650165,
534,THR,-54.83393493,-47.38233105,14.19390658,,134,THR,-62.53665165,-43.82832691,13.67461078,H,-7.702716727,3.55400414,8.483088495,
535,VAL,-59.70755761,-47.53455154,17.94322771,,135,VAL,-61.02913258,-44.46214095,17.4599714,H,-1.321574972,3.072410587,3.344587751,
536,LEU,-68.52591473,-21.17084054,16.95332261,,136,LEU,-66.66321413,-18.18188673,16.4815332,H,1.862700597,2.988953802,3.521860069,
537,THR,-106.4083096,19.03494348,13.73540099,,137,THR,-108.8922825,0.687312293,13.48803131,H,-2.483972891,-18.34763118,18.51501259,
538,SER,-75.57282327,-23.65972335,17.47519429,,138,SER,-63.09975756,-23.33280597,17.03695726,,12.47306571,0.326917381,12.47734921,
539,LYS,-109.8206381,30.65512508,20.26196,,139,LYS,-105.3607193,11.1143651,20.04189868,,4.459918829,-19.54075998,20.04325763,
540,TYR,-67.0893966,-38.58835551,15.50817266,,140,TYR,-57.63751551,-32.77132584,14.98456371,,9.451881098,5.817029668,11.09846343,
545,HIS,-90.01058543,89.92385571,21.39614213,,-,,,,,,,,,
546,LEU,-108.1013813,147.2967099,23.58882948,,3,LEU,-81.06074734,147.1943101,23.40289207,,27.04063399,-0.102399846,27.04082788,
547,THR,-72.31783512,155.9669899,26.89089061,,4,THR,-80.66914775,171.3975395,26.33625296,,-8.351312629,15.43054957,17.5455488,
548,PRO,-80.98997957,-9.216070593,30.04771203,,5,PRO,-58.04166239,-45.82227772,29.69697249,H,22.94831719,-36.60620712,43.20462547,
549,GLU,-87.86793387,-24.53486594,30.80795869,,6,GLU,-61.98958339,-39.31232357,29.1682884,H,25.87835049,-14.77745762,29.80037379,
550,GLU,-88.50957484,-36.83638669,24.80606157,,7,GLU,-67.4416634,-40.64517446,24.62654851,H,21.06791144,-3.808787772,21.40943149,
551,LYS,-67.86301982,-33.22663323,27.85119183,,8,LYS,-60.72891601,-48.01525658,27.43982241,H,7.134103808,-14.78862336,16.41946461,
552,SER,-77.0900673,-32.56173467,30.39813943,,9,SER,-58.32108356,-40.29908021,30.38296381,H,18.76898373,-7.737345542,20.30126268,
553,ALA,-71.76052029,-33.71711301,27.99821148,,10,ALA,-63.46418407,-42.41320356,27.93653552,H,8.296336222,-8.696090552,12.0187847,
554,VAL,-65.30300375,-54.5085236,25.99333567,,11,VAL,-62.0086097,-47.1893108,25.96347744,H,3.294394056,7.319212794,8.026450531,
555,THR,-55.02435919,-54.03707511,29.80314652,,12,THR,-60.97476951,-45.16451025,29.82122602,H,-5.950410317,8.872564862,10.68315451,
556,ALA,-55.95572478,-52.06951429,31.25264169,,13,ALA,-61.12552448,-49.6307312,31.04470785,H,-5.169799706,2.43878309,5.716160596,
557,LEU,-60.88354981,-48.69536697,28.48270364,,14,LEU,-63.96585774,-39.83400369,28.21290876,H,-3.082307928,8.861363277,9.382130957,
558,TRP,-59.41547456,-27.08398634,27.50538669,,15,TRP,-65.19183444,-27.22123942,27.26728967,H,-5.776359885,-0.137253079,5.777990302,
559,GLY,-76.80043281,-8.082691665,32.710337,,16,GLY,-60.3977897,-19.19151046,32.42187954,H,16.40264311,-11.10881879,19.81041534,
560,LYS,-103.452561,-7.391994807,32.81787229,,17,LYS,-99.28067167,-0.47309445,32.43792144,H,4.171889347,6.918900357,8.079346686,
561,VAL,-76.63250611,123.9705049,29.9212564,,18,VAL,-84.96063264,136.2506957,29.62955507,,-8.328126533,12.28019076,14.83781577,
562,ASN,-84.91742753,96.3908093,31.92736167,,19,ASN,-89.44503211,98.15364629,31.54595958,,-4.52760458,1.762836981,4.858682687,
563,VAL,-63.24694861,-30.65130914,29.63703866,,20,VAL,-58.38870964,-43.63181818,28.98177911,H,4.858238973,-12.98050904,13.85987377,
564,ASP,-62.1405986,-57.78675294,32.07149173,,21,ASP,-65.3688612,-39.53208577,30.88744181,H,-3.228262602,18.25466717,18.53792202,
565,GLU,-64.92558838,-52.5482997,31.0907955,,22,GLU,-64.67219698,-49.44901439,30.25692349,H,0.253391402,3.09928531,3.109626446,
566,VAL,-65.19621088,-36.88150843,26.19089752,,23,VAL,-65.70367374,-37.37091266,25.96709739,H,-0.507462861,-0.489404238,0.705007136,
567,GLY,-73.41566805,-32.21694616,25.54900746,,24,GLY,-63.20580924,-47.87373266,25.05661334,H,10.20985881,-15.6567865,18.69160722,
568,GLY,-72.1687477,-45.09359478,26.20395312,,25,GLY,-58.95061048,-45.72273111,25.87042819,H,13.21813723,-0.629136335,13.23310108,
569,GLU,-60.60239816,-45.21692875,25.05404388,,26,GLU,-63.72304784,-43.76205135,24.95140575,H,-3.120649681,1.454877397,3.443126874,
570,ALA,-66.28663173,-47.352914,21.44178901,,27,ALA,-70.39972865,-42.46879885,21.23701144,H,-4.113096918,4.884115149,6.385307122,
571,LEU,-65.08941389,-52.05390743,22.12389031,,28,LEU,-68.40836997,-41.97628648,21.72836563,H,-3.318956086,10.07762095,10.61008546,
572,GLY,-45.66204722,-62.86469237,22.72145719,,29,GLY,-58.86517651,-47.39563063,22.34011512,H,-13.20312929,15.46906173,20.33751445,
573,ARG,-65.28594527,-16.72881248,21.54982295,,30,ARG,-62.71376296,-33.64329596,21.4096468,H,2.572182308,-16.91448347,17.10894132,
574,LEU,-68.06992608,-48.55975031,17.49316942,,31,LEU,-60.40432778,-44.99927854,17.25259529,H,7.665598307,3.560471774,8.452121429,
575,LEU,-64.73819739,-32.0897164,20.62039731,,32,LEU,-68.59352405,-27.06914081,20.37878085,H,-3.855326653,5.020575597,6.330065001,
576,VAL,-82.53175307,-47.32782903,20.97363282,,33,VAL,-84.65491638,-46.05296924,20.61875805,H,-2.123163303,1.274859794,2.476507603,
577,VAL,-74.20489701,-38.37749122,16.9898949,,34,VAL,-74.79945545,-38.10707544,16.80311059,H,-0.594558444,0.27041578,0.653164939,
578,TYR,-123.4005296,69.29736416,14.11935059,,35,TYR,-126.2223957,74.53739072,13.75573224,,-2.821866051,5.240026552,5.951538143,
579,PRO,-52.24555666,-24.70973504,18.32667611,,36,PRO,-64.56649712,-15.81868181,17.96172751,H,-12.32094046,8.89105323,15.19395937,
580,TRP,-75.90541396,-0.789434603,14.7903297,,37,TRP,-67.06184764,-15.56190628,14.27350494,H,8.843566315,-14.77247167,17.21727576,
581,THR,-79.74810964,-8.227983456,17.47506482,,38,THR,-73.61725972,-10.87469161,17.25455161,H,6.130849925,-2.646708158,6.677752981,
582,GLN,-70.71964339,-19.03853227,21.58148883,,39,GLN,-67.57239752,-13.86305382,21.45565318,H,3.147245865,5.175478453,6.057287656,
583,ARG,-59.46804289,-18.72620552,20.005602,,40,ARG,-59.05042372,-25.06950658,19.72994943,H,0.417619178,-6.343301055,6.357033431,
584,PHE,-86.76006723,-25.07401825,20.27821331,,41,PHE,-85.5514351,-11.15792932,20.57100204,H,1.208632129,13.91608894,13.96847604,
585,PHE,-114.6792449,17.31866827,23.51477224,,42,PHE,-118.8120289,33.13764009,23.54499657,,-4.132784001,15.81897182,16.34991661,
586,GLU,-41.20079187,-46.38572752,26.28700358,,43,GLU,-61.01843314,-26.80319604,27.40760037,H,-19.81764127,19.58253148,27.86062535,
587,SER,-65.60840285,-3.985619627,29.58850659,,44,SER,-81.55062189,0.007591414,29.8670827,H,-15.94221904,3.993211041,16.43472186,
588,PHE,-80.60475949,-22.42479915,28.63140962,,45,PHE,-83.16633905,-2.792028236,28.30906041,H,-2.56157956,19.63277091,19.79917634,
589,GLY,96.94883321,-92.83145532,30.12746888,,46,GLY,94.43345494,-141.3006363,30.55104092,,-2.515378279,-48.469181,48.53440671,
590,ASP,-90.57545772,110.4662122,30.96048658,,47,ASP,-72.78384997,120.7940374,31.10854497,,17.79160775,10.32782515,20.57195369,
591,LEU,-123.7700056,19.84003405,26.57662862,,48,LEU,-131.1401153,28.50433817,26.65059495,,-7.37010968,8.664304117,11.37491462,
592,SER,-67.41236387,-1.251192446,28.67178354,,49,SER,-75.13065794,-29.02070146,28.89154504,,-7.71829407,-27.76950901,28.82217365,
593,THR,-164.6153049,161.957035,28.35793373,,50,THR,-132.0803025,167.670243,28.54936774,,32.53500234,5.713207977,33.03281887,
594,PRO,-48.73362864,-49.83741373,26.68221328,,51,PRO,-59.6997954,-46.01104755,26.457092,H,-10.96616676,3.82636618,11.61455516,
595,ASP,-64.89628061,-44.78330571,30.40074181,,52,ASP,-62.61785228,-39.62669211,30.22028984,H,2.278428324,5.156613608,5.63754375,
596,ALA,-60.32243298,-48.62533377,30.0489046,,53,ALA,-66.34504125,-42.31414034,29.70074612,H,-6.022608273,6.311193433,8.723701792,
597,VAL,-62.87871858,-58.64792207,26.79459303,,54,VAL,-59.589647,-49.16885835,26.28214389,H,3.289071584,9.479063726,10.03347602,
598,MET,-51.90192285,-33.11034546,27.26702461,,55,MET,-62.98007216,-35.8090482,26.70867503,H,-11.07814931,-2.698702748,11.40212211,
599,GLY,-76.89123933,-33.48408064,31.69144482,,56,GLY,-91.34790116,0.321265846,31.1735738,H,-14.45666183,33.80534649,36.76678559,
600,ASN,-52.39989723,119.6302769,30.68294495,,57,ASN,-70.1390057,121.1681468,30.09087719,,-17.73910846,1.537869844,17.80564553,
601,PRO,-77.27604838,-7.350536118,33.07541115,,58,PRO,-62.35586484,-29.9681746,32.62143965,H,14.92018353,-22.61763848,27.09556139,
602,LYS,-79.02616513,-42.62729513,31.49386079,,59,LYS,-75.87684599,-36.01923082,31.11222697,H,3.149319138,6.608064304,7.320158801,
603,VAL,-57.3447288,-48.93415682,27.34015808,,60,VAL,-63.4493733,-49.12717256,26.8218958,H,-6.104644495,-0.193015748,6.107695104,
604,LYS,-61.73820867,-49.03399675,30.15498842,,61,LYS,-58.69608777,-43.02858742,29.97687397,H,3.042120898,6.005409323,6.731971531,
605,ALA,-65.51995118,-32.27135326,30.55469118,,62,ALA,-63.58349958,-43.01229715,29.75624238,H,1.936451598,-10.74094389,10.91410649,
606,HIS,-78.58167573,-31.43317357,26.33757781,,63,HIS,-64.77327428,-39.73996456,25.54327939,H,13.80840145,-8.306790981,16.11442605,
607,GLY,-66.14123554,-41.64231722,26.11001649,,64,GLY,-59.53636822,-45.03289768,25.71626695,H,6.604867324,-3.390580456,7.424305234,
608,LYS,-65.10910116,-28.38444318,30.43588711,,65,LYS,-63.89943389,-36.83397851,29.8829587,H,1.209667263,-8.44953533,8.535686392,
609,LYS,-68.12026217,-46.13351201,28.29649815,,66,LYS,-63.01912047,-50.97175794,27.94044843,H,5.101141706,-4.83824593,7.030666425,
610,VAL,-64.8434455,-50.76598774,24.06633074,,67,VAL,-61.59568742,-50.03903563,23.61744873,H,3.247758078,0.726952109,3.328121377,
611,LEU,-61.1083676,-33.20230678,25.29034864,,68,LEU,-72.83816094,-26.12076352,24.62909414,H,-11.72979334,7.081543264,13.70168992,
612,GLY,-72.54760084,-25.36757678,27.66453086,,69,GLY,-63.47814628,-41.45175415,27.45318484,H,9.069454559,-16.08417737,18.46498761,
613,ALA,-73.8034671,-35.27342163,25.57077607,,70,ALA,-66.52443662,-41.76813377,25.76345754,H,7.279030482,-6.494712143,9.755284239,
614,PHE,-59.76124486,-50.17937329,22.83986107,,71,PHE,-58.63830715,-48.5166476,22.48922804,H,1.122937711,1.662725698,2.006401218,
615,SER,-49.25602135,-55.62187711,27.45565124,,72,SER,-54.88229573,-49.38055646,27.20112705,H,-5.626274382,6.241320653,8.402918952,
616,ASP,-46.35634662,-49.54889659,28.3970392,,73,ASP,-62.39199121,-31.1845088,29.06877907,H,-16.03564458,18.36438779,24.38016891,
617,GLY,-70.53589414,-20.31011283,25.40850817,,74,GLY,-68.01484254,-19.86771584,25.7748937,H,2.521051593,0.442396994,2.559573448,
618,LEU,-76.69948376,-14.74067897,26.04001555,,75,LEU,-72.64463298,-12.92807426,25.82861776,H,4.054850783,1.812604712,4.441548234,
619,ALA,-95.95514407,-20.82522437,29.50127791,,76,ALA,-82.59698699,-11.17627983,29.3349765,H,13.35815708,9.648944538,16.47854639,
620,HIS,-118.2710714,39.74928592,28.45707673,,77,HIS,-126.7331841,50.46455483,28.4082114,H,-8.462112777,10.71526891,13.65372991,
621,LEU,-56.22681881,-17.60653095,24.97813424,,78,LEU,-60.7558121,-27.42299457,24.87136081,H,-4.528993285,-9.816463622,10.81086205,
622,ASP,-73.91342466,-31.63146722,27.84381512,,79,ASP,-94.0316966,9.423768361,27.3001838,H,-20.11827194,41.05523558,45.71954981,
623,ASN,-151.4456087,59.43033554,26.52277403,,80,ASN,-145.3711155,45.44824526,26.43979456,H,6.074493196,-13.98209028,15.24461598,
624,LEU,-60.16558716,-38.97282798,22.54218392,,81,LEU,-62.43652579,-41.47851514,22.2430369,H,-2.270938635,-2.50568716,3.381660898,
625,LYS,-63.57703242,-39.37517196,21.81288032,,82,LYS,-62.52093427,-43.48116823,21.49507359,H,1.056098151,-4.105996269,4.239640157,
626,GLY,-70.52478561,-39.74943106,26.23615181,,83,GLY,-61.95956007,-44.81182141,25.85399923,H,8.565225543,-5.062390349,9.949416297,
627,THR,-62.49285103,-30.51837566,26.28943076,,84,THR,-61.00499771,-39.49790122,25.94967385,H,1.487853312,-8.979525561,9.101955107,
628,PHE,-110.6217171,11.90769634,22.83748553,,85,PHE,-101.9298241,1.378952757,22.68135684,H,8.691893099,-10.52874359,13.65296478,
629,ALA,-54.3796279,-44.50686133,24.71453747,,86,ALA,-51.19919932,-50.14730207,24.2541612,H,3.180428578,-5.640440745,6.475314489,
630,THR,-73.97471078,-40.82704394,26.87221582,,87,THR,-67.43550538,-36.43818032,26.73186649,H,6.5392054,4.38886362,7.875489263,
631,LEU,-62.12149065,-30.52389322,23.97737036,,88,LEU,-70.37082017,-30.16800881,23.8693775,H,-8.249329513,0.355884406,8.257002551,
632,SER,-72.82695567,-47.51064929,21.29009724,,89,SER,-65.64026368,-50.60469472,20.98778218,H,7.186691992,-3.09404543,7.824427066,
633,GLU,-67.52902592,-36.63654133,24.96113561,,90,GLU,-54.75378631,-46.57722151,24.81818069,H,12.77523961,-9.940680179,16.18715137,
634,LEU,-65.24964916,-43.38315539,24.8845599,,91,LEU,-60.1134437,-47.40086408,24.88259996,H,5.136205456,-4.017708687,6.520934717,
635,HIS,-66.386918,-35.68813672,20.96473547,,92,HIS,-61.02010612,-36.8822532,20.89849248,H,5.366811885,-1.194116473,5.498052743,
636,CYS,-70.88121723,-78.34040327,20.83987627,,93,CYS,-78.15136878,-59.21635678,20.643523,H,-7.270151554,19.12404649,20.4593318,
637,ASP,-65.96779803,-30.79952999,24.46433879,,94,ASP,-67.90629592,-39.38857562,24.37347863,H,-1.938497896,-8.589045634,8.805082567,
638,LYS,-96.8168769,-58.78996535,26.31003818,,95,LYS,-111.21661,-37.01706114,26.71206091,,-14.39973311,21.77290421,26.10386315,
639,LEU,-90.82029031,-7.465619135,23.06000271,,96,LEU,-88.69980042,-17.20418916,23.01669992,,2.120489893,-9.738570022,9.966755915,
640,HIS,45.48696154,53.27096802,21.65757007,,97,HIS,53.8417683,45.46701851,21.4748183,,8.35480676,-7.803949516,11.43260355,
641,VAL,-97.70108825,126.8376135,17.38966903,,98,VAL,-90.8167655,118.8845998,17.44231907,,6.884322753,-7.953013742,10.51876073,
642,ASP,-66.95523846,124.155972,12.74407786,,99,ASP,-59.71322771,123.7095842,12.89214636,,7.242010754,-0.446387754,7.25575508,
643,PRO,-62.89957988,-10.41990158,12.49136642,,100,PRO,-56.81557843,-18.33781127,12.51355287,H,6.084001448,-7.917909689,9.985407726,
644,GLU,-68.86525288,-29.7476203,8.362812328,,101,GLU,-57.72665732,-30.47659024,8.428809938,H,11.13859557,-0.728969941,11.16242395,
645,ASN,-62.37788106,-25.65257155,12.88953065,,102,ASN,-58.54716334,-32.11765043,13.34334794,H,3.830717724,-6.465078877,7.514761684,
646,PHE,-63.15057514,-41.93087229,14.45479452,,103,PHE,-68.35184785,-37.40603429,14.59675475,H,-5.201272718,4.524838001,6.894011664,
647,ARG,-62.43210696,-45.6775481,9.205939446,,104,ARG,-70.03941256,-42.91873806,8.09217706,H,-7.607305602,2.758810038,8.092103024,
648,LEU,-57.7747884,-49.98658902,11.39236433,,105,LEU,-62.97459253,-42.69897255,11.4335747,H,-5.19980413,7.287616475,8.952503386,
649,LEU,-58.3418641,-42.90401681,16.09712535,,106,LEU,-63.04703627,-37.27591504,16.17593373,H,-4.70517217,5.628101777,7.335814526,
650,GLY,-60.0993029,-43.51758679,14.9279471,,107,GLY,-60.61772798,-42.66502994,14.88133707,H,-0.518425083,0.852556851,0.997806469,
651,ASN,-62.31497406,-45.04974308,12.98362509,,108,ASN,-70.2662313,-38.37995207,12.83484577,H,-7.951257235,6.669791008,10.37827557,
652,VAL,-56.02250235,-39.09866201,16.94979192,,109,VAL,-64.52466373,-37.14850213,16.82777865,H,-8.502161378,1.950159879,8.722950856,
653,LEU,-60.73391713,-44.86220199,19.5188615,,110,LEU,-61.31124308,-46.40392894,19.33920942,H,-0.577325955,-1.541726948,1.646276781,
654,VAL,-62.66602708,-41.70415924,18.14823945,,111,VAL,-58.61266004,-45.56898868,18.0461647,H,4.05336704,-3.864829441,5.600597376,
655,CYS,-66.03312556,-36.82080657,18.94458947,,112,CYS,-58.27403346,-41.71620501,18.5781679,H,7.759092093,-4.895398444,9.174335727,
656,VAL,-67.5261698,-50.74071373,22.52855728,,113,VAL,-65.99653593,-43.23803399,22.35874701,H,1.529633866,7.502679741,7.657021814,
657,LEU,-57.97926975,-34.0253447,23.4129826,,114,LEU,-61.10801495,-40.41251533,23.1428535,H,-3.128745199,-6.387170622,7.11231292,
658,ALA,-69.29978491,-48.4437096,23.82766375,,115,ALA,-59.4271745,-44.17844859,23.43198996,H,9.872610411,4.265261001,10.7545752,
659,HIS,-49.15485826,-48.57639703,25.96387123,,116,HIS,-62.15687463,-43.87286803,25.76854415,H,-13.00201637,4.703529001,13.82662702,
660,HIS,-71.04473855,-57.53453957,28.00036922,,117,HIS,-69.56489908,-47.72767117,28.54500954,H,1.479839466,9.806868398,9.917892549,
661,PHE,-86.44098728,-2.190087919,28.56314422,,118,PHE,-94.0866151,-11.10123978,28.22980984,H,-7.64562782,-8.91115186,11.74156089,
662,GLY,39.02684074,-131.8120422,27.82989894,,119,GLY,54.01211352,-131.9019931,27.47380608,H,14.98527278,-0.089950824,14.98554274,
663,LYS,-33.31355579,-37.02571861,31.35259632,,120,LYS,-59.50764966,-19.95564341,30.51681987,H,-26.19409387,17.0700752,31.2652846,
664,GLU,-74.98960099,-19.1340066,30.04363324,,121,GLU,-67.29800173,-27.08879598,29.83650255,H,7.691599262,-7.95478938,11.06523264,
665,PHE,-89.24995021,78.19934433,23.84200612,,122,PHE,-80.81445338,71.87975987,23.57289998,,8.435496836,-6.319584451,10.54014964,
666,THR,-76.06497692,163.024436,25.66682249,,123,THR,-72.87650263,171.1150395,25.54757004,,3.188474293,8.090603462,8.696219449,
667,PRO,-55.45777982,-42.24537943,22.92677795,,124,PRO,-53.769423,-49.07941225,23.07029894,H,1.688356819,-6.834032815,7.039499504,
668,PRO,-60.978073,-42.96085405,24.14286804,,125,PRO,-60.67756005,-39.6335101,24.12922943,H,0.300512948,3.327343949,3.340886976,
669,VAL,-73.80977367,-38.14600476,23.98032951,,126,VAL,-65.70333267,-43.57002228,23.93341054,H,8.106440997,-5.424017516,9.753684004,
670,GLN,-61.39652888,-45.33649905,19.29525275,,127,GLN,-62.04358936,-45.26267149,19.08064688,H,-0.647060479,0.073827555,0.651258606,
671,ALA,-55.28556074,-43.95287555,19.33623399,,128,ALA,-54.76949674,-44.90380921,19.36213723,H,0.516063997,-0.95093366,1.081941253,
672,ALA,-63.31166823,-41.92313542,20.89901147,,129,ALA,-59.91280159,-48.2893003,20.85788585,H,3.398866642,-6.366164879,7.216671651,
673,TYR,-68.39216634,-31.40833763,21.54738051,,130,TYR,-62.84917883,-32.28748147,21.38437951,H,5.54298751,-0.879143844,5.612272662,
674,GLN,-60.35418757,-41.95632762,15.25521975,,131,GLN,-61.77067889,-43.14500953,15.32664112,H,-1.416491314,-1.188681908,1.849165304,
675,LYS,-62.08980713,-40.84590507,17.99558456,,132,LYS,-61.65035495,-41.35791182,18.20474018,H,0.439452179,-0.512006749,0.67473634,
676,VAL,-58.87255455,-55.33228164,19.0953674,,133,VAL,-61.49641727,-51.21376057,19.11153591,H,-2.623862724,4.118521075,4.883325858,
677,VAL,-60.48254838,-42.37583837,15.84134544,,134,VAL,-68.42291843,-33.88164969,15.76726582,H,-7.94037005,8.494188678,11.62758435,
678,ALA,-60.40032032,-47.33899642,14.00965919,,135,ALA,-64.34050419,-44.73632472,14.03721876,H,-3.940183868,2.6026717,4.722176288,
679,GLY,-56.97981277,-48.27831482,16.77727937,,136,GLY,-60.41722976,-44.99118514,16.74177124,H,-3.437416989,3.287129677,4.756159908,
680,VAL,-61.48386352,-41.85939196,17.98789566,,137,VAL,-65.08071944,-43.76586713,17.85751913,H,-3.596855916,-1.906475173,4.070874607,
681,ALA,-62.50750553,-40.95026571,14.40425268,,138,ALA,-63.42311357,-41.24331647,14.414865,H,-0.915608032,-0.293050757,0.961361958,
682,ASN,-70.99451905,-43.17779405,14.29828229,,139,ASN,-64.52532466,-37.58629504,14.25460543,H,6.469194385,5.591499003,8.550750674,
683,ALA,-63.98231721,-36.32279842,18.52047273,,140,ALA,-67.28896151,-43.10230862,18.32181966,H,-3.306644296,-6.779510193,7.54292085,
684,LEU,-70.4014404,-26.35944395,18.18153564,,141,LEU,-69.67949405,-25.24131733,18.1309813,H,0.721946349,1.118126621,1.330944654,
685,ALA,-79.58973458,-22.32505904,15.92763445,,142,ALA,-91.49155803,-6.424747013,15.70800994,H,-11.90182346,15.90031203,19.86135253,
686,HIS,-47.23675284,-49.67993613,19.53802055,,143,HIS,-62.25834522,-33.40023184,19.2109659,,-15.02159238,16.27970429,22.15123042,
687,LYS,-93.23660392,26.15614333,21.98464018,,144,LYS,-93.76820982,9.914512368,21.75359761,,-0.531605903,-16.24163096,16.25032865,
688,TYR,-77.12275762,136.0274082,17.67654746,,145,TYR,-70.16694974,148.3409544,17.51854135,,6.955807878,12.31354624,14.14237194,
,,,,,,,,,,,,-0.120696582,1.191794321,10.97962377,
