AminoAcid1,x1,y1,d1,,AminoAcid2,x2,y2,d2,,vectorx,vectory,magnitude,,Error,
LEU,-74.84690129,122.0216494,22.29831398,,LEU,-61.30191828,86.45377987,18.8821769,,13.54498301,-35.56786958,38.05968879,,Repeats ,
SER,-79.91246599,161.8601226,25.22843352,,SER,-70.51887618,166.5099896,20.95748719,,9.393589814,4.649866999,10.48144993,,,
PRO,-52.06626564,-45.84278253,28.54796422,,PRO,-54.39121886,-42.24998495,23.66478786,H,-2.324953219,3.592797585,4.279439445,,,
ALA,-57.3812999,-47.81555551,27.40817048,,ALA,-61.07374599,-39.89636345,20.9927865,H,-3.692446085,7.919192056,8.737720578,,,
ASP,-56.88985288,-45.05191475,23.6442035,,ASP,-58.09969339,-49.66276449,17.87125153,H,-1.209840506,-4.610849741,4.766932912,,,
LYS,-61.50073002,-39.69069745,26.88019302,,LYS,-51.82201305,-44.40503311,21.64077102,H,9.678716971,-4.714335658,10.7658034,,,
THR,-60.93274369,-42.56816885,29.4469657,,THR,-64.71378941,-48.96175455,21.71193027,H,-3.781045725,-6.393585704,7.427936789,,,
ASN,-65.28014096,-40.58090031,26.51221556,,ASN,-58.08858403,-43.82973372,17.83782064,H,7.191556931,-3.248833404,7.891350301,,,
VAL,-72.67965414,-40.09164769,24.91624454,,VAL,-64.61417309,-57.20336894,16.79741393,H,8.065481052,-17.11172126,18.91726695,,,
LYS,-64.35439565,-40.84992788,29.11336841,,LYS,-51.92174908,-46.35268561,21.29630518,H,12.43264657,-5.502757724,13.59599365,,,
ALA,-65.60945798,-44.27532956,29.74069644,,ALA,-55.50938415,-52.7170318,19.84365806,H,10.10007384,-8.441702245,13.16335171,,,
ALA,-73.60856345,-42.98941297,27.30306445,,ALA,-73.40265097,-36.26622773,16.9742316,H,0.205912477,6.723185242,6.726337766,,,
TRP,-61.45127017,-32.57237094,26.12587777,,TRP,-59.3133928,-47.02862793,17.16371418,H,2.137877368,-14.45625699,14.61348302,,,
GLY,-54.0956683,-57.70965585,30.91725739,,GLY,-49.07943352,-51.03825415,21.13099422,H,5.016234779,6.671401699,8.346868394,,,
LYS,-69.46251307,-26.23558774,31.79799899,,LYS,-70.7620522,0.543401627,20.80095327,,-1.299539133,26.77898937,26.81050304,,,
VAL,-57.34359078,-47.11495868,29.05947962,,VAL,-90.27285567,-36.16059364,18.52096711,,-32.9292649,10.95436504,34.70352432,,,
GLY,51.65075658,-116.0930348,31.34023954,,GLY,32.26849037,-134.7360622,21.57361619,H,-19.38226621,-18.64302738,26.89302351,,,
ALA,-74.10304429,-0.032970802,33.15481599,,ALA,-52.39424736,-12.90594497,23.47710198,H,21.70879694,-12.87297416,25.23856827,,,
HIS,-107.5722986,-0.150037407,31.34464469,,HIS,-95.75848388,11.93216011,20.59230057,H,11.81381473,12.08219752,16.89809798,,,
ALA,-39.75808884,-53.9894487,27.53955483,,ALA,-56.94950139,-41.4417897,18.5753665,H,-17.19141256,12.547659,21.28352443,,,
GLY,-60.14750511,-41.008573,27.7288052,,GLY,-64.92272871,-51.18117069,19.22999799,H,-4.775223602,-10.17259769,11.23763784,,,
GLU,-71.61941212,-36.15943417,29.26312507,,GLU,-55.86052248,-35.30813255,20.05049525,H,15.75888964,0.851301616,15.78186672,,,
TYR,-72.29228913,-46.07550698,26.61519188,,TYR,-77.68603168,-32.40433513,15.77883546,H,-5.39374255,13.67117184,14.69671386,,,
GLY,-59.38466363,-46.68601895,23.24664962,,GLY,-56.72061905,-52.35828828,15.21269339,H,2.664044576,-5.672269328,6.266719463,,,
ALA,-55.79344195,-45.88933651,24.54058168,,ALA,-56.082721,-51.33354016,16.478091,H,-0.289279054,-5.444203648,5.451883687,,,
GLU,-63.01818534,-43.48582074,23.98699049,,GLU,-59.31497331,-39.28387932,13.59177623,H,3.703212034,4.201941423,5.600900917,,,
ALA,-66.12474107,-36.99760355,19.87058558,,ALA,-66.89759991,-36.38444023,11.54718098,H,-0.772858843,0.613163315,0.986549564,,,
LEU,-67.31282072,-47.69521189,20.12632829,,LEU,-61.18573673,-50.81774557,14.26534131,H,6.127083986,-3.122533679,6.876872454,,,
GLU,-57.09846129,-43.46096835,23.07051608,,GLU,-54.37578539,-44.87137456,15.43895533,H,2.722675895,-1.410406212,3.066302287,,,
ARG,-59.78974195,-44.89815313,20.34735337,,ARG,-58.76695626,-44.29539041,10.4801993,H,1.022785692,0.60276272,1.187187209,,,
MET,-59.04621573,-58.84054097,15.73320157,,MET,-64.41291214,-47.4176832,11.3416981,H,-5.366696406,11.42285777,12.62074126,,,
PHE,-55.50816013,-39.8590577,18.99160744,,PHE,-58.01233248,-50.66880629,15.19930223,H,-2.504172349,-10.80974859,11.09601477,,,
LEU,-78.89023811,-46.83085361,20.14972925,,LEU,-68.69132837,-51.44903482,14.43948858,H,10.19890974,-4.618181211,11.19577409,,,
SER,-79.12864007,-16.44509891,16.09577659,,SER,-70.80601803,-32.51058815,10.80729523,H,8.322622041,-16.06548924,18.09325792,,,
PHE,-145.5870025,79.93840804,12.96120261,,PHE,-121.3326843,79.62682061,10.2238521,,24.25431821,-0.311587436,24.25631956,,,
PRO,-59.64584971,-13.16805952,16.40460489,,PRO,-54.28024692,-35.0589312,15.71137468,H,5.365602792,-21.89087168,22.53885437,,,
THR,-69.96247872,-30.0681602,13.71835513,,THR,-59.16868749,-34.42800214,16.51362731,H,10.79379122,-4.359841932,11.64105453,,,
THR,-61.39272673,-24.27100848,14.8456892,,THR,-62.31124557,-17.76043674,15.15876089,H,-0.918518839,6.510571745,6.575045347,,,
LYS,-64.69925981,-14.85400004,19.16521576,,LYS,-68.15790476,-13.204223,18.58571038,H,-3.458644947,1.649777036,3.831969355,,,
THR,-63.33971165,-20.74254594,17.60745943,,THR,-74.17267208,-5.412496688,20.84847087,H,-10.83296043,15.33004925,18.7713463,,,
TYR,-92.15620188,-17.45015538,16.63573541,,TYR,-103.6270975,-0.640205426,19.66233978,H,-11.47089561,16.80994995,20.35081972,,,
PHE,-120.1134682,49.37977968,20.74551038,,PHE,-132.1083132,60.86944415,20.36555231,,-11.99484502,11.48966447,16.60989755,,,
PRO,-68.86692959,-26.3706154,23.84487331,,PRO,-66.67308527,-37.77643607,25.30160042,,2.193844315,-11.40582067,11.61489122,,,
HIS,-80.00649756,-18.60238531,25.88895844,,HIS,-69.6015296,-5.352743518,25.98582288,,10.40496796,13.24964179,16.84685032,,,
PHE,-87.10013983,152.7198657,25.46697278,,PHE,-106.4207292,156.6249506,23.37058093,,-19.32058939,3.905084861,19.71128769,,,
ASP,-86.3233476,115.7868083,28.78177576,,ASP,-98.27338699,109.9090349,24.83899136,,-11.95003939,-5.877773402,13.31734439,,,
LEU,-109.605888,13.95453483,24.67246531,,LEU,-90.48218836,18.71638396,20.67867329,,19.12369963,4.761849127,19.70764051,,,
SER,-62.21579241,147.8059759,28.66017043,,SER,-74.79047535,164.188655,22.81720477,,-12.57468294,16.38267911,20.65223537,,,
HIS,-57.6982981,128.3163691,29.41158284,,HIS,-29.59809021,-102.1599102,21.03482071,,28.10020789,-230.4762794,232.1829818,<,<,<
GLY,91.09921112,-7.218274817,30.73047191,,GLY,-49.90624144,14.15682533,23.92830189,,-141.0054526,21.37510015,142.6163825,<,<,<
SER,-49.17633224,123.0504051,29.44571222,,SER,-53.03842796,130.9582116,23.51299416,,-3.862095714,7.907806443,8.800521919,,,
ALA,-54.88220981,-30.00489982,31.34286257,,SER,-76.15741728,-26.55616901,25.77139858,H,-21.27520747,3.44873081,21.55291621,,,
GLN,-70.57446092,-46.91824661,28.8087767,,GLN,-58.3925327,-46.41289007,25.08310902,H,12.18192821,0.505356544,12.19240584,,,
VAL,-59.64758856,-48.78579656,26.06034971,,VAL,-70.09643128,-47.08792155,20.34223,H,-10.44884272,1.697875006,10.58589126,,,
LYS,-58.50771116,-47.06208885,29.91309853,,LYS,-57.98734249,-47.28427519,21.8054284,H,0.52036867,-0.222186343,0.565818278,,,
GLY,-52.4982642,-46.77636535,28.51238006,,GLY,-65.18604163,-32.21249387,23.11837454,H,-12.68777744,14.56387147,19.3154355,,,
HIS,-76.81752737,-36.59894754,24.00634399,,HIS,-82.80049985,-20.43262283,20.19997432,H,-5.982972486,16.16632471,17.23792372,,,
GLY,-60.40712973,-36.45649358,25.00368553,,GLY,-74.04439375,-33.50618815,18.8981074,H,-13.63726402,2.950305433,13.95275142,,,
LYS,-63.01175551,-47.49901912,29.14490285,,LYS,-74.80333655,-31.60112993,22.68780523,H,-11.79158104,15.8978892,19.79354097,,,
LYS,-64.66072976,-39.52219317,26.61019777,,LYS,-70.34117306,-43.34637357,22.64133031,H,-5.680443293,-3.824180396,6.847758152,,,
VAL,-65.77705254,-41.4990768,22.5251006,,VAL,-60.06385968,-53.16577314,17.28181349,H,5.713192856,-11.66669633,12.99047251,,,
ALA,-54.5177244,-52.19564331,25.02621987,,ALA,-54.32958051,-41.00134386,18.4392706,H,0.188143887,11.19429944,11.19588041,,,
ASP,-53.89744446,-44.61263217,27.89424354,,ASP,-62.22889656,-40.89178546,22.18548568,H,-8.331452101,3.720846713,9.124570914,,,
ALA,-62.0186193,-44.14876388,24.22100232,,ALA,-69.90896238,-36.28484928,19.87141237,H,-7.89034308,7.8639146,11.13995811,,,
LEU,-64.83281855,-46.65505916,22.5290644,,LEU,-67.9110186,-28.77169953,16.62906252,H,-3.078200052,17.88335963,18.14634584,,,
THR,-53.93792816,-43.71057097,27.32180765,,THR,-67.0153162,-43.97891772,20.88329159,H,-13.07738804,-0.268346747,13.08014098,,,
ASN,-70.48728301,-34.3106463,27.21135887,,ASN,-68.38607781,-32.64635073,22.90585429,H,2.101205199,1.664295572,2.680474406,,,
ALA,-69.34524478,-33.28022628,24.54971921,,ALA,-70.81910459,-42.80481766,20.23661613,H,-1.473859811,-9.524591388,9.637951226,,,
VAL,-65.26521567,-44.03402446,26.3824126,,VAL,-59.19663948,-46.92841266,20.12076302,H,6.068576183,-2.894388193,6.723473797,,,
ALA,-59.44556008,-30.12091229,29.46605561,,ALA,-72.14079864,-18.02568428,24.05349358,H,-12.69523856,12.095228,17.53464065,,,
HIS,-128.1138628,40.26173179,28.91340088,,HIS,-132.176346,44.23442641,25.32731146,,-4.062483203,3.972694625,5.682083452,,,
VAL,-47.62587396,-32.40248778,26.07987567,,VAL,-46.61420404,-50.99010931,21.7507699,H,1.011669926,-18.58762152,18.61513228,,,
ASP,-81.2410514,-5.822207776,28.43867201,,ASP,-71.97941456,4.922659193,25.16538091,H,9.261636842,10.74486697,14.18555897,,,
ASP,-137.8953589,45.35379613,27.74297848,,ASP,-164.6588831,40.72050035,26.36179722,H,-26.76352426,-4.633295782,27.1616211,,,
MET,-59.93207652,-35.6872755,22.72126243,,MET,-56.39974849,-43.32688625,20.98616378,H,3.532328029,-7.63961075,8.416709197,,,
PRO,-56.73420038,-41.22937483,23.44907846,,PRO,-43.88493112,-57.6558385,24.12140276,H,12.84926926,-16.42646367,20.85503366,,,
ASN,-84.1062944,-47.46408227,27.12804554,,ASN,-57.44555946,-52.00605672,27.90779259,H,26.66073493,-4.541974447,27.04485753,,,
ALA,-57.4553703,-30.16287774,26.41506073,,ALA,-62.41704195,-41.22833737,25.16612036,H,-4.961671657,-11.06545963,12.12693624,,,
LEU,-110.296453,-0.923459412,22.7895589,,LEU,-93.6137387,8.248770197,22.030388,,16.68271431,9.172229609,19.03792932,,,
SER,-42.43050831,-33.27016114,24.7601326,,SER,-42.75755667,-64.48125729,26.0215641,H,-0.327048362,-31.21109615,31.2128096,,,
ALA,-72.07720157,-39.07133386,25.07507544,,ALA,-43.97952651,-55.0426754,26.07592301,H,28.09767507,-15.97134154,32.31970134,,,
LEU,-77.78774661,-32.16752666,22.19302615,,LEU,-61.0630772,-30.20852936,22.25142,H,16.72466941,1.9589973,16.8390094,,,
SER,-60.06781559,-40.22856691,20.35882878,,SER,-66.30012697,-45.94366814,22.89775633,H,-6.232311379,-5.715101231,8.456008941,,,
ASP,-60.17568347,-41.97231228,23.32370545,,ASP,-61.33238004,-43.46205214,26.9928829,H,-1.156696573,-1.489739857,1.886073117,,,
LEU,-56.56407684,-65.33729281,22.46214392,,LEU,-59.54153268,-53.58363229,24.16572623,H,-2.977455846,11.75366052,12.12492388,,,
HIS,-55.72017061,-38.5502342,18.47132933,,HIS,-77.20651791,-30.9947798,20.23194231,H,-21.4863473,7.555454395,22.77604029,,,
ALA,-78.60543607,-43.13868609,18.98002556,,ALA,-77.83851549,-48.63330453,23.36407444,H,0.766920584,-5.494618439,5.547882386,,,
HIS,-115.3441062,-18.40782795,22.179572,,HIS,-96.74469775,-52.53245281,27.32128828,,18.59940841,-34.12462486,38.86422539,,,
LYS,-101.0638909,-57.21379783,23.87155633,,LYS,-58.51884021,-72.25670292,27.09013591,,42.54505069,-15.0429051,45.12616017,,,
LEU,-74.55005943,-52.36495752,20.03392589,,LEU,-81.1138335,-28.68847777,23.45107515,,-6.563774076,23.67647975,24.56946933,,,
ARG,57.74020498,56.24211938,19.22521266,,ARG,61.42485249,50.05148889,24.73164402,,3.68464751,-6.190630485,7.204202459,,,
VAL,-83.19018568,125.4157165,14.10185003,,VAL,-67.31347901,130.3637565,18.70189272,,15.87670667,4.948040088,16.6298802,,,
ASP,-69.62132289,139.2890248,9.923327186,,ASP,-65.68541743,131.6568714,17.04057791,,3.935905458,-7.632153418,8.587264848,,,
PRO,-51.41832955,-32.34809131,8.776154687,,PRO,-59.5813495,-28.81116288,15.75379632,H,-8.163019953,3.536928433,8.896333936,,,
VAL,-59.69848007,-30.09372748,6.226826683,,VAL,-60.4401507,-30.49103809,12.69064961,H,-0.741670626,-0.397310615,0.841386381,,,
ASN,-71.61611954,-7.123534283,10.0172315,,ASN,-61.85851338,-33.65794285,12.96564119,H,9.757606161,-26.53440857,28.27164156,,,
PHE,-79.56542723,-33.58615639,11.55652083,,PHE,-55.53115739,-40.9686168,13.01273463,H,24.03426984,-7.382460406,25.14253066,,,
LYS,-65.17607915,-41.25238981,8.03786489,,LYS,-70.56093237,-31.85940572,8.485956169,H,-5.384853221,9.392984088,10.82703996,,,
LEU,-70.24896822,-43.58055729,10.12681082,,LEU,-70.38677374,-38.24168503,7.876578412,H,-0.137805519,5.33887226,5.340650463,,,
LEU,-68.46478461,-40.00833943,14.56421335,,LEU,-76.73235724,-38.90526714,9.284843337,H,-8.267572632,1.103072299,8.340834833,,,
SER,-54.93451082,-44.83102996,13.37967096,,SER,-61.92609715,-39.24261146,6.849543176,H,-6.991586322,5.588418501,8.95056985,,,
HIS,-59.47925723,-48.37956832,13.50815023,,HIS,-59.87474283,-54.59444061,2.528065096,H,-0.395485603,-6.214872297,6.227443017,,,
CYS,-66.77787568,-28.38151713,16.14655594,,CYS,-64.50843983,-34.09431039,6.619641184,H,2.269435854,-5.71279326,6.147059941,,,
LEU,-75.18422211,-42.5242239,18.41521283,,LEU,-62.2015893,-46.03375599,8.65258654,H,12.98263281,-3.509532099,13.44862707,,,
LEU,-60.08733459,-53.62602275,17.73318947,,LEU,-63.58900504,-43.77854418,5.915861379,H,-3.501670452,9.847478573,10.45153243,,,
VAL,-52.52080928,-46.46572218,19.35347505,,VAL,-57.16242751,-38.06177775,6.53933517,H,-4.641618232,8.403944434,9.600567789,,,
THR,-63.83748906,-39.13728033,22.14914489,,THR,-71.99624713,-39.11510935,10.3747684,H,-8.158758074,0.022170977,8.158788198,,,
LEU,-69.12073955,-40.37603362,23.12616466,,LEU,-66.52002119,-47.63655413,11.09477472,H,2.600718358,-7.26052051,7.712256093,,,
ALA,-61.16019685,-41.18773889,23.69735351,,ALA,-55.39054069,-29.87163946,10.50635362,H,5.769656161,11.31609943,12.70208795,,,
ALA,-72.72096865,-20.17518199,25.83526421,,ALA,-81.64465376,-14.52188759,12.69183962,,-8.923685111,5.653294399,10.56370643,,,
HIS,-118.919156,-10.75007533,27.79904747,,HIS,-122.3486518,-1.542528292,15.17932329,,-3.429495853,9.207547042,9.825495628,,,
LEU,-135.6352145,64.62219597,27.69551067,,LEU,-148.6257457,66.55368268,15.14253929,,-12.99053126,1.931486709,13.1333371,,,
PRO,-71.384697,-29.0861065,29.18425816,,PRO,-53.08834308,-49.54991346,16.39582532,,18.29635392,-20.46380696,27.45039092,,,
ALA,-69.61455605,-39.22319185,30.87047748,,ALA,-51.89491503,-59.49900714,18.16306222,,17.71964103,-20.27581529,26.92757627,,,
GLU,-96.17446052,-24.34694173,29.41334222,,GLU,-81.43538503,-13.79932432,17.25340914,,14.73907549,10.54761741,18.12436424,,,
PHE,-70.63096233,65.9509854,23.66283816,,PHE,-85.92788734,60.0058308,11.0307422,,-15.29692502,-5.9451546,16.41160498,,,
THR,-79.006543,164.5521397,26.10187911,,THR,-82.21339861,161.9600643,14.82428593,,-3.206855613,-2.592075388,4.123442463,,,
PRO,-62.87876086,-40.56094814,24.03482837,,PRO,-49.14317316,-45.15422285,13.51958237,H,13.7355877,-4.593274704,14.48325039,,,
ALA,-70.58371037,-37.88241117,24.12067258,,ALA,-64.45622935,-40.54749141,14.82928211,H,6.127481019,-2.665080234,6.681966499,,,
VAL,-66.10922507,-47.66273023,23.98367367,,VAL,-63.14540188,-48.63122361,13.77654656,H,2.963823191,-0.96849338,3.118048642,,,
HIS,-60.2613912,-47.99005405,19.46537349,,HIS,-51.56922015,-54.29095639,8.639989953,H,8.692171052,-6.300902333,10.73569783,,,
ALA,-56.19536917,-41.66682076,19.36850226,,ALA,-55.60610339,-52.23805511,11.43907956,H,0.589265787,-10.57123435,10.58764516,,,
SER,-64.71327485,-56.48722878,21.08016478,,SER,-54.84456253,-46.86588883,13.65415883,H,9.86871232,9.62133995,13.78265814,,,
LEU,-61.10975651,-31.06553713,19.99079697,,LEU,-69.71307373,-37.66289748,11.09131415,H,-8.603317219,-6.59736035,10.84168948,,,
ASP,-70.13668598,-50.59637016,14.89912727,,ASP,-55.02990711,-43.02801794,8.539563043,H,15.10677887,7.568352227,16.8965891,,,
LYS,-59.39576523,-39.77356651,17.52371848,,LYS,-74.5803793,-30.3624404,13.47092368,H,-15.18461408,9.411126111,17.86454028,,,
PHE,-62.54875888,-52.64715787,19.48728153,,PHE,-72.58167054,-46.75995826,14.2298682,H,-10.03291166,5.887199608,11.63264525,,,
LEU,-60.79651997,-35.60282257,15.80809588,,LEU,-63.12951353,-34.10543838,10.55757153,H,-2.332993558,1.497384186,2.772186563,,,
ALA,-60.94310008,-46.67363341,13.51224046,,ALA,-66.3671964,-38.57973969,12.4902439,H,-5.424096321,8.093893722,9.743302135,,,
SER,-72.35752615,-36.428821,16.64384458,,SER,-67.32594375,-39.44386172,15.70161693,H,5.0315824,-3.015040717,5.865772922,,,
VAL,-59.91603713,-43.77095729,17.15239759,,VAL,-70.76994686,-43.86738548,15.39695051,H,-10.85390972,-0.096428193,10.85433806,,,
SER,-63.36179219,-36.26430426,13.3806174,,SER,-53.11291676,-54.76150985,13.97273048,H,10.24887542,-18.49720559,21.14677427,,,
THR,-63.3694109,-43.1511335,14.23597482,,THR,-48.96173483,-34.29112423,17.10286762,H,14.40767606,8.860009269,16.91392603,,,
VAL,-65.42280289,-50.02752437,17.98689258,,VAL,-78.13607228,-42.7775532,19.62575911,H,-12.71326939,7.249971167,14.63520756,,,
LEU,-61.4511936,-19.12709547,16.83841617,,LEU,-66.3120264,-18.46295851,18.44115894,H,-4.860832796,0.664136963,4.905993618,,,
THR,-115.7078021,9.82076592,13.73874453,,THR,-112.9721865,27.1249658,18.78929633,,2.735615597,17.30419988,17.51910175,,,
SER,-67.3707354,-31.68110485,17.27028456,,SER,-76.60603156,-28.59462776,22.48649667,,-9.235296152,3.086477086,9.737403957,,,
LYS,-98.09582063,30.61780199,20.27698766,,LYS,-56.1663214,-58.84137587,25.64473461,,41.92949924,-89.45917786,98.79791197,,,
TYR,-78.13250352,-37.74682638,15.48767591,,TYR,-52.87828519,-64.3776142,22.2774116,,25.25421833,-26.63078782,36.70114989,,,
HIS,-100.1848223,84.29668247,22.76280596,,HIS,-68.26692705,-83.90689198,23.1239409,,31.91789529,-168.2035745,171.205124,,,
LEU,-94.41966756,160.6659192,23.37494415,,LEU,76.03532081,113.6555051,20.1425937,,170.4549884,-47.01041411,176.8187832,,,
THR,-97.93904103,154.8567073,26.38467431,,THR,-71.87880985,154.8687836,22.33939192,,26.06023118,0.012076328,26.06023398,,,
PRO,-70.19073962,-23.02093638,29.70263301,,PRO,-45.36131653,-43.21212946,24.75410631,H,24.82942309,-20.19119308,32.00288313,,,
GLU,-85.07708763,-20.58720389,30.91826618,,GLU,-65.00552227,-32.20923069,23.71348682,H,20.07156536,-11.6220268,23.19351726,,,
GLU,-76.32111924,-51.00755643,24.65344332,,GLU,-85.11810799,-27.17957599,18.65431652,H,-8.796988755,23.82798044,25.39999337,,,
LYS,-58.57839982,-38.93924205,27.662931,,LYS,-67.91135033,-28.1149895,22.1946684,H,-9.332950511,10.82425256,14.29224995,,,
SER,-68.93520272,-43.68195237,30.33016741,,SER,-81.74329488,-48.76237623,21.98764047,H,-12.80809216,-5.080423861,13.77889442,,,
ALA,-63.98368656,-37.14122041,28.10173676,,ALA,-42.19961499,-50.87729926,18.57785615,H,21.78407156,-13.73607885,25.7531675,,,
VAL,-65.99479159,-40.99991499,25.93002623,,VAL,-59.8523406,-68.42507982,17.41009355,H,6.142450993,-27.42516483,28.10461475,,,
THR,-62.83112888,-45.91982127,29.75668268,,THR,-64.42849574,-36.0652699,20.99993625,H,-1.597366856,9.85455137,9.983174023,,,
ALA,-67.29790718,-41.2812619,31.30894384,,ALA,-53.34868555,-52.72784178,21.11050495,H,13.94922163,-11.44657988,18.04452757,,,
LEU,-73.31896357,-48.27428492,28.54533337,,LEU,-74.1683399,-37.48831462,17.75409813,H,-0.849376338,10.7859703,10.81936207,,,
TRP,-53.84592852,-20.97811726,27.37018069,,TRP,-59.80258878,-25.88022417,17.22749276,H,-5.956660263,-4.90210691,7.714431518,,,
GLY,-57.7515568,-45.23492844,32.37210862,,GLY,-58.56369543,-40.40424051,21.75514133,H,-0.812138624,4.830687929,4.898480888,,,
LYS,-85.40010248,0.59992437,32.69652132,,LYS,-87.91543554,1.783309377,20.79128002,H,-2.515333062,1.183385006,2.779802239,,,
VAL,-78.94507451,136.7855116,29.74165696,,VAL,-77.81866123,135.6444526,18.59506677,,1.126413277,-1.141058993,1.603378463,,,
ASN,-93.34029975,99.06116026,31.80109487,,ASN,-75.52007677,92.83855739,19.88822052,,17.82022298,-6.22260287,18.87541082,,,
VAL,-55.13386263,-34.95525112,29.60139713,,VAL,-54.16061855,-35.67339827,20.77595867,,0.973244074,-0.718147152,1.209520302,,,
ASP,-62.20860656,-45.39518029,31.94978607,,ASP,-71.59273535,-30.20374043,22.83505505,,-9.384128784,15.19143986,17.85613951,,,
GLU,-88.70955055,-40.84021768,30.78606387,,GLU,-96.36635999,-65.57187151,19.5049367,,-7.656809436,-24.73165383,25.88979397,,,
VAL,-62.74095183,-32.6713317,26.38272322,,VAL,-46.26107718,-31.33843975,15.01497747,H,16.47987465,1.332891948,16.53368893,,,
GLY,-70.17733114,-40.96283597,25.43813816,,GLY,-63.56580834,-36.57399803,15.5714568,H,6.611522803,4.388837941,7.935624251,,,
GLY,-62.44185952,-38.81525079,26.05375897,,GLY,-91.93002377,-24.26570578,15.83013148,H,-29.48816425,14.549545,32.88223062,,,
GLU,-67.12585118,-47.41416103,25.25535225,,GLU,-61.27762626,-41.5655394,13.45560448,H,5.848224912,5.848621636,8.270919517,,,
ALA,-69.03742649,-37.40950715,21.22235493,,ALA,-75.43783041,-52.49998046,11.39565136,H,-6.400403918,-15.09047331,16.39169165,,,
LEU,-69.61661493,-52.9018768,21.93569599,,LEU,-67.41296005,-41.94543627,14.14094659,H,2.203654883,10.95644053,11.17585272,,,
GLY,-56.05074765,-51.34918896,22.56866525,,GLY,-61.91075198,-46.14444111,13.8817597,H,-5.86000433,5.204747849,7.837668717,,,
ARG,-53.44369294,-44.261549,21.61370554,,ARG,-58.22484676,-40.46139894,10.54804048,H,-4.781153818,3.800150055,6.107419444,,,
LEU,-53.30182021,-51.18750561,17.33703084,,LEU,-50.90629236,-52.20682704,11.04470708,H,2.395527851,-1.019321435,2.603376629,,,
LEU,-62.34230228,-31.29142004,20.61481102,,LEU,-70.20253385,-33.39488788,14.78616182,H,-7.860231569,-2.103467837,8.13681862,,,
VAL,-81.82439064,-59.79903905,20.96142606,,VAL,-76.79084777,-50.41258326,13.68763973,H,5.033542875,9.386455793,10.65092044,,,
VAL,-68.62082706,-34.80421734,17.07252099,,VAL,-71.70681085,-40.31274918,10.20853151,H,-3.085983791,-5.508531835,6.314049329,,,
TYR,-122.7233459,64.60853727,13.99655469,,TYR,-132.0394926,82.70271772,9.565068815,,-9.316146708,18.09418045,20.35165732,,,
PRO,-52.00366027,-20.99359815,18.25809064,,PRO,-68.88126782,-14.89201021,15.63592768,H,-16.87760755,6.101587937,17.94667133,,,
TRP,-66.59668541,-27.29097945,14.62245177,,TRP,-54.95691801,-31.30932794,14.8625604,H,11.6397674,-4.018348482,12.31386656,,,
THR,-58.31058003,-16.46475381,17.37256962,,THR,-65.98657335,-20.428149,15.40205401,H,-7.675993315,-3.963395192,8.638829482,,,
GLN,-67.87281347,-14.55379766,21.58037334,,GLN,-67.75405329,-13.27038798,18.44121445,H,0.118760175,1.283409684,1.288892702,,,
ARG,-50.50096462,-27.18403588,19.73093774,,ARG,-72.70033954,-13.08716667,22.58719655,H,-22.19937491,14.09686921,26.29703345,,,
PHE,-89.83926901,-14.55176605,20.43911553,,PHE,-90.66613067,-11.56404598,19.96702207,H,-0.826861654,2.987720069,3.100027646,,,
PHE,-117.8620241,37.80280363,23.60677788,,PHE,-140.0837729,49.21007122,19.96515803,,-22.22174879,11.40726759,24.97862833,,,
GLU,-66.18497747,-31.60623535,27.0102408,,GLU,-74.06322696,-20.05772641,24.99558407,H,-7.878249497,11.54850893,13.97980235,,,
SER,-73.47894068,3.051762265,29.97729859,,SER,-77.6760074,-15.64700269,26.37940866,H,-4.197066715,-18.69876496,19.16400741,,,
PHE,-85.50183213,-1.177598093,28.43357351,,PHE,-75.4692485,-10.45178521,23.5347018,H,10.03258363,-9.274187115,13.66247711,,,
GLY,82.9845194,-138.8300792,30.51893673,,GLY,104.6396779,-138.5273981,25.67116631,,21.65515853,0.302681078,21.65727376,,,
ASP,-77.43490201,115.5624412,31.0844722,,ASP,-73.81148488,120.1645895,25.32756763,,3.623417134,4.602148237,5.857381678,,,
LEU,-123.9537286,8.846112512,26.5399947,,LEU,-135.3994014,11.99924358,21.35291538,,-11.44567285,3.153131071,11.87205385,,,
SER,-56.62326523,-35.72185179,28.71792864,,SER,-47.85479577,-37.95050426,23.39806448,,8.768469466,-2.228652469,9.047261939,,,
THR,-139.1953062,168.206935,28.79399088,,THR,-140.1607093,175.4338191,21.58563894,,-0.965403003,7.226884164,7.291080693,,,
PRO,-56.08484543,-50.83156638,26.94553357,,PRO,-64.75739941,-36.45014421,18.60637839,H,-8.672553979,14.38142217,16.79400179,,,
ASP,-60.10812344,-40.53574958,30.8618956,,ASP,-66.43216291,-52.43288185,21.5468285,H,-6.324039467,-11.89713227,13.47350108,,,
ALA,-59.79755081,-41.00713477,29.99932174,,ALA,-57.04389574,-44.28780639,22.45199159,H,2.753655074,-3.280671614,4.283155671,,,
VAL,-75.14674223,-54.12002377,26.63908091,,VAL,-60.53772593,-56.23639715,19.05883424,H,14.6090163,-2.11637338,14.76151732,,,
MET,-58.69217143,-33.93106557,26.97424604,,MET,-63.86557366,-26.17842768,17.57290309,H,-5.173402228,7.752637892,9.32027279,,,
GLY,-107.8956674,6.027956288,31.56747368,,GLY,-93.21393018,-18.06640346,22.61540031,H,14.68173721,-24.09435975,28.21509488,,,
ASN,-56.28544094,120.3782491,30.50847102,,ASN,-49.35463076,112.3838482,22.80076786,,6.930810181,-7.994400851,10.58048084,,,
PRO,-67.97761678,-27.89151515,33.06497823,,PRO,-67.70750751,-17.77353066,24.88895056,H,0.270109271,10.1179845,10.12158927,,,
LYS,-67.68313095,-42.44331012,31.49876931,,LYS,-78.18349203,-34.49748357,24.85016986,H,-10.50036107,7.945826542,13.16790576,,,
VAL,-67.52650952,-40.4883506,27.28867869,,VAL,-66.94175974,-47.44274549,19.69828323,H,0.584749777,-6.954394892,6.978935493,,,
LYS,-63.67592039,-39.09697826,30.52637092,,LYS,-56.11050127,-45.20699444,21.27441496,H,7.565419113,-6.11001618,9.724600972,,,
ALA,-76.53788352,-34.04858641,30.40878817,,ALA,-65.34755837,-56.01905554,22.58000888,H,11.19032514,-21.97046913,24.65613292,,,
HIS,-69.71628676,-38.17672151,26.2764192,,HIS,-57.81714146,-36.71854172,20.22369292,H,11.8991453,1.458179792,11.98815863,,,
GLY,-56.24674901,-39.43009544,26.17267563,,GLY,-56.00135656,-38.63037069,18.0648057,H,0.245392452,0.799724754,0.83652683,,,
LYS,-62.62757457,-47.33672077,30.44677458,,LYS,-70.45133042,-37.74132889,21.97371541,H,-7.823755852,9.595391879,12.38073911,,,
LYS,-58.71727493,-57.37296108,28.3823084,,LYS,-65.95416688,-41.5375315,21.99225401,H,-7.236891949,15.83542958,17.41072759,,,
VAL,-53.40111152,-43.78433753,23.95720569,,VAL,-60.66833941,-41.53058475,17.02018215,H,-7.267227891,2.253752779,7.60867944,,,
LEU,-75.08475077,-22.84143371,25.30018586,,LEU,-70.48373267,-36.93678631,17.08727249,H,4.601018104,-14.0953526,14.82728338,,,
GLY,-74.23117537,-42.50996579,27.78526133,,GLY,-54.15241846,-41.71234388,20.21472122,H,20.07875691,0.797621914,20.09459329,,,
ALA,-58.78852765,-46.31392042,25.84907969,,ALA,-63.98213507,-30.26251899,19.18930561,H,-5.193607428,16.05140143,16.87071563,,,
PHE,-56.9214402,-46.91097584,22.61617065,,PHE,-77.87591054,-49.84880335,15.06930954,H,-20.95447034,-2.937827507,21.15941062,,,
SER,-54.3886421,-46.89241282,27.48312359,,SER,-49.62275935,-54.48670386,19.90511723,H,4.765882745,-7.594291044,8.965873901,,,
ASP,-58.16808393,-40.57032392,28.50100523,,ASP,-62.00153856,-22.77039307,22.57614044,H,-3.833454635,17.79993085,18.20804528,,,
GLY,-52.42307876,-47.22263564,25.51342765,,GLY,-81.82262214,-47.88347489,20.12910905,H,-29.39954338,-0.660839243,29.40696957,,,
LEU,-64.71052953,-12.88281253,25.87255264,,LEU,-51.47202983,-10.82747765,19.11797339,,13.2384997,2.055334882,13.39709953,,,
ALA,-93.39316814,-13.23596705,29.48623397,,ALA,-119.7803186,17.86859729,23.56206958,,-26.38715044,31.10456434,40.78940587,,,
HIS,-132.3637275,49.65087881,28.92240599,,HIS,-150.6727463,23.89669979,24.88538483,,-18.30901888,-25.75417902,31.59901754,,,
LEU,-59.9811311,-15.09627606,25.12832919,,LEU,-37.37717499,-36.4413873,21.05825334,H,22.60395611,-21.34511124,31.08942916,,,
ASP,-92.85424241,-17.69638304,27.8635465,,ASP,-92.74817511,14.02311581,25.90807151,H,0.106067294,31.71949885,31.71967619,,,
ASN,-143.4037964,61.37514396,26.72484296,,ASN,-160.2507874,47.26023099,25.88286729,H,-16.84699096,-14.11491296,21.97844108,,,
LEU,-62.02849352,-36.30383407,22.58540946,,LEU,-63.41130535,-27.6642945,21.05024549,H,-1.382811834,8.639539574,8.749503564,,,
LYS,-61.96046892,-46.94711308,22.00543518,,LYS,-67.26387779,-57.30984641,23.95800772,H,-5.303408869,-10.36273333,11.64097881,,,
GLY,-78.73751094,-34.07657469,26.22233162,,GLY,-57.31422174,-66.92261049,26.09734285,H,21.42328919,-32.84603579,39.21504032,,,
THR,-47.8270559,-54.56480982,26.30614598,,THR,-41.39706954,-34.32848398,24.44451586,H,6.429986367,20.23632583,21.23331363,,,
PHE,-89.73978343,4.097609656,22.89502742,,PHE,-106.3560467,0.196855031,21.01233015,H,-16.61626329,-3.900754625,17.06798442,,,
ALA,-64.01030717,-40.50499717,24.75354822,,ALA,-38.57504439,-56.35498327,25.64517624,H,25.43526278,-15.84998609,29.96956209,,,
THR,-71.24413565,-31.82178801,27.05543953,,THR,-49.5184154,-64.55086886,26.08289677,H,21.72572025,-32.72908085,39.28357995,,,
LEU,-67.36836387,-42.36646523,24.10710323,,LEU,-59.16604529,-37.65919021,22.29270588,H,8.202318583,4.707275024,9.457085613,,,
SER,-54.78499706,-48.04805933,21.21403011,,SER,-57.88084138,-53.79608387,22.72435466,H,-3.095844322,-5.748024532,6.528708761,,,
GLU,-66.64935839,-36.45553988,25.02405754,,GLU,-53.34715924,-38.66815675,27.31980752,H,13.30219916,-2.212616871,13.4849611,,,
LEU,-63.5337633,-56.21405667,24.92102561,,LEU,-66.18967108,-46.52793712,24.12038476,H,-2.655907777,9.686119551,10.04364267,,,
HIS,-54.67899001,-37.51655602,20.90639629,,HIS,-80.11096068,-26.99471036,20.35993118,H,-25.43197067,10.52184567,27.52261559,,,
CYS,-70.35517957,-71.20544822,20.81553859,,CYS,-90.89949507,-68.93301623,22.90440208,H,-20.5443155,2.27243199,20.66961166,,,
ASP,-77.14051135,-30.34673793,24.41396596,,ASP,-73.02820591,-21.0651025,27.35552164,H,4.112305445,9.281635428,10.15183788,,,
LYS,-108.1940337,-33.02329043,26.86017792,,LYS,-108.286778,-49.06158329,28.14042043,,-0.0927443,-16.03829286,16.03856101,,,
LEU,-90.39809275,-28.58582196,23.01318608,,LEU,-87.65890382,-26.59613152,23.3137609,,2.739188933,1.989690438,3.385561113,,,
HIS,60.053305,35.62610948,21.62524522,,HIS,57.69679218,37.90459296,24.50329734,,-2.356512826,2.27848348,3.277901717,,,
VAL,-85.27850535,119.470169,17.55866544,,VAL,-78.04307708,135.0070917,18.88560427,,7.235428269,15.53692276,17.13906039,,,
ASP,-65.11323715,125.1297267,12.90039756,,ASP,-70.93937969,131.8801449,16.95432443,,-5.826142547,6.750418178,8.916954781,,,
PRO,-53.70539661,-21.15859602,12.53427355,,PRO,-51.23959218,-25.92625664,15.95272514,H,2.465804431,-4.767660627,5.367567359,,,
GLU,-57.71526695,-30.27484285,8.441217181,,GLU,-59.28620157,-35.03244297,11.74530933,H,-1.570934621,-4.757600118,5.010248942,,,
ASN,-62.48677795,-31.39734375,13.18494191,,ASN,-68.53318377,-18.86205768,12.54276483,H,-6.046405825,12.53528606,13.91734242,,,
PHE,-65.04369527,-37.0567473,14.52162455,,PHE,-76.85168015,-26.53432391,13.72806337,H,-11.80798488,10.52242339,15.81612788,,,
ARG,-71.25608577,-40.8467857,9.261411071,,ARG,-74.64465912,-39.19347931,10.57960923,H,-3.388573354,1.653306398,3.770391415,,,
LEU,-62.27638251,-50.50979707,11.44458562,,LEU,-60.1396899,-51.95763045,7.526230131,H,2.136692609,-1.447833383,2.581022435,,,
LEU,-53.40977672,-43.34356688,16.14964728,,LEU,-57.85094535,-47.28375648,9.557283529,H,-4.441168632,-3.940189596,5.937092964,,,
GLY,-62.94990144,-37.37917508,14.90435853,,GLY,-58.61829857,-31.35616685,7.131204163,H,4.331602871,6.023008233,7.418855141,,,
ASN,-65.6837866,-46.58893708,12.97644477,,ASN,-79.83026553,-46.24275534,3.659473105,H,-14.14647893,0.346181737,14.15071404,,,
VAL,-55.79997645,-47.46251742,16.91902595,,VAL,-59.73076248,-36.78242369,5.956488062,H,-3.930786035,10.68009373,11.38048685,,,
LEU,-53.82138559,-43.46720701,19.51751058,,LEU,-60.21550104,-46.29126368,8.783278576,H,-6.394115455,-2.824056669,6.989993457,,,
VAL,-61.39343039,-37.50270327,18.30693673,,VAL,-61.69877317,-37.53431873,6.313012298,H,-0.305342786,-0.031615453,0.306975168,,,
CYS,-62.37408381,-48.18139211,18.90886249,,CYS,-67.43020058,-39.09846892,5.479721967,H,-5.056116768,9.082923188,10.39537447,,,
VAL,-63.71897759,-44.99189497,22.58475256,,VAL,-61.094516,-40.3603258,9.811780429,H,2.624461588,4.631569178,5.323460499,,,
LEU,-59.46406255,-43.57842165,23.34746753,,LEU,-72.41122043,-27.66253954,11.04396081,H,-12.94715788,15.91588212,20.51692474,,,
ALA,-68.36713415,-44.56714513,23.77064631,,ALA,-74.03271843,-41.09761528,10.48124463,H,-5.665584284,3.46952985,6.643529383,,,
HIS,-54.64230925,-43.31518822,26.02873605,,HIS,-54.11997346,-51.57146642,12.49725737,H,0.52233579,-8.256278198,8.272784559,,,
HIS,-73.92537816,-51.07872707,27.96643917,,HIS,-74.26030904,-29.7720619,14.71931456,H,-0.334930883,21.30666517,21.30929749,,,
PHE,-88.84089348,-5.837584314,28.43128553,,PHE,-105.5701457,-26.86831683,15.83252958,H,-16.72925223,-21.03073252,26.87302719,,,
GLY,52.95386798,-134.0618686,27.79676506,,GLY,63.11951866,-132.7899103,14.72233746,H,10.16565068,1.271958258,10.24491735,,,
LYS,-59.43498978,-25.31783594,29.92503438,,LYS,-46.88849831,-14.02897234,17.84082417,H,12.54649147,11.2888636,16.87758542,,,
GLU,-70.8080743,-20.1672511,30.31041351,,GLU,-85.28912394,-28.28805185,18.08963905,H,-14.48104965,-8.12080075,16.60265653,,,
PHE,-92.75451156,76.22506364,23.89691485,,PHE,-80.85222269,72.810185,11.74004786,,11.90228887,-3.414878636,12.38248265,,,
THR,-67.36070329,166.7967414,25.70450539,,THR,-73.66686195,165.0195238,14.92572276,,-6.306158666,-1.777217558,6.551804284,,,
PRO,-54.42264675,-48.22734428,23.08568779,,PRO,-47.43451171,-49.95376217,13.53349188,H,6.988135038,-1.726417892,7.198232425,,,
PRO,-58.46515642,-38.63046699,24.07462749,,PRO,-58.62552954,-45.90971131,15.4661533,H,-0.160373122,-7.279244317,7.281010737,,,
VAL,-73.67964609,-30.40731768,23.96115563,,VAL,-58.9053069,-43.2910238,14.11405683,H,14.77433919,-12.88370612,19.60283097,,,
GLN,-67.32320835,-48.07753034,19.08236536,,GLN,-60.91497394,-46.86800848,9.1725533,H,6.408234414,1.209521859,6.521381098,,,
ALA,-58.5203788,-45.77572493,19.34244736,,ALA,-52.78435876,-40.07267515,12.333243,H,5.736020039,5.703049783,8.088677439,,,
ALA,-56.71264941,-44.0697471,20.96188745,,ALA,-70.09365759,-45.63546619,13.81291188,H,-13.38100818,-1.565719089,13.47229959,,,
TYR,-70.09974976,-35.3254467,21.45151018,,TYR,-65.23463921,-36.34020682,12.36911971,H,4.86511055,-1.014760124,4.96981275,,,
GLN,-57.80716188,-39.047477,15.20356983,,GLN,-59.03821636,-38.32098398,8.438487527,H,-1.231054482,0.726493026,1.429435992,,,
LYS,-62.93408305,-45.57644671,18.04384401,,LYS,-62.82512865,-53.36973654,14.11075649,H,0.108954392,-7.793289834,7.794051418,,,
VAL,-65.43718475,-42.50582578,19.09463688,,VAL,-54.50172652,-54.19651626,14.00009051,H,10.93545823,-11.69069048,16.00801332,,,
VAL,-68.14984747,-33.28497103,15.75304944,,VAL,-57.10884025,-34.19544583,10.53377045,H,11.04100722,-0.910474796,11.07848386,,,
ALA,-71.06831648,-47.43025961,14.18421293,,ALA,-67.69253138,-38.03971591,12.62205474,H,3.375785097,9.390543694,9.978889512,,,
GLY,-55.6101276,-49.08750845,16.81908799,,GLY,-59.57062449,-59.15441655,15.53539163,H,-3.960496885,-10.0669081,10.81795611,,,
VAL,-65.25741106,-38.33700986,17.91965614,,VAL,-55.6533676,-50.13888666,15.22438154,H,9.604043456,-11.80187681,15.21584526,,,
ALA,-63.09890249,-38.36773891,14.41733461,,ALA,-59.60136905,-40.57339969,14.35807936,H,3.497533446,-2.205660773,4.134934056,,,
ASN,-68.24662628,-46.27345684,14.50323996,,ASN,-68.2545751,-39.09585407,16.51854352,H,-0.007948816,7.177602774,7.177607176,,,
ALA,-53.535876,-46.95997648,18.66655455,,ALA,-61.27530309,-50.31071043,19.25057543,H,-7.739427082,-3.350733949,8.43363205,,,
LEU,-68.27573539,-29.44960304,18.23222027,,LEU,-63.31384685,-31.51931685,18.16368775,H,4.961888546,-2.069713809,5.376248989,,,
ALA,-85.03386789,-15.92112719,15.92860529,,ALA,-85.4542079,-7.56788761,19.34353963,H,-0.420340003,8.353239582,8.363808775,,,
HIS,-55.45519663,-45.79505958,19.47451147,,HIS,-43.28176409,-45.81830619,22.66645338,,12.17343254,-0.023246615,12.17345473,,,
LYS,-86.45400424,9.49681992,21.70594368,,LYS,-63.39926027,7.102068127,25.58582281,,23.05474397,-2.394751793,23.17878461,,,
TYR,-76.65851099,146.7054834,17.74587993,,TYR,-103.2615216,-9.552601682,22.41565939,,-26.60301064,-156.2580851,158.5064962,,,
LEU,-72.99122209,118.9192662,22.02964765,,LEU,-61.30191828,86.45377987,18.8821769,,11.68930381,-32.46548634,34.50576223,,,
SER,-86.47830589,162.0019346,25.0379855,,SER,-70.51887618,166.5099896,20.95748719,,15.95942971,4.508055006,16.58390656,,,
PRO,-59.95843052,-34.66541039,28.39943644,,PRO,-54.39121886,-42.24998495,23.66478786,,5.567211668,-7.584574562,9.408486437,,,
ALA,-66.45039914,-45.92295025,27.29876296,,ALA,-61.07374599,-39.89636345,20.9927865,,5.376653148,6.0265868,8.076394463,,,
ASP,-56.16368111,-53.52508763,23.60417882,,ASP,-58.09969339,-49.66276449,17.87125153,,-1.936012285,3.862323135,4.320380025,,,
LYS,-57.67073947,-25.54326911,26.36033542,,LYS,-51.82201305,-44.40503311,21.64077102,,5.848726417,-18.861764,19.74775283,,,
THR,-77.32415734,-46.5887592,29.18991695,,THR,-64.71378941,-48.96175455,21.71193027,,12.61036793,-2.372995356,12.8316985,,,
ASN,-48.11902078,-53.12652258,26.48446495,,ASN,-58.08858403,-43.82973372,17.83782064,,-9.969563251,9.296788859,13.63167174,,,
VAL,-65.71435999,-38.12729465,24.83796165,,VAL,-64.61417309,-57.20336894,16.79741393,,1.100186906,-19.0760743,19.10777386,,,
LYS,-72.28037765,-28.59842198,28.98143623,,LYS,-51.92174908,-46.35268561,21.29630518,,20.35862857,-17.75426363,27.01273097,,,
ALA,-77.78634143,-47.71640141,29.67899965,,ALA,-55.50938415,-52.7170318,19.84365806,,22.27695728,-5.000630397,22.83131906,,,
ALA,-57.14041272,-51.22666147,27.3369859,,ALA,-73.40265097,-36.26622773,16.9742316,,-16.26223825,14.96043374,22.09694483,,,
TRP,-60.68070786,-35.63793644,26.18881512,,TRP,-59.3133928,-47.02862793,17.16371418,,1.367315052,-11.39069149,11.47246281,,,
GLY,-62.76917466,-28.57587391,31.0262754,,GLY,-49.07943352,-51.03825415,21.13099422,,13.68974115,-22.46238024,26.30527587,,,
LYS,-77.65078136,-36.35585442,31.79100059,,LYS,-70.7620522,0.543401627,20.80095327,,6.888729152,36.89925605,37.53677778,,,
VAL,-55.88531737,-41.60769233,28.93711615,,VAL,-90.27285567,-36.16059364,18.52096711,,-34.3875383,5.447098687,34.81628461,,,
GLY,40.50456723,-137.79882,31.3575927,,GLY,32.26849037,-134.7360622,21.57361619,,-8.236076862,3.062757853,8.787118284,,,
ALA,-48.71508083,-3.699376403,33.34570269,,ALA,-52.39424736,-12.90594497,23.47710198,,-3.679166529,-9.206568564,9.914492981,,,
HIS,-97.61382502,-2.861200679,31.45775105,,HIS,-95.75848388,11.93216011,20.59230057,,1.855341145,14.79336079,14.90925264,,,
ALA,-45.28480106,-43.7512757,27.62661038,,ALA,-56.94950139,-41.4417897,18.5753665,,-11.66470033,2.309486001,11.89112944,,,
GLY,-61.85278873,-40.75315987,27.85369377,,GLY,-64.92272871,-51.18117069,19.22999799,,-3.069939984,-10.42801082,10.87050786,,,
GLU,-74.96395708,-33.20431883,29.405891,,GLU,-55.86052248,-35.30813255,20.05049525,,19.10343459,-2.103813727,19.21892935,,,
TYR,-69.48277568,-39.05809598,26.37364661,,TYR,-77.68603168,-32.40433513,15.77883546,,-8.203256001,6.653760849,10.56247804,,,
GLY,-57.89501079,-58.70772332,23.3612157,,GLY,-56.72061905,-52.35828828,15.21269339,,1.174391739,6.349435039,6.457129491,,,
ALA,-56.35738673,-41.40401034,24.56193948,,ALA,-56.082721,-51.33354016,16.478091,,0.274665731,-9.929529816,9.933327923,,,
GLU,-65.41252602,-46.02216634,23.93679141,,GLU,-59.31497331,-39.28387932,13.59177623,,6.097552713,6.738287024,9.087610308,,,
ALA,-61.35705875,-39.45024465,19.837858,,ALA,-66.89759991,-36.38444023,11.54718098,,-5.540541164,3.065804419,6.332199707,,,
LEU,-64.47337404,-54.45218458,20.15966917,,LEU,-61.18573673,-50.81774557,14.26534131,,3.287637308,3.63443901,4.900786262,,,
GLU,-54.05969142,-43.01534003,23.14285536,,GLU,-54.37578539,-44.87137456,15.43895533,,-0.316093974,-1.856034531,1.882758503,,,
ARG,-65.50383253,-37.08934655,20.39828204,,ARG,-58.76695626,-44.29539041,10.4801993,,6.73687627,-7.206043865,9.86471338,,,
MET,-65.47343917,-47.77970434,15.64209774,,MET,-64.41291214,-47.4176832,11.3416981,,1.060527033,0.362021147,1.120614519,,,
PHE,-60.15391229,-36.61116515,19.07494983,,PHE,-58.01233248,-50.66880629,15.19930223,,2.141579811,-14.05764115,14.21983258,,,
LEU,-83.36531432,-43.12157162,20.14203371,,LEU,-68.69132837,-51.44903482,14.43948858,,14.67398594,-8.327463202,16.87224072,,,
SER,-78.71484308,-34.87204395,16.05293189,,SER,-70.80601803,-32.51058815,10.80729523,,7.908825055,2.361455806,8.253846817,,,
PHE,-129.064043,72.5240301,12.87194891,,PHE,-121.3326843,79.62682061,10.2238521,,7.731358679,7.102790511,10.49873993,,,
PRO,-53.74926053,-26.18974145,16.19140105,,PRO,-54.28024692,-35.0589312,15.71137468,,-0.530986388,-8.869189749,8.88507025,,,
THR,-57.27446725,-24.84386714,13.52335254,,THR,-59.16868749,-34.42800214,16.51362731,,-1.894220247,-9.584134995,9.769529873,,,
THR,-76.12157905,-12.00529286,14.69116226,,THR,-62.31124557,-17.76043674,15.15876089,,13.81033348,-5.755143871,14.96151703,,,
LYS,-73.64020328,-16.21851293,18.99831131,,LYS,-68.15790476,-13.204223,18.58571038,,5.482298526,3.014289934,6.256320079,,,
THR,-54.36323064,-25.70960144,17.49026208,,THR,-74.17267208,-5.412496688,20.84847087,,-19.80944144,20.29710475,28.36170713,,,
TYR,-87.08699803,-10.03757669,16.44336028,,TYR,-103.6270975,-0.640205426,19.66233978,,-16.54009946,9.397371265,19.02328775,,,
PHE,-131.1694652,45.21550579,20.77315721,,PHE,-132.1083132,60.86944415,20.36555231,,-0.938848054,15.65393836,15.68206689,,,
PRO,-56.68853525,-23.79596188,23.70030896,,PRO,-66.67308527,-37.77643607,25.30160042,,-9.984550018,-13.98047419,17.17978165,,,
HIS,-94.78247333,-2.118688618,25.91667725,,HIS,-69.6015296,-5.352743518,25.98582288,,25.18094373,-3.2340549,25.3877734,,,
PHE,-100.2200385,152.488242,25.41014659,,PHE,-106.4207292,156.6249506,23.37058093,,-6.200690759,4.136708547,7.453920008,,,
ASP,-83.4633341,113.1659378,28.8596481,,ASP,-98.27338699,109.9090349,24.83899136,,-14.81005289,-3.256902852,15.16394021,,,
LEU,-94.07194591,-4.787363574,24.47774555,,LEU,-90.48218836,18.71638396,20.67867329,,3.589757548,23.50374753,23.77630138,,,
SER,-59.11986393,157.9338241,28.28999374,,SER,-74.79047535,164.188655,22.81720477,,-15.67061142,6.254830937,16.87278792,,,
HIS,-49.96846307,119.1503595,29.21236917,,HIS,-29.59809021,-102.1599102,21.03482071,,20.37037287,-221.3102697,222.2457819,<,<,<
GLY,85.83420561,6.962665566,30.3420767,,GLY,-49.90624144,14.15682533,23.92830189,,-135.7404471,7.194159767,135.9309564,<,<,<
SER,-39.65831306,138.6972366,29.23662288,,SER,-53.03842796,130.9582116,23.51299416,,-13.38011489,-7.739025034,15.45703668,,,
ALA,-75.72639476,-24.91322081,31.23073837,,SER,-76.15741728,-26.55616901,25.77139858,,-0.431022517,-1.6429482,1.698546201,,,
GLN,-67.99960848,-52.49165441,28.66144458,,GLN,-58.3925327,-46.41289007,25.08310902,,9.607075778,6.078764337,11.36869741,,,
VAL,-62.98727978,-29.28336943,25.76414785,,VAL,-70.09643128,-47.08792155,20.34223,,-7.109151507,-17.80455212,19.17138783,,,
LYS,-67.11046292,-54.37912807,29.75942757,,LYS,-57.98734249,-47.28427519,21.8054284,,9.123120436,7.094852872,11.55717369,,,
GLY,-53.65778195,-47.54829002,28.3962034,,GLY,-65.18604163,-32.21249387,23.11837454,,-11.52825968,15.33579615,19.18560436,,,
HIS,-58.87042715,-40.7666426,23.95416815,,HIS,-82.80049985,-20.43262283,20.19997432,,-23.93007271,20.33401977,31.40255945,,,
GLY,-58.48855479,-38.84611787,25.01269942,,GLY,-74.04439375,-33.50618815,18.8981074,,-15.55583897,5.339929725,16.44685305,,,
LYS,-63.89004412,-48.42652387,28.82871366,,LYS,-74.80333655,-31.60112993,22.68780523,,-10.91329243,16.82539394,20.05477083,,,
LYS,-60.11150258,-45.63834452,26.18761794,,LYS,-70.34117306,-43.34637357,22.64133031,,-10.22967047,2.291970951,10.48328617,,,
VAL,-66.47872822,-48.01241387,22.34627493,,VAL,-60.06385968,-53.16577314,17.28181349,,6.414868539,-5.153359271,8.228465844,,,
ALA,-62.43448397,-39.81507548,25.00945951,,ALA,-54.32958051,-41.00134386,18.4392706,,8.104903461,-1.186268384,8.191257094,,,
ASP,-56.59282284,-48.22984388,27.93167722,,ASP,-62.22889656,-40.89178546,22.18548568,,-5.636073724,7.338058424,9.252698442,,,
ALA,-60.71955582,-35.0226129,24.17753982,,ALA,-69.90896238,-36.28484928,19.87141237,,-9.189406559,-1.26223638,9.275690464,,,
LEU,-72.57470022,-40.55999609,22.6303968,,LEU,-67.9110186,-28.77169953,16.62906252,,4.663681618,11.78829656,12.67729711,,,
THR,-57.20660975,-44.75477198,27.35957795,,THR,-67.0153162,-43.97891772,20.88329159,,-9.808706454,0.775854258,9.839343074,,,
ASN,-75.48084614,-32.61062896,27.51719833,,ASN,-68.38607781,-32.64635073,22.90585429,,7.094768325,-0.035721775,7.094858253,,,
ALA,-70.80625398,-39.33248536,24.48483951,,ALA,-70.81910459,-42.80481766,20.23661613,,-0.012850613,-3.472332304,3.472356083,,,
VAL,-56.85975032,-58.30870874,26.10313217,,VAL,-59.19663948,-46.92841266,20.12076302,,-2.336889161,11.38029609,11.61775322,,,
ALA,-61.45394681,0.729092411,29.34035711,,ALA,-72.14079864,-18.02568428,24.05349358,,-10.68685183,-18.7547767,21.58588546,,,
HIS,-142.4775201,28.40940147,28.50932299,,HIS,-132.176346,44.23442641,25.32731146,,10.30117411,15.82502494,18.88241517,,,
VAL,-46.46479476,-28.24554491,25.46560636,,VAL,-46.61420404,-50.99010931,21.7507699,,-0.149409273,-22.7445644,22.74505513,,,
ASP,-77.99631904,-26.7303425,27.98685182,,ASP,-71.97941456,4.922659193,25.16538091,,6.016904481,31.65300169,32.21980223,,,
ASP,-144.970886,59.66516,27.57478155,,ASP,-164.6588831,40.72050035,26.36179722,,-19.68799718,-18.94465965,27.32246991,,,
MET,-65.75793243,-37.45310116,22.48801457,,MET,-56.39974849,-43.32688625,20.98616378,,9.358183942,-5.873785096,11.0488442,,,
PRO,-46.74835323,-55.76336297,23.61462359,,PRO,-43.88493112,-57.6558385,24.12140276,,2.863422102,-1.892475535,3.432295119,,,
ASN,-74.25369643,-37.8495446,27.36271775,,ASN,-57.44555946,-52.00605672,27.90779259,,16.80813697,-14.15651211,21.97544775,,,
ALA,-68.70920987,-30.06859945,26.2588201,,ALA,-62.41704195,-41.22833737,25.16612036,,6.292167913,-11.15973792,12.81136712,,,
LEU,-105.325333,15.94245016,22.66148004,,LEU,-93.6137387,8.248770197,22.030388,,11.7115943,-7.693679959,14.01264259,,,
SER,-63.42811831,-45.52067595,24.86258394,,SER,-42.75755667,-64.48125729,26.0215641,,20.67056164,-18.96058134,28.0495234,,,
ALA,-54.09026598,-38.75909407,25.33787691,,ALA,-43.97952651,-55.0426754,26.07592301,,10.11073947,-16.28358132,19.1672135,,,
LEU,-72.33413353,-36.04309167,22.25824158,,LEU,-61.0630772,-30.20852936,22.25142,,11.27105634,5.834562307,12.69168343,,,
SER,-74.37332716,-19.16318971,20.3393455,,SER,-66.30012697,-45.94366814,22.89775633,,8.07320019,-26.78047844,27.9708882,,,
ASP,-71.6825461,-61.16945618,23.40740405,,ASP,-61.33238004,-43.46205214,26.9928829,,10.35016606,17.70740405,20.5104387,,,
LEU,-46.73336776,-53.80900729,22.44990652,,LEU,-59.54153268,-53.58363229,24.16572623,,-12.80816492,0.225374995,12.81014764,,,
HIS,-63.8425204,-43.17048346,18.42403472,,HIS,-77.20651791,-30.9947798,20.23194231,,-13.36399751,12.17570366,18.07883263,,,
ALA,-75.74736136,-43.11682908,18.87990783,,ALA,-77.83851549,-48.63330453,23.36407444,,-2.091154128,-5.516475451,5.899527692,,,
HIS,-105.2808914,-17.40862394,22.16764779,,HIS,-96.74469775,-52.53245281,27.32128828,,8.53619369,-35.12382887,36.14623019,,,
LYS,-115.8990547,-61.24710382,23.35550293,,LYS,-58.51884021,-72.25670292,27.09013591,,57.3802145,-11.0095991,58.42687985,,,
LEU,-66.73936629,-41.36743589,19.88862267,,LEU,-81.1138335,-28.68847777,23.45107515,,-14.37446721,12.67895812,19.16719297,,,
ARG,48.62656641,44.49616812,19.03715251,,ARG,61.42485249,50.05148889,24.73164402,,12.79828608,5.555320772,13.95197891,,,
VAL,-67.23134619,131.3402691,14.20383757,,VAL,-67.31347901,130.3637565,18.70189272,,-0.082132815,-0.976512516,0.979960455,,,
ASP,-64.04340159,133.9958079,9.964875318,,ASP,-65.68541743,131.6568714,17.04057791,,-1.642015836,-2.338936539,2.857768385,,,
PRO,-43.60517831,-34.36298757,8.97384339,,PRO,-59.5813495,-28.81116288,15.75379632,,-15.97617119,5.551824695,16.91333212,,,
VAL,-63.04016849,-20.90046057,6.271631765,,VAL,-60.4401507,-30.49103809,12.69064961,,2.600017791,-9.590577522,9.936763544,,,
ASN,-74.17425661,-19.25611652,10.07043336,,ASN,-61.85851338,-33.65794285,12.96564119,,12.31574324,-14.40182633,18.9496737,,,
PHE,-62.10431497,-43.20705608,11.58041661,,PHE,-55.53115739,-40.9686168,13.01273463,,6.573157574,2.238439276,6.94384698,,,
LYS,-62.04448133,-32.6482083,7.218347183,,LYS,-70.56093237,-31.85940572,8.485956169,,-8.516451036,0.788802579,8.552902885,,,
LEU,-75.39772084,-42.17847259,10.04302026,,LEU,-70.38677374,-38.24168503,7.876578412,,5.010947094,3.936787555,6.372431799,,,
LEU,-67.65875844,-45.2542097,14.51163819,,LEU,-76.73235724,-38.90526714,9.284843337,,-9.073598804,6.348942563,11.07426146,,,
SER,-52.50700775,-55.23873365,13.29900677,,SER,-61.92609715,-39.24261146,6.849543176,,-9.419089397,15.99612219,18.56327477,,,
HIS,-47.77346529,-52.16983474,13.52291476,,HIS,-59.87474283,-54.59444061,2.528065096,,-12.10127754,-2.424605871,12.34178397,,,
CYS,-61.62510439,-33.52495966,16.13792181,,CYS,-64.50843983,-34.09431039,6.619641184,,-2.883335444,-0.569350736,2.93901064,,,
LEU,-83.16977778,-36.2064672,18.54620547,,LEU,-62.2015893,-46.03375599,8.65258654,,20.96818847,-9.827288795,23.15686794,,,
LEU,-58.92612914,-50.65993711,17.64692821,,LEU,-63.58900504,-43.77854418,5.915861379,,-4.662875909,6.881392927,8.312399194,,,
VAL,-65.37891586,-40.07710749,19.30041244,,VAL,-57.16242751,-38.06177775,6.53933517,,8.216488345,2.015329746,8.460037512,,,
THR,-59.98361842,-49.00895986,22.17764531,,THR,-71.99624713,-39.11510935,10.3747684,,-12.01262872,9.893850504,15.56250386,,,
LEU,-55.61155924,-54.82034402,23.12050823,,LEU,-66.52002119,-47.63655413,11.09477472,,-10.90846196,7.183789888,13.0614463,,,
ALA,-46.04537432,-48.73766062,23.93193807,,ALA,-55.39054069,-29.87163946,10.50635362,,-9.345166372,18.86602116,21.05371437,,,
ALA,-67.34012785,-24.67692006,25.92164429,,ALA,-81.64465376,-14.52188759,12.69183962,,-14.30452591,10.15503247,17.54263795,,,
HIS,-112.5216463,-18.87938672,27.64321786,,HIS,-122.3486518,-1.542528292,15.17932329,,-9.827005542,17.33685843,19.92828889,,,
LEU,-128.1653095,63.07486446,27.59401608,,LEU,-148.6257457,66.55368268,15.14253929,,-20.46043621,3.478818223,20.75407493,,,
PRO,-51.37205183,-57.70367549,29.22450799,,PRO,-53.08834308,-49.54991346,16.39582532,,-1.716291256,8.153762033,8.332436077,,,
ALA,-56.78932472,-52.93727781,30.79841698,,ALA,-51.89491503,-59.49900714,18.16306222,,4.894409694,-6.561729333,8.186057543,,,
GLU,-77.88222449,-19.79436092,29.39127519,,GLU,-81.43538503,-13.79932432,17.25340914,,-3.55316054,5.995036594,6.968888978,,,
PHE,-73.63390981,57.45293078,23.74638224,,PHE,-85.92788734,60.0058308,11.0307422,,-12.29397753,2.552900022,12.55624076,,,
THR,-77.81799736,160.1193357,25.97925068,,THR,-82.21339861,161.9600643,14.82428593,,-4.395401249,1.840728635,4.765273764,,,
PRO,-57.26347905,-52.4230976,24.0928777,,PRO,-49.14317316,-45.15422285,13.51958237,,8.120305882,7.268874753,10.89843603,,,
ALA,-63.00431159,-38.81522808,24.16638367,,ALA,-64.45622935,-40.54749141,14.82928211,,-1.45191776,-1.732263328,2.260265785,,,
VAL,-73.14888933,-21.34690365,24.03321161,,VAL,-63.14540188,-48.63122361,13.77654656,,10.00348745,-27.28431996,29.06034888,,,
HIS,-73.83473297,-50.02512339,19.53211868,,HIS,-51.56922015,-54.29095639,8.639989953,,22.26551282,-4.265832998,22.67047402,,,
ALA,-57.7391524,-39.38429269,19.22222457,,ALA,-55.60610339,-52.23805511,11.43907956,,2.133049011,-12.85376242,13.02954744,,,
SER,-63.19500479,-51.90987159,20.97537958,,SER,-54.84456253,-46.86588883,13.65415883,,8.350442269,5.043982763,9.755595737,,,
LEU,-65.01051834,-35.57786529,19.92143997,,LEU,-69.71307373,-37.66289748,11.09131415,,-4.702555388,-2.085032184,5.144063217,,,
ASP,-60.09199521,-53.61615999,14.85851001,,ASP,-55.02990711,-43.02801794,8.539563043,,5.062088105,10.58814206,11.73599115,,,
LYS,-59.53140159,-36.39234426,17.45516219,,LYS,-74.5803793,-30.3624404,13.47092368,,-15.04897772,6.029903859,16.21207793,,,
PHE,-63.2606749,-53.68219379,19.36841577,,PHE,-72.58167054,-46.75995826,14.2298682,,-9.320995643,6.922235534,11.6102672,,,
LEU,-64.95412218,-32.99631504,15.86251073,,LEU,-63.12951353,-34.10543838,10.55757153,,1.824608649,-1.109123338,2.135263754,,,
ALA,-64.37323932,-39.57736803,13.55277424,,ALA,-66.3671964,-38.57973969,12.4902439,,-1.993957083,0.997628338,2.229602464,,,
SER,-79.55019931,-27.42014974,16.58727298,,SER,-67.32594375,-39.44386172,15.70161693,,12.22425556,-12.02371198,17.14648867,,,
VAL,-60.18607131,-39.48774449,16.95861466,,VAL,-70.76994686,-43.86738548,15.39695051,,-10.58387554,-4.379640987,11.45424274,,,
SER,-59.93495548,-52.32718318,13.30969056,,SER,-53.11291676,-54.76150985,13.97273048,,6.822038716,-2.43432667,7.243352716,,,
THR,-54.83393493,-47.38233105,14.19390658,,THR,-48.96173483,-34.29112423,17.10286762,,5.872200093,13.09120682,14.34790681,,,
VAL,-59.70755761,-47.53455154,17.94322771,,VAL,-78.13607228,-42.7775532,19.62575911,,-18.42851467,4.75699834,19.03258222,,,
LEU,-68.52591473,-21.17084054,16.95332261,,LEU,-66.3120264,-18.46295851,18.44115894,,2.21388833,2.707882027,3.497703048,,,
THR,-106.4083096,19.03494348,13.73540099,,THR,-112.9721865,27.1249658,18.78929633,,-6.563876951,8.09002232,10.41791446,,,
SER,-75.57282327,-23.65972335,17.47519429,,SER,-76.60603156,-28.59462776,22.48649667,,-1.033208287,-4.934904411,5.041904492,,,
LYS,-109.8206381,30.65512508,20.26196,,LYS,-56.1663214,-58.84137587,25.64473461,,53.6543167,-89.49650095,104.3475413,<,<,<
TYR,-67.0893966,-38.58835551,15.50817266,,TYR,-52.87828519,-64.3776142,22.2774116,,14.21111141,-25.78925869,29.4455693,,,
HIS,-90.01058543,89.92385571,21.39614213,,HIS,-68.26692705,-83.90689198,23.1239409,,21.74365839,-173.8307477,175.1853747,<,<,<
LEU,-108.1013813,147.2967099,23.58882948,,LEU,76.03532081,113.6555051,20.1425937,,184.1367021,-33.64120486,187.18455,<,<,<
THR,-72.31783512,155.9669899,26.89089061,,THR,-71.87880985,154.8687836,22.33939192,,0.439025271,-1.098206287,1.182708856,,,
PRO,-80.98997957,-9.216070593,30.04771203,,PRO,-45.36131653,-43.21212946,24.75410631,,35.62866304,-33.99605887,49.24564599,,,
GLU,-87.86793387,-24.53486594,30.80795869,,GLU,-65.00552227,-32.20923069,23.71348682,,22.8624116,-7.674364744,24.11608879,,,
GLU,-88.50957484,-36.83638669,24.80606157,,GLU,-85.11810799,-27.17957599,18.65431652,,3.391466846,9.656810696,10.23503982,,,
LYS,-67.86301982,-33.22663323,27.85119183,,LYS,-67.91135033,-28.1149895,22.1946684,,-0.048330505,5.11164373,5.111872207,,,
SER,-77.0900673,-32.56173467,30.39813943,,SER,-81.74329488,-48.76237623,21.98764047,,-4.653227586,-16.20064157,16.85566119,,,
ALA,-71.76052029,-33.71711301,27.99821148,,ALA,-42.19961499,-50.87729926,18.57785615,,29.56090529,-17.16018625,34.18068335,,,
VAL,-65.30300375,-54.5085236,25.99333567,,VAL,-59.8523406,-68.42507982,17.41009355,,5.450663153,-13.91655622,14.94591135,,,
THR,-55.02435919,-54.03707511,29.80314652,,THR,-64.42849574,-36.0652699,20.99993625,,-9.40413655,17.97180521,20.28357875,,,
ALA,-55.95572478,-52.06951429,31.25264169,,ALA,-53.34868555,-52.72784178,21.11050495,,2.607039232,-0.658327483,2.688874975,,,
LEU,-60.88354981,-48.69536697,28.48270364,,LEU,-74.1683399,-37.48831462,17.75409813,,-13.28479009,11.20705235,17.38055437,,,
TRP,-59.41547456,-27.08398634,27.50538669,,TRP,-59.80258878,-25.88022417,17.22749276,,-0.387114225,1.203762169,1.264476485,,,
GLY,-76.80043281,-8.082691665,32.710337,,GLY,-58.56369543,-40.40424051,21.75514133,,18.23673738,-32.32154885,37.11146871,,,
LYS,-103.452561,-7.391994807,32.81787229,,LYS,-87.91543554,1.783309377,20.79128002,,15.53712548,9.175304183,18.04407036,,,
VAL,-76.63250611,123.9705049,29.9212564,,VAL,-77.81866123,135.6444526,18.59506677,,-1.186155123,11.67394772,11.73405383,,,
ASN,-84.91742753,96.3908093,31.92736167,,ASN,-75.52007677,92.83855739,19.88822052,,9.397350767,-3.552251914,10.04632744,,,
VAL,-63.24694861,-30.65130914,29.63703866,,VAL,-54.16061855,-35.67339827,20.77595867,,9.086330061,-5.022089135,10.38184826,,,
ASP,-62.1405986,-57.78675294,32.07149173,,ASP,-71.59273535,-30.20374043,22.83505505,,-9.452136752,27.58301251,29.15759709,,,
GLU,-64.92558838,-52.5482997,31.0907955,,GLU,-96.36635999,-65.57187151,19.5049367,,-31.44077161,-13.02357181,34.03139054,,,
VAL,-65.19621088,-36.88150843,26.19089752,,VAL,-46.26107718,-31.33843975,15.01497747,,18.9351337,5.543068673,19.72979722,,,
GLY,-73.41566805,-32.21694616,25.54900746,,GLY,-63.56580834,-36.57399803,15.5714568,,9.849859719,-4.357051875,10.77049848,,,
GLY,-72.1687477,-45.09359478,26.20395312,,GLY,-91.93002377,-24.26570578,15.83013148,,-19.76127607,20.827889,28.7107818,,,
GLU,-60.60239816,-45.21692875,25.05404388,,GLU,-61.27762626,-41.5655394,13.45560448,,-0.675228107,3.651389349,3.713297346,,,
ALA,-66.28663173,-47.352914,21.44178901,,ALA,-75.43783041,-52.49998046,11.39565136,,-9.151198686,-5.147066458,10.4993681,,,
LEU,-65.08941389,-52.05390743,22.12389031,,LEU,-67.41296005,-41.94543627,14.14094659,,-2.323546162,10.10847116,10.3720806,,,
GLY,-45.66204722,-62.86469237,22.72145719,,GLY,-61.91075198,-46.14444111,13.8817597,,-16.24870475,16.72025126,23.31495675,,,
ARG,-65.28594527,-16.72881248,21.54982295,,ARG,-58.22484676,-40.46139894,10.54804048,,7.06109851,-23.73258646,24.76075064,,,
LEU,-68.06992608,-48.55975031,17.49316942,,LEU,-50.90629236,-52.20682704,11.04470708,,17.16363372,-3.64707673,17.54683707,,,
LEU,-64.73819739,-32.0897164,20.62039731,,LEU,-70.20253385,-33.39488788,14.78616182,,-5.464336454,-1.305171472,5.618046409,,,
VAL,-82.53175307,-47.32782903,20.97363282,,VAL,-76.79084777,-50.41258326,13.68763973,,5.740905306,-3.084754227,6.517185158,,,
VAL,-74.20489701,-38.37749122,16.9898949,,VAL,-71.70681085,-40.31274918,10.20853151,,2.498086154,-1.93525796,3.160009147,,,
TYR,-123.4005296,69.29736416,14.11935059,,TYR,-132.0394926,82.70271772,9.565068815,,-8.638962998,13.40535355,15.94788969,,,
PRO,-52.24555666,-24.70973504,18.32667611,,PRO,-68.88126782,-14.89201021,15.63592768,,-16.63571116,9.817724824,19.31669243,,,
TRP,-75.90541396,-0.789434603,14.7903297,,TRP,-54.95691801,-31.30932794,14.8625604,,20.94849595,-30.51989333,37.01760894,,,
THR,-79.74810964,-8.227983456,17.47506482,,THR,-65.98657335,-20.428149,15.40205401,,13.76153629,-12.20016555,18.39086514,,,
GLN,-70.71964339,-19.03853227,21.58148883,,GLN,-67.75405329,-13.27038798,18.44121445,,2.965590095,5.768144296,6.485847148,,,
ARG,-59.46804289,-18.72620552,20.005602,,ARG,-72.70033954,-13.08716667,22.58719655,,-13.23229664,5.639038855,14.38375589,,,
PHE,-86.76006723,-25.07401825,20.27821331,,PHE,-90.66613067,-11.56404598,19.96702207,,-3.906063434,13.50997227,14.06330979,,,
PHE,-114.6792449,17.31866827,23.51477224,,PHE,-140.0837729,49.21007122,19.96515803,,-25.40452802,31.89140296,40.77317288,,,
GLU,-41.20079187,-46.38572752,26.28700358,,GLU,-74.06322696,-20.05772641,24.99558407,,-32.86243509,26.3280011,42.10823295,,,
SER,-65.60840285,-3.985619627,29.58850659,,SER,-77.6760074,-15.64700269,26.37940866,,-12.06760455,-11.66138306,16.78138655,,,
PHE,-80.60475949,-22.42479915,28.63140962,,PHE,-75.4692485,-10.45178521,23.5347018,,5.135510984,11.97301394,13.02791372,,,
GLY,96.94883321,-92.83145532,30.12746888,,GLY,104.6396779,-138.5273981,25.67116631,,7.690844719,-45.69594283,46.33862626,,,
ASP,-90.57545772,110.4662122,30.96048658,,ASP,-73.81148488,120.1645895,25.32756763,,16.76397284,9.698377253,19.36722249,,,
LEU,-123.7700056,19.84003405,26.57662862,,LEU,-135.3994014,11.99924358,21.35291538,,-11.6293958,-7.840790469,14.02572073,,,
SER,-67.41236387,-1.251192446,28.67178354,,SER,-47.85479577,-37.95050426,23.39806448,,19.55756811,-36.69931182,41.5853094,,,
THR,-164.6153049,161.957035,28.35793373,,THR,-140.1607093,175.4338191,21.58563894,,24.45459563,13.47678408,27.92223051,,,
PRO,-48.73362864,-49.83741373,26.68221328,,PRO,-64.75739941,-36.45014421,18.60637839,,-16.02377077,13.38726953,20.88013925,,,
ASP,-64.89628061,-44.78330571,30.40074181,,ASP,-66.43216291,-52.43288185,21.5468285,,-1.535882301,-7.649576134,7.802240029,,,
ALA,-60.32243298,-48.62533377,30.0489046,,ALA,-57.04389574,-44.28780639,22.45199159,,3.278537243,4.337527383,5.437182197,,,
VAL,-62.87871858,-58.64792207,26.79459303,,VAL,-60.53772593,-56.23639715,19.05883424,,2.340992652,2.411524924,3.360907475,,,
MET,-51.90192285,-33.11034546,27.26702461,,MET,-63.86557366,-26.17842768,17.57290309,,-11.96365081,6.931917777,13.82680096,,,
GLY,-76.89123933,-33.48408064,31.69144482,,GLY,-93.21393018,-18.06640346,22.61540031,,-16.32269085,15.41767718,22.45295095,,,
ASN,-52.39989723,119.6302769,30.68294495,,ASN,-49.35463076,112.3838482,22.80076786,,3.045266473,-7.246428702,7.860303863,,,
PRO,-77.27604838,-7.350536118,33.07541115,,PRO,-67.70750751,-17.77353066,24.88895056,,9.568540867,-10.42299454,14.14905613,,,
LYS,-79.02616513,-42.62729513,31.49386079,,LYS,-78.18349203,-34.49748357,24.85016986,,0.842673102,8.129811554,8.173367351,,,
VAL,-57.3447288,-48.93415682,27.34015808,,VAL,-66.94175974,-47.44274549,19.69828323,,-9.59703094,1.491411322,9.712224802,,,
LYS,-61.73820867,-49.03399675,30.15498842,,LYS,-56.11050127,-45.20699444,21.27441496,,5.627707393,3.827002307,6.805662139,,,
ALA,-65.51995118,-32.27135326,30.55469118,,ALA,-65.34755837,-56.01905554,22.58000888,,0.172392806,-23.74770228,23.748328,,,
HIS,-78.58167573,-31.43317357,26.33757781,,HIS,-57.81714146,-36.71854172,20.22369292,,20.76453427,-5.285368145,21.42664229,,,
GLY,-66.14123554,-41.64231722,26.11001649,,GLY,-56.00135656,-38.63037069,18.0648057,,10.13987899,3.011946529,10.57775816,,,
LYS,-65.10910116,-28.38444318,30.43588711,,LYS,-70.45133042,-37.74132889,21.97371541,,-5.342229267,-9.356885714,10.77454054,,,
LYS,-68.12026217,-46.13351201,28.29649815,,LYS,-65.95416688,-41.5375315,21.99225401,,2.166095296,4.595980516,5.08084695,,,
VAL,-64.8434455,-50.76598774,24.06633074,,VAL,-60.66833941,-41.53058475,17.02018215,,4.175106088,9.23540299,10.13529374,,,
LEU,-61.1083676,-33.20230678,25.29034864,,LEU,-70.48373267,-36.93678631,17.08727249,,-9.375365067,-3.734479523,10.09176929,,,
GLY,-72.54760084,-25.36757678,27.66453086,,GLY,-54.15241846,-41.71234388,20.21472122,,18.39518238,-16.3447671,24.60760342,,,
ALA,-73.8034671,-35.27342163,25.57077607,,ALA,-63.98213507,-30.26251899,19.18930561,,9.821332029,5.010902638,11.02577471,,,
PHE,-59.76124486,-50.17937329,22.83986107,,PHE,-77.87591054,-49.84880335,15.06930954,,-18.11466568,0.330569946,18.11768167,,,
SER,-49.25602135,-55.62187711,27.45565124,,SER,-49.62275935,-54.48670386,19.90511723,,-0.366738002,1.135173249,1.192943866,,,
ASP,-46.35634662,-49.54889659,28.3970392,,ASP,-62.00153856,-22.77039307,22.57614044,,-15.64519194,26.77850352,31.0138724,,,
GLY,-70.53589414,-20.31011283,25.40850817,,GLY,-81.82262214,-47.88347489,20.12910905,,-11.286728,-27.57336206,29.79396792,,,
LEU,-76.69948376,-14.74067897,26.04001555,,LEU,-51.47202983,-10.82747765,19.11797339,,25.22745393,3.913201323,25.5291515,,,
ALA,-95.95514407,-20.82522437,29.50127791,,ALA,-119.7803186,17.86859729,23.56206958,,-23.82517451,38.69382166,45.44062913,,,
HIS,-118.2710714,39.74928592,28.45707673,,HIS,-150.6727463,23.89669979,24.88538483,,-32.40167499,-15.85258613,36.07177607,,,
LEU,-56.22681881,-17.60653095,24.97813424,,LEU,-37.37717499,-36.4413873,21.05825334,,18.84964382,-18.83485635,26.64696767,,,
ASP,-73.91342466,-31.63146722,27.84381512,,ASP,-92.74817511,14.02311581,25.90807151,,-18.83475045,45.65458304,49.38713169,,,
ASN,-151.4456087,59.43033554,26.52277403,,ASN,-160.2507874,47.26023099,25.88286729,,-8.805178721,-12.17010455,15.02140529,,,
LEU,-60.16558716,-38.97282798,22.54218392,,LEU,-63.41130535,-27.6642945,21.05024549,,-3.245718195,11.30853348,11.76510162,,,
LYS,-63.57703242,-39.37517196,21.81288032,,LYS,-67.26387779,-57.30984641,23.95800772,,-3.686845374,-17.93467444,18.30970716,,,
GLY,-70.52478561,-39.74943106,26.23615181,,GLY,-57.31422174,-66.92261049,26.09734285,,13.21056386,-27.17317943,30.21424627,,,
THR,-62.49285103,-30.51837566,26.28943076,,THR,-41.39706954,-34.32848398,24.44451586,,21.09578149,-3.810108329,21.4370922,,,
PHE,-110.6217171,11.90769634,22.83748553,,PHE,-106.3560467,0.196855031,21.01233015,,4.26567043,-11.71084131,12.46353676,,,
ALA,-54.3796279,-44.50686133,24.71453747,,ALA,-38.57504439,-56.35498327,25.64517624,,15.8045835,-11.84812194,19.75254042,,,
THR,-73.97471078,-40.82704394,26.87221582,,THR,-49.5184154,-64.55086886,26.08289677,,24.45629538,-23.72382492,34.07242657,,,
LEU,-62.12149065,-30.52389322,23.97737036,,LEU,-59.16604529,-37.65919021,22.29270588,,2.955445365,-7.13529699,7.723154824,,,
SER,-72.82695567,-47.51064929,21.29009724,,SER,-57.88084138,-53.79608387,22.72435466,,14.94611429,-6.285434575,16.21397608,,,
GLU,-67.52902592,-36.63654133,24.96113561,,GLU,-53.34715924,-38.66815675,27.31980752,,14.18186668,-2.031615419,14.32664663,,,
LEU,-65.24964916,-43.38315539,24.8845599,,LEU,-66.18967108,-46.52793712,24.12038476,,-0.940021919,-3.144781728,3.282269538,,,
HIS,-66.386918,-35.68813672,20.96473547,,HIS,-80.11096068,-26.99471036,20.35993118,,-13.72404268,8.693426369,16.24576897,,,
CYS,-70.88121723,-78.34040327,20.83987627,,CYS,-90.89949507,-68.93301623,22.90440208,,-20.01827784,9.407387037,22.11855281,,,
ASP,-65.96779803,-30.79952999,24.46433879,,ASP,-73.02820591,-21.0651025,27.35552164,,-7.060407877,9.734427489,12.02532486,,,
LYS,-96.8168769,-58.78996535,26.31003818,,LYS,-108.286778,-49.06158329,28.14042043,,-11.46990111,9.728382059,15.03994843,,,
LEU,-90.82029031,-7.465619135,23.06000271,,LEU,-87.65890382,-26.59613152,23.3137609,,3.161386495,-19.13051239,19.38996825,,,
HIS,45.48696154,53.27096802,21.65757007,,HIS,57.69679218,37.90459296,24.50329734,,12.20983064,-15.36637506,19.62665144,,,
VAL,-97.70108825,126.8376135,17.38966903,,VAL,-78.04307708,135.0070917,18.88560427,,19.65801117,8.169478239,21.28797261,,,
ASP,-66.95523846,124.155972,12.74407786,,ASP,-70.93937969,131.8801449,16.95432443,,-3.984141231,7.724172865,8.691158024,,,
PRO,-62.89957988,-10.41990158,12.49136642,,PRO,-51.23959218,-25.92625664,15.95272514,,11.6599877,-15.50635506,19.40109174,,,
GLU,-68.86525288,-29.7476203,8.362812328,,GLU,-59.28620157,-35.03244297,11.74530933,,9.579051314,-5.284822671,10.94018166,,,
ASN,-62.37788106,-25.65257155,12.88953065,,ASN,-68.53318377,-18.86205768,12.54276483,,-6.155302705,6.790513869,9.165087561,,,
PHE,-63.15057514,-41.93087229,14.45479452,,PHE,-76.85168015,-26.53432391,13.72806337,,-13.70110501,15.39654839,20.61004563,,,
ARG,-62.43210696,-45.6775481,9.205939446,,ARG,-74.64465912,-39.19347931,10.57960923,,-12.21255216,6.484068791,13.82713196,,,
LEU,-57.7747884,-49.98658902,11.39236433,,LEU,-60.1396899,-51.95763045,7.526230131,,-2.364901496,-1.971041428,3.078597635,,,
LEU,-58.3418641,-42.90401681,16.09712535,,LEU,-57.85094535,-47.28375648,9.557283529,,0.490918747,-4.379739665,4.407166975,,,
GLY,-60.0993029,-43.51758679,14.9279471,,GLY,-58.61829857,-31.35616685,7.131204163,,1.481004331,12.16141994,12.2512656,,,
ASN,-62.31497406,-45.04974308,12.98362509,,ASN,-79.83026553,-46.24275534,3.659473105,,-17.51529146,-1.193012268,17.55587404,,,
VAL,-56.02250235,-39.09866201,16.94979192,,VAL,-59.73076248,-36.78242369,5.956488062,,-3.708260135,2.316238317,4.372202324,,,
LEU,-60.73391713,-44.86220199,19.5188615,,LEU,-60.21550104,-46.29126368,8.783278576,,0.518416083,-1.429061695,1.520188331,,,
VAL,-62.66602708,-41.70415924,18.14823945,,VAL,-61.69877317,-37.53431873,6.313012298,,0.967253907,4.169840512,4.280554873,,,
CYS,-66.03312556,-36.82080657,18.94458947,,CYS,-67.43020058,-39.09846892,5.479721967,,-1.397075023,-2.277662351,2.671996333,,,
VAL,-67.5261698,-50.74071373,22.52855728,,VAL,-61.094516,-40.3603258,9.811780429,,6.431653792,10.38038793,12.21141368,,,
LEU,-57.97926975,-34.0253447,23.4129826,,LEU,-72.41122043,-27.66253954,11.04396081,,-14.43195068,6.362805167,15.77233305,,,
ALA,-69.29978491,-48.4437096,23.82766375,,ALA,-74.03271843,-41.09761528,10.48124463,,-4.732933518,7.346094316,8.738750562,,,
HIS,-49.15485826,-48.57639703,25.96387123,,HIS,-54.11997346,-51.57146642,12.49725737,,-4.965115195,-2.995069386,5.798517873,,,
HIS,-71.04473855,-57.53453957,28.00036922,,HIS,-74.26030904,-29.7720619,14.71931456,,-3.215570494,27.76247767,27.94807793,,,
PHE,-86.44098728,-2.190087919,28.56314422,,PHE,-105.5701457,-26.86831683,15.83252958,,-19.12915843,-24.67822891,31.22402415,,,
GLY,39.02684074,-131.8120422,27.82989894,,GLY,63.11951866,-132.7899103,14.72233746,,24.09267791,-0.977868061,24.11251449,,,
LYS,-33.31355579,-37.02571861,31.35259632,,LYS,-46.88849831,-14.02897234,17.84082417,,-13.57494253,22.99674627,26.70448284,,,
GLU,-74.98960099,-19.1340066,30.04363324,,GLU,-85.28912394,-28.28805185,18.08963905,,-10.29952296,-9.15404525,13.7795761,,,
PHE,-89.24995021,78.19934433,23.84200612,,PHE,-80.85222269,72.810185,11.74004786,,8.397727519,-5.389159326,9.978219567,,,
THR,-76.06497692,163.024436,25.66682249,,THR,-73.66686195,165.0195238,14.92572276,,2.398114965,1.995087805,3.119508092,,,
PRO,-55.45777982,-42.24537943,22.92677795,,PRO,-47.43451171,-49.95376217,13.53349188,,8.023268104,-7.708382738,11.12618513,,,
PRO,-60.978073,-42.96085405,24.14286804,,PRO,-58.62552954,-45.90971131,15.4661533,,2.352543459,-2.948857264,3.772296369,,,
VAL,-73.80977367,-38.14600476,23.98032951,,VAL,-58.9053069,-43.2910238,14.11405683,,14.90446677,-5.145019038,15.76750933,,,
GLN,-61.39652888,-45.33649905,19.29525275,,GLN,-60.91497394,-46.86800848,9.1725533,,0.481554942,-1.531509433,1.60543337,,,
ALA,-55.28556074,-43.95287555,19.33623399,,ALA,-52.78435876,-40.07267515,12.333243,,2.501201979,3.880200399,4.616488544,,,
ALA,-63.31166823,-41.92313542,20.89901147,,ALA,-70.09365759,-45.63546619,13.81291188,,-6.781989361,-3.712330764,7.731544438,,,
TYR,-68.39216634,-31.40833763,21.54738051,,TYR,-65.23463921,-36.34020682,12.36911971,,3.157527135,-4.931869193,5.856049124,,,
GLN,-60.35418757,-41.95632762,15.25521975,,GLN,-59.03821636,-38.32098398,8.438487527,,1.315971212,3.635343645,3.866200156,,,
LYS,-62.08980713,-40.84590507,17.99558456,,LYS,-62.82512865,-53.36973654,14.11075649,,-0.73532152,-12.52383147,12.54539965,,,
VAL,-58.87255455,-55.33228164,19.0953674,,VAL,-54.50172652,-54.19651626,14.00009051,,4.370828031,1.135765385,4.515982804,,,
VAL,-60.48254838,-42.37583837,15.84134544,,VAL,-57.10884025,-34.19544583,10.53377045,,3.373708126,8.180392539,8.848769893,,,
ALA,-60.40032032,-47.33899642,14.00965919,,ALA,-67.69253138,-38.03971591,12.62205474,,-7.292211065,9.299280511,11.81748536,,,
GLY,-56.97981277,-48.27831482,16.77727937,,GLY,-59.57062449,-59.15441655,15.53539163,,-2.590811716,-10.87610173,11.1804246,,,
VAL,-61.48386352,-41.85939196,17.98789566,,VAL,-55.6533676,-50.13888666,15.22438154,,5.83049592,-8.279494707,10.12643646,,,
ALA,-62.50750553,-40.95026571,14.40425268,,ALA,-59.60136905,-40.57339969,14.35807936,,2.906136488,0.376866025,2.93047049,,,
ASN,-70.99451905,-43.17779405,14.29828229,,ASN,-68.2545751,-39.09585407,16.51854352,,2.739943949,4.08193998,4.916251299,,,
ALA,-63.98231721,-36.32279842,18.52047273,,ALA,-61.27530309,-50.31071043,19.25057543,,2.707014124,-13.987912,14.24744215,,,
LEU,-70.4014404,-26.35944395,18.18153564,,LEU,-63.31384685,-31.51931685,18.16368775,,7.087593552,-5.159872905,8.766884894,,,
ALA,-79.58973458,-22.32505904,15.92763445,,ALA,-85.4542079,-7.56788761,19.34353963,,-5.864473318,14.75717143,15.87974042,,,
HIS,-47.23675284,-49.67993613,19.53802055,,HIS,-43.28176409,-45.81830619,22.66645338,,3.954988752,3.861629937,5.527578294,,,
LYS,-93.23660392,26.15614333,21.98464018,,LYS,-63.39926027,7.102068127,25.58582281,,29.83734365,-19.0540752,35.40232843,,,
TYR,-77.12275762,136.0274082,17.67654746,,TYR,-103.2615216,-9.552601682,22.41565939,,-26.13876401,-145.5800099,147.9079925,<,<,<
,,,,,,,,,,0.894790635,-2.658628469,17.72179976,,,
