AminoAcid1,x1,y1,d1,,AminoAcid2,x2,y2,d2,,vectox,vectory,magnitude
LEU,-74.84690129,122.0216494,22.29831398,,LEU,-78.04520747,124.4796642,21.58901436,,-3.198306179,2.458014744,4.033732626
SER,-79.91246599,161.8601226,25.22843352,,SER,-72.58575608,161.9962111,24.53893718,,7.326709915,0.136088499,7.327973681
PRO,-52.06626564,-45.84278253,28.54796422,,PRO,-57.55593114,-36.98069819,28.04612011,,-5.489665503,8.862084342,10.42463267
ALA,-57.3812999,-47.81555551,27.40817048,,ALA,-65.58954974,-39.53095593,27.09657924,,-8.208249839,8.284599574,11.66233062
ASP,-56.88985288,-45.05191475,23.6442035,,ASP,-61.28555548,-41.94515098,23.31423343,,-4.395702593,3.106763777,5.382767175
LYS,-61.50073002,-39.69069745,26.88019302,,LYS,-65.05132857,-36.3923875,26.17927629,,-3.550598543,3.298309955,4.846194235
THR,-60.93274369,-42.56816885,29.4469657,,THR,-64.94598996,-41.42182722,29.10233468,,-4.013246278,1.14634163,4.17375668
ASN,-65.28014096,-40.58090031,26.51221556,,ASN,-69.16100162,-35.88135026,26.29198505,,-3.880860658,4.699550058,6.094821588
VAL,-72.67965414,-40.09164769,24.91624454,,VAL,-71.43248666,-43.73525753,24.58509014,,1.247167484,-3.643609838,3.851145204
LYS,-64.35439565,-40.84992788,29.11336841,,LYS,-62.13758847,-36.15534195,28.80048531,,2.216807183,4.69458593,5.19166362
ALA,-65.60945798,-44.27532956,29.74069644,,ALA,-71.23816796,-43.18979453,29.51810584,,-5.62870998,1.085535025,5.732430752
ALA,-73.60856345,-42.98941297,27.30306445,,ALA,-72.00641415,-38.80932732,27.18466211,,1.602149295,4.180085652,4.476605681
TRP,-61.45127017,-32.57237094,26.12587777,,TRP,-80.35614698,-28.28375536,25.96913199,,-18.90487681,4.288615581,19.38521578
GLY,-54.0956683,-57.70965585,30.91725739,,GLY,-51.20152564,-48.6852698,30.88750836,,2.894142656,9.024386045,9.477109539
LYS,-69.46251307,-26.23558774,31.79799899,,LYS,-67.87290289,-30.67816979,31.69855657,,1.589610183,-4.442582056,4.718410311
VAL,-57.34359078,-47.11495868,29.05947962,,VAL,-61.76558239,-51.27562558,28.75201315,,-4.42199161,-4.160666902,6.07166854
GLY,51.65075658,-116.0930348,31.34023954,,GLY,59.98138898,-112.1597167,31.0976908,,8.330632401,3.933318046,9.212514698
ALA,-74.10304429,-0.032970802,33.15481599,,ALA,-89.56687613,-7.252514008,32.87093213,,-15.46383183,-7.219543206,17.0661038
HIS,-107.5722986,-0.150037407,31.34464469,,HIS,-92.50683406,8.84397592,31.35113036,,15.06546455,8.994013326,17.54595389
ALA,-39.75808884,-53.9894487,27.53955483,,ALA,-59.92401607,-44.65258168,27.58766354,,-20.16592724,9.336867022,22.22254952
GLY,-60.14750511,-41.008573,27.7288052,,GLY,-61.68174274,-38.28488993,27.82533908,,-1.534237628,2.72368307,3.126073346
GLU,-71.61941212,-36.15943417,29.26312507,,GLU,-74.09876003,-34.82094072,29.42374345,,-2.479347908,1.338493451,2.817575335
TYR,-72.29228913,-46.07550698,26.61519188,,TYR,-74.62586449,-37.03161194,26.43704389,,-2.333575362,9.043895035,9.340107675
GLY,-59.38466363,-46.68601895,23.24664962,,GLY,-57.49665256,-42.48133971,23.284317,,1.888011072,4.204679246,4.609111994
ALA,-55.79344195,-45.88933651,24.54058168,,ALA,-73.7771478,-30.45632674,24.42379816,,-17.98370585,15.43300977,23.69792115
GLU,-63.01818534,-43.48582074,23.98699049,,GLU,-72.16001821,-37.79987657,23.94632391,,-9.141832868,5.685944168,10.76582878
ALA,-66.12474107,-36.99760355,19.87058558,,ALA,-68.76962746,-34.89813831,19.841608,,-2.64488639,2.099465241,3.376859238
LEU,-67.31282072,-47.69521189,20.12632829,,LEU,-64.45082732,-49.58957696,20.20724894,,2.861993395,-1.894365077,3.432145865
GLU,-57.09846129,-43.46096835,23.07051608,,GLU,-60.16904557,-34.79342153,23.09752307,,-3.070584282,8.667546821,9.19537143
ARG,-59.78974195,-44.89815313,20.34735337,,ARG,-68.67882395,-35.29971257,20.43327543,,-8.889081998,9.598440559,13.08227197
MET,-59.04621573,-58.84054097,15.73320157,,MET,-64.31216054,-49.08729501,15.7317198,,-5.265944803,9.753245961,11.08404175
PHE,-55.50816013,-39.8590577,18.99160744,,PHE,-68.11713875,-26.37033721,19.16423497,,-12.60897862,13.48872049,18.46434191
LEU,-78.89023811,-46.83085361,20.14972925,,LEU,-86.59602879,-35.14783616,20.23285821,,-7.705790677,11.68301745,13.99543163
SER,-79.12864007,-16.44509891,16.09577659,,SER,-86.17020937,-32.83474621,16.1202512,,-7.041569304,-16.38964731,17.8382801
PHE,-145.5870025,79.93840804,12.96120261,,PHE,-130.7093615,77.16463622,12.91005248,,14.877641,-2.77377182,15.13400184
PRO,-59.64584971,-13.16805952,16.40460489,,PRO,-62.5643302,-16.71528259,16.283015,,-2.918480487,-3.547223076,4.593508453
THR,-69.96247872,-30.0681602,13.71835513,,THR,-70.30213035,-17.35995876,13.64436213,,-0.339651632,12.70820145,12.71273957
THR,-61.39272673,-24.27100848,14.8456892,,THR,-74.75384581,-15.12080793,14.85447451,,-13.36111908,9.150200555,16.19400115
LYS,-64.69925981,-14.85400004,19.16521576,,LYS,-68.69084251,-14.70577387,19.26589643,,-3.991582703,0.148226171,3.994333921
THR,-63.33971165,-20.74254594,17.60745943,,THR,-70.46963809,-11.30236182,17.54660235,,-7.129926436,9.440184118,11.83017021
TYR,-92.15620188,-17.45015538,16.63573541,,TYR,-96.18441472,-6.992735835,16.43343859,,-4.028212836,10.45741954,11.20643218
PHE,-120.1134682,49.37977968,20.74551038,,PHE,-125.5430683,54.37266058,20.68769972,,-5.429600059,4.992880902,7.37627389
PRO,-68.86692959,-26.3706154,23.84487331,,PRO,-77.83657591,-11.38386779,23.99243804,,-8.96964632,14.9867476,17.46588557
HIS,-80.00649756,-18.60238531,25.88895844,,HIS,-97.74519869,4.225006873,25.84530724,,-17.73870113,22.82739219,28.90936443
PHE,-87.10013983,152.7198657,25.46697278,,PHE,-105.2120275,149.0396995,25.68442814,,-18.11188772,-3.680166248,18.48199395
ASP,-86.3233476,115.7868083,28.78177576,,ASP,-75.41602069,112.046167,29.09684391,,10.90732691,-3.740641348,11.53092269
LEU,-109.605888,13.95453483,24.67246531,,LEU,-102.9773166,27.56154763,24.78126806,,6.628571399,13.6070128,15.13567825
SER,-62.21579241,147.8059759,28.66017043,,SER,-83.33878024,160.1251277,28.77322942,,-21.12298782,12.31915182,24.45285497
HIS,-57.6982981,128.3163691,29.41158284,,HIS,-58.29030882,124.7539016,29.3732998,,-0.592010722,-3.562467515,3.611322679
GLY,91.09921112,-7.218274817,30.73047191,,GLY,85.99066913,13.57573597,30.56588384,,-5.108541998,20.79401079,21.4123349
SER,-49.17633224,123.0504051,29.44571222,,SER,-67.07351565,149.6876344,29.71446229,,-17.89718341,26.63722931,32.09129414
ALA,-54.88220981,-30.00489982,31.34286257,,ALA,-63.42680451,-33.95021753,31.30988974,,-8.544594698,-3.945317709,9.411462712
GLN,-70.57446092,-46.91824661,28.8087767,,GLN,-60.81830297,-47.87072463,28.85818736,,9.756157945,-0.952478011,9.80254213
VAL,-59.64758856,-48.78579656,26.06034971,,VAL,-69.14301866,-43.26862647,25.91356731,,-9.495430097,5.517170083,10.98191051
LYS,-58.50771116,-47.06208885,29.91309853,,LYS,-63.68267189,-39.60001343,29.75514719,,-5.174960732,7.462075425,9.08090239
GLY,-52.4982642,-46.77636535,28.51238006,,GLY,-59.03502485,-50.43658539,28.30199048,,-6.53676065,-3.66022004,7.491758841
HIS,-76.81752737,-36.59894754,24.00634399,,HIS,-67.43787825,-37.81589726,23.92313934,,9.379649114,-1.216949726,9.458265387
GLY,-60.40712973,-36.45649358,25.00368553,,GLY,-54.99746908,-43.9680676,24.90212699,,5.409660658,-7.51157402,9.256790626
LYS,-63.01175551,-47.49901912,29.14490285,,LYS,-66.3450892,-40.50522398,29.29145218,,-3.333333684,6.993795148,7.74753406
LYS,-64.66072976,-39.52219317,26.61019777,,LYS,-66.81132194,-37.62479442,26.4685272,,-2.150592175,1.897398748,2.867955494
VAL,-65.77705254,-41.4990768,22.5251006,,VAL,-66.20593362,-43.80264484,22.23740202,,-0.428881084,-2.303568037,2.343152723
ALA,-54.5177244,-52.19564331,25.02621987,,ALA,-63.94855002,-35.8972931,24.8911175,,-9.430825622,16.2983502,18.83020688
ASP,-53.89744446,-44.61263217,27.89424354,,ASP,-71.6396421,-30.79689382,27.82802595,,-17.74219765,13.81573836,22.48688959
ALA,-62.0186193,-44.14876388,24.22100232,,ALA,-70.11635447,-36.47844335,24.03254212,,-8.097735169,7.670320537,11.15379451
LEU,-64.83281855,-46.65505916,22.5290644,,LEU,-73.40144453,-31.74143958,22.31036802,,-8.568625977,14.91361958,17.19992442
THR,-53.93792816,-43.71057097,27.32180765,,THR,-65.25436254,-41.3445403,27.14095015,,-11.31643438,2.366030671,11.56113265
ASN,-70.48728301,-34.3106463,27.21135887,,ASN,-59.10978633,-43.60359874,27.04842107,,11.37749668,-9.292952431,14.69035042
ALA,-69.34524478,-33.28022628,24.54971921,,ALA,-69.31886833,-38.24197875,24.27423614,,0.026376453,-4.961752477,4.961822585
VAL,-65.26521567,-44.03402446,26.3824126,,VAL,-62.31713409,-42.73284467,26.00520764,,2.948081576,1.301179795,3.222460835
ALA,-59.44556008,-30.12091229,29.46605561,,ALA,-64.08249077,-27.89002575,29.11490471,,-4.636930694,2.230886536,5.145675951
HIS,-128.1138628,40.26173179,28.91340088,,HIS,-123.4439803,47.53272531,28.74842528,,4.669882481,7.270993519,8.641478412
VAL,-47.62587396,-32.40248778,26.07987567,,VAL,-69.0588351,-21.92501441,25.35570428,,-21.43296114,10.47747337,23.85684957
ASP,-81.2410514,-5.822207776,28.43867201,,ASP,-79.80800641,-5.959834569,27.79945499,,1.433044983,-0.137626793,1.439638516
ASP,-137.8953589,45.35379613,27.74297848,,ASP,-149.9144563,43.26986496,27.42782367,,-12.01909739,-2.083931171,12.19842085
MET,-59.93207652,-35.6872755,22.72126243,,MET,-70.69313629,-40.38571923,22.2957983,,-10.76105977,-4.698443732,11.74205182
PRO,-56.73420038,-41.22937483,23.44907846,,PRO,-46.52736652,-50.2030481,23.40726835,,10.20683387,-8.97367327,13.59066847
ASN,-84.1062944,-47.46408227,27.12804554,,ASN,-73.73915901,-30.27988601,27.39950169,,10.36713538,17.18419626,20.0692326
ALA,-57.4553703,-30.16287774,26.41506073,,ALA,-72.74352633,-39.81208112,26.17347324,,-15.28815604,-9.649203378,18.07857408
LEU,-110.296453,-0.923459412,22.7895589,,LEU,-99.57574291,21.46486801,22.73689231,,10.7207101,22.38832742,24.82278851
SER,-42.43050831,-33.27016114,24.7601326,,SER,-59.19791668,-47.05796292,24.92980336,,-16.76740837,-13.78780178,21.70828094
ALA,-72.07720157,-39.07133386,25.07507544,,ALA,-61.5516146,-39.80543279,25.30496919,,10.52558697,-0.734098931,10.5511555
LEU,-77.78774661,-32.16752666,22.19302615,,LEU,-73.27297256,-35.51058039,22.24601015,,4.514774049,-3.34305373,5.617756933
SER,-60.06781559,-40.22856691,20.35882878,,SER,-71.62031345,-31.03795425,20.61553898,,-11.55249786,9.190612662,14.76236999
ASP,-60.17568347,-41.97231228,23.32370545,,ASP,-65.26026848,-40.84504008,23.50729608,,-5.084585018,1.127272197,5.20804641
LEU,-56.56407684,-65.33729281,22.46214392,,LEU,-68.70587414,-37.94100049,22.61393737,,-12.14179731,27.39629232,29.96631567
HIS,-55.72017061,-38.5502342,18.47132933,,HIS,-77.98811886,-28.68971394,18.48384903,,-22.26794825,9.860520255,24.35346749
ALA,-78.60543607,-43.13868609,18.98002556,,ALA,-79.61417847,-36.12438437,19.12058683,,-1.008742401,7.014301718,7.086465256
HIS,-115.3441062,-18.40782795,22.179572,,HIS,-107.9420201,-22.72565957,22.3759149,,7.402086098,-4.317831619,8.56939604
LYS,-101.0638909,-57.21379783,23.87155633,,LYS,-116.6141496,-51.25454238,24.00438884,,-15.55025868,5.959255442,16.65302587
LEU,-74.55005943,-52.36495752,20.03392589,,LEU,-78.36605524,-47.06084348,20.03446914,,-3.815995814,5.304114039,6.534175525
ARG,57.74020498,56.24211938,19.22521266,,ARG,58.9377304,60.19049591,19.13317347,,1.197525417,3.948376533,4.125984049
VAL,-83.19018568,125.4157165,14.10185003,,VAL,-78.15806316,130.4331168,14.13133508,,5.03212252,5.017400367,7.106093406
ASP,-69.62132289,139.2890248,9.923327186,,ASP,-58.15938862,132.1272655,10.09983413,,11.46193426,-7.161759343,13.51542578
PRO,-51.41832955,-32.34809131,8.776154687,,PRO,-47.32124094,-26.78550044,8.96680261,,4.09708861,5.562590869,6.908585401
VAL,-59.69848007,-30.09372748,6.226826683,,VAL,-65.92698471,-21.97038317,6.27141455,,-6.228504635,8.12334431,10.23635642
ASN,-71.61611954,-7.123534283,10.0172315,,ASN,-81.82701523,-14.28176746,10.03716752,,-10.21089569,-7.158233181,12.47007189
PHE,-79.56542723,-33.58615639,11.55652083,,PHE,-70.43691212,-33.9290059,11.50043907,,9.128515106,-0.342849505,9.134951221
LYS,-65.17607915,-41.25238981,8.03786489,,LYS,-69.13815961,-31.9316568,6.910260969,,-3.962080464,9.320733009,10.12788949
LEU,-70.24896822,-43.58055729,10.12681082,,LEU,-74.6970692,-39.14625564,9.942666733,,-4.448100972,4.434301651,6.280814708
LEU,-68.46478461,-40.00833943,14.56421335,,LEU,-73.47277203,-34.17869799,14.43610179,,-5.007987417,5.829641448,7.685353432
SER,-54.93451082,-44.83102996,13.37967096,,SER,-61.00746596,-43.2581748,13.22268406,,-6.072955137,1.572855167,6.273329058
HIS,-59.47925723,-48.37956832,13.50815023,,HIS,-63.297745,-40.64639734,13.38661116,,-3.818487777,7.733170976,8.624545335
CYS,-66.77787568,-28.38151713,16.14655594,,CYS,-75.41166178,-21.95575879,16.02401775,,-8.633786102,6.425758345,10.76255698
LEU,-75.18422211,-42.5242239,18.41521283,,LEU,-75.03429532,-38.73203356,18.27812501,,0.149926792,3.792190336,3.795152907
LEU,-60.08733459,-53.62602275,17.73318947,,LEU,-62.76918435,-41.46362734,17.50484657,,-2.68184976,12.16239541,12.45456464
VAL,-52.52080928,-46.46572218,19.35347505,,VAL,-67.99154418,-38.08525609,19.24762247,,-15.4707349,8.380466095,17.5947677
THR,-63.83748906,-39.13728033,22.14914489,,THR,-70.23555605,-42.3245755,21.96911959,,-6.398066987,-3.187295168,7.148014526
LEU,-69.12073955,-40.37603362,23.12616466,,LEU,-62.1190894,-44.7375164,22.746964,,7.001650151,-4.361482776,8.248977927
ALA,-61.16019685,-41.18773889,23.69735351,,ALA,-53.67407406,-42.03020088,23.57421678,,7.486122793,-0.842461993,7.533377508
ALA,-72.72096865,-20.17518199,25.83526421,,ALA,-78.73083002,-13.63088827,25.72624088,,-6.009861371,6.544293725,8.885168206
HIS,-118.919156,-10.75007533,27.79904747,,HIS,-115.9931458,-15.57999483,27.63530192,,2.926010201,-4.829919492,5.64709288
LEU,-135.6352145,64.62219597,27.69551067,,LEU,-117.733658,66.72356173,27.56409497,,17.90155649,2.101365753,18.02446844
PRO,-71.384697,-29.0861065,29.18425816,,PRO,-56.69721899,-39.93799358,29.734859,,14.68747801,-10.85188709,18.26158436
ALA,-69.61455605,-39.22319185,30.87047748,,ALA,-81.57754548,-23.02557699,30.971925,,-11.96298943,16.19761485,20.13643074
GLU,-96.17446052,-24.34694173,29.41334222,,GLU,-99.59380519,-15.59811189,29.4412056,,-3.419344671,8.748829843,9.393292373
PHE,-70.63096233,65.9509854,23.66283816,,PHE,-89.1489014,67.63335674,23.64007887,,-18.51793908,1.682371343,18.5942045
THR,-79.006543,164.5521397,26.10187911,,THR,-77.1679502,163.6036853,26.03679184,,1.838592794,-0.948454387,2.068813473
PRO,-62.87876086,-40.56094814,24.03482837,,PRO,-45.0991504,-49.35717857,23.93879288,,17.77961047,-8.796230425,19.83653745
ALA,-70.58371037,-37.88241117,24.12067258,,ALA,-72.04729418,-29.07981866,23.97193113,,-1.463583819,8.802592508,8.923436135
VAL,-66.10922507,-47.66273023,23.98367367,,VAL,-79.59880474,-35.0826078,23.7385395,,-13.48957967,12.58012244,18.4452769
HIS,-60.2613912,-47.99005405,19.46537349,,HIS,-55.47370221,-48.3449512,19.2516677,,4.78768899,-0.354897152,4.800824706
ALA,-56.19536917,-41.66682076,19.36850226,,ALA,-59.21914942,-46.50631787,19.10322311,,-3.023780244,-4.839497115,5.706485721
SER,-64.71327485,-56.48722878,21.08016478,,SER,-68.95790405,-38.86127067,20.7946143,,-4.2446292,17.62595812,18.12984491
LEU,-61.10975651,-31.06553713,19.99079697,,LEU,-68.7268716,-35.15383849,19.71325885,,-7.617115087,-4.088301361,8.644920489
ASP,-70.13668598,-50.59637016,14.89912727,,ASP,-65.39567108,-39.19019321,14.56646125,,4.741014899,11.40617695,12.3522506
LYS,-59.39576523,-39.77356651,17.52371848,,LYS,-72.28019744,-33.94917859,17.21432155,,-12.88443221,5.824387914,14.13973437
PHE,-62.54875888,-52.64715787,19.48728153,,PHE,-71.73408798,-42.03710957,19.1812779,,-9.185329095,10.6100483,14.03365225
LEU,-60.79651997,-35.60282257,15.80809588,,LEU,-69.23679291,-30.25158037,15.58524471,,-8.440272937,5.351242199,9.99369803
ALA,-60.94310008,-46.67363341,13.51224046,,ALA,-68.59961005,-34.69995291,13.1485178,,-7.656509969,11.9736805,14.21235975
SER,-72.35752615,-36.428821,16.64384458,,SER,-70.49244686,-38.33360253,16.22950357,,1.865079283,-1.904781529,2.665841969
VAL,-59.91603713,-43.77095729,17.15239759,,VAL,-63.15016786,-44.90902118,16.82005141,,-3.23413073,-1.138063891,3.428526068
SER,-63.36179219,-36.26430426,13.3806174,,SER,-59.58794131,-43.26383654,13.05827015,,3.77385088,-6.999532281,7.952069078
THR,-63.3694109,-43.1511335,14.23597482,,THR,-63.688256,-39.01755056,13.96497749,,-0.318845107,4.133582942,4.145861809
VAL,-65.42280289,-50.02752437,17.98689258,,VAL,-72.38945366,-36.99665156,17.7550943,,-6.966650772,13.03087281,14.77626033
LEU,-61.4511936,-19.12709547,16.83841617,,LEU,-76.13526695,-9.54842825,16.77114788,,-14.68407335,9.578667223,17.53205281
THR,-115.7078021,9.82076592,13.73874453,,THR,-105.7883328,-3.270832631,13.66223974,,9.919469376,-13.09159855,16.4251583
SER,-67.3707354,-31.68110485,17.27028456,,SER,-63.59013286,-37.43297954,17.20349284,,3.78060254,-5.751874688,6.883096541
LYS,-98.09582063,30.61780199,20.27698766,,LYS,-107.5438934,25.20250928,20.36972924,,-9.448072776,-5.415292714,10.88997127
TYR,-78.13250352,-37.74682638,15.48767591,,TYR,-73.17076598,-34.32355311,15.41609716,,4.961737533,3.423273269,6.028070937
HIS,-100.1848223,84.29668247,22.76280596,,HIS,-140.6553043,94.05976197,23.49313846,,-40.47048201,9.7630795,41.63145008
LEU,-94.41966756,160.6659192,23.37494415,,LEU,-109.9691494,146.1037839,24.26947281,,-15.54948179,-14.56213528,21.30357172
THR,-97.93904103,154.8567073,26.38467431,,THR,-71.10717272,154.2132427,27.0564002,,26.8318683,-0.643464646,26.83958277
PRO,-70.19073962,-23.02093638,29.70263301,,PRO,-56.96354037,-24.595384,30.64988931,,13.22719925,-1.574447616,13.32057376
GLU,-85.07708763,-20.58720389,30.91826618,,GLU,-80.76151423,-31.07582474,29.97657304,,4.3155734,-10.48862085,11.34175212
GLU,-76.32111924,-51.00755643,24.65344332,,GLU,-76.54381049,-38.59017377,25.05954276,,-0.222691252,12.41738266,12.41937935
LYS,-58.57839982,-38.93924205,27.662931,,LYS,-60.85503983,-45.39158299,28.99436666,,-2.276640012,-6.45234094,6.84220676
SER,-68.93520272,-43.68195237,30.33016741,,SER,-75.57515861,-23.20849673,30.64938082,,-6.639955883,20.47345564,21.52327578
ALA,-63.98368656,-37.14122041,28.10173676,,ALA,-72.73184858,-35.83764868,28.15421764,,-8.748162021,1.303571733,8.844752004
VAL,-65.99479159,-40.99991499,25.93002623,,VAL,-66.34578551,-45.98673068,26.13246468,,-0.350993912,-4.986815688,4.999152672
THR,-62.83112888,-45.91982127,29.75668268,,THR,-64.09460574,-46.55787969,30.05583736,,-1.26347686,-0.638058417,1.415447745
ALA,-67.29790718,-41.2812619,31.30894384,,ALA,-59.5338392,-48.79004085,31.36375568,,7.764067985,-7.508778952,10.80104222
LEU,-73.31896357,-48.27428492,28.54533337,,LEU,-69.02313891,-35.46122868,28.48857361,,4.295824653,12.81305624,13.51401197
TRP,-53.84592852,-20.97811726,27.37018069,,TRP,-71.82494416,-25.87312937,27.54634292,,-17.97901565,-4.895012113,18.63346847
GLY,-57.7515568,-45.23492844,32.37210862,,GLY,-60.69136274,-14.6984139,32.76862265,,-2.939805933,30.53651454,30.6776984
LYS,-85.40010248,0.59992437,32.69652132,,LYS,-103.4303552,3.419880794,32.6579761,,-18.0302527,2.819956424,18.24944292
VAL,-78.94507451,136.7855116,29.74165696,,VAL,-89.87033281,130.7594358,29.86510101,,-10.9252583,-6.026075812,12.47697314
ASN,-93.34029975,99.06116026,31.80109487,,ASN,-83.16988643,104.1994817,31.79277184,,10.17041332,5.138321435,11.39472046
VAL,-55.13386263,-34.95525112,29.60139713,,VAL,-62.29329892,-44.43339903,29.27597168,,-7.159436298,-9.478147907,11.8782497
ASP,-62.20860656,-45.39518029,31.94978607,,ASP,-57.50796323,-43.06788415,31.32215597,,4.700643336,2.327296146,5.245222123
GLU,-88.70955055,-40.84021768,30.78606387,,GLU,-77.80751884,-41.35200115,30.2200473,,10.90203171,-0.511783465,10.91403764
VAL,-62.74095183,-32.6713317,26.38272322,,VAL,-69.86371282,-35.90305882,26.10446247,,-7.122760992,-3.231727123,7.821622871
GLY,-70.17733114,-40.96283597,25.43813816,,GLY,-56.89777433,-47.69632044,25.22247225,,13.27955681,-6.733484467,14.88913839
GLY,-62.44185952,-38.81525079,26.05375897,,GLY,-62.08670934,-39.18465693,26.02529521,,0.355150177,-0.369406144,0.512437848
GLU,-67.12585118,-47.41416103,25.25535225,,GLU,-75.29681686,-39.48047476,24.99273034,,-8.170965684,7.933686277,11.38894456
ALA,-69.03742649,-37.40950715,21.22235493,,ALA,-72.66962604,-40.93435803,21.3397082,,-3.632199544,-3.524850876,5.061368118
LEU,-69.61661493,-52.9018768,21.93569599,,LEU,-75.90349056,-33.69465364,21.74959561,,-6.286875629,19.20722316,20.20995365
GLY,-56.05074765,-51.34918896,22.56866525,,GLY,-66.87434588,-39.8684527,22.42096323,,-10.82359823,11.48073625,15.77838977
ARG,-53.44369294,-44.261549,21.61370554,,ARG,-72.48889616,-29.5537837,21.53252546,,-19.04520322,14.7077653,24.06321105
LEU,-53.30182021,-51.18750561,17.33703084,,LEU,-57.17730317,-46.10133187,17.30908482,,-3.875482962,5.08617374,6.394414085
LEU,-62.34230228,-31.29142004,20.61481102,,LEU,-73.39838583,-19.07616633,20.44138801,,-11.05608355,12.2152537,16.47572173
VAL,-81.82439064,-59.79903905,20.96142606,,VAL,-92.26316642,-43.84218691,20.69919954,,-10.43877578,15.95685215,19.06801432
VAL,-68.62082706,-34.80421734,17.07252099,,VAL,-79.46084696,-35.67946874,16.92763318,,-10.8400199,-0.8752514,10.87529754
TYR,-122.7233459,64.60853727,13.99655469,,TYR,-121.8011261,79.93434446,13.79258159,,0.922219862,15.3258072,15.35352909
PRO,-52.00366027,-20.99359815,18.25809064,,PRO,-62.53964797,-17.41453759,18.01712457,,-10.53598771,3.579060562,11.12729578
TRP,-66.59668541,-27.29097945,14.62245177,,TRP,-74.3367234,-13.71936456,14.12410746,,-7.740037994,13.57161489,15.62360134
THR,-58.31058003,-16.46475381,17.37256962,,THR,-75.5599577,-3.760363878,17.12885972,,-17.24937767,12.70438993,21.42294456
GLN,-67.87281347,-14.55379766,21.58037334,,GLN,-72.40086622,-13.72872773,21.4326405,,-4.528052753,0.825069927,4.602608186
ARG,-50.50096462,-27.18403588,19.73093774,,ARG,-60.0677375,-21.73356772,19.53202765,,-9.566772875,5.450468157,11.01048348
PHE,-89.83926901,-14.55176605,20.43911553,,PHE,-89.76300127,-9.148160981,20.57300289,,0.076267746,5.403605072,5.404143276
PHE,-117.8620241,37.80280363,23.60677788,,PHE,-124.6237436,27.50795606,23.53478285,,-6.761719507,-10.29484757,12.31684769
GLU,-66.18497747,-31.60623535,27.0102408,,GLU,-81.59325511,-7.946641603,27.09295612,,-15.40827764,23.65959375,28.23457802
SER,-73.47894068,3.051762265,29.97729859,,SER,-63.0759533,-19.21247589,29.95821445,,10.40298738,-22.26423815,24.57475222
PHE,-85.50183213,-1.177598093,28.43357351,,PHE,-90.05133345,-1.156306516,28.39058269,,-4.54950132,0.021291578,4.549551142
GLY,82.9845194,-138.8300792,30.51893673,,GLY,98.72860926,-139.0041337,30.49367887,,15.74408986,-0.17405445,15.74505194
ASP,-77.43490201,115.5624412,31.0844722,,ASP,-83.59394206,112.5317315,31.04122614,,-6.159040052,-3.030709787,6.864326346
LEU,-123.9537286,8.846112512,26.5399947,,LEU,-123.3739141,25.07979933,26.46794867,,0.57981442,16.23368682,16.24403806
SER,-56.62326523,-35.72185179,28.71792864,,SER,-78.44656532,-31.35614506,28.41173134,,-21.82330008,4.365706728,22.2556919
THR,-139.1953062,168.206935,28.79399088,,THR,-129.4766192,160.2668313,28.52721438,,9.718687036,-7.940103689,12.54982567
PRO,-56.08484543,-50.83156638,26.94553357,,PRO,-46.94710537,-49.16484956,26.55441315,,9.137740063,1.66671682,9.288500332
ASP,-60.10812344,-40.53574958,30.8618956,,ASP,-65.26096757,-36.86398595,30.34448796,,-5.152844127,3.671763625,6.327215084
ALA,-59.79755081,-41.00713477,29.99932174,,ALA,-65.79425078,-38.97880277,29.81182984,,-5.996699974,2.028332003,6.330445584
VAL,-75.14674223,-54.12002377,26.63908091,,VAL,-66.15388648,-49.51244292,26.46383087,,8.992855751,4.607580847,10.1045166
MET,-58.69217143,-33.93106557,26.97424604,,MET,-70.33843039,-24.59538707,27.08906664,,-11.64625897,9.335678496,14.92615962
GLY,-107.8956674,6.027956288,31.56747368,,GLY,-97.81707963,0.211253807,31.4609099,,10.07858776,-5.816702481,11.63666442
ASN,-56.28544094,120.3782491,30.50847102,,ASN,-72.14556574,122.4134982,30.272253,,-15.8601248,2.035249108,15.99017816
PRO,-67.97761678,-27.89151515,33.06497823,,PRO,-66.31085555,-26.51018505,32.74098969,,1.66676123,1.381330099,2.164755377
LYS,-67.68313095,-42.44331012,31.49876931,,LYS,-75.84319562,-37.44966944,31.31417094,,-8.160064666,4.993640674,9.566770747
VAL,-67.52650952,-40.4883506,27.28867869,,VAL,-63.69164093,-44.38286115,26.90270784,,3.834868593,-3.894510551,5.465659115
LYS,-63.67592039,-39.09697826,30.52637092,,LYS,-58.27696971,-50.00570961,30.20078271,,5.398950678,-10.90873135,12.171651
ALA,-76.53788352,-34.04858641,30.40878817,,ALA,-59.8495299,-38.78348917,29.94401166,,16.68835362,-4.734902756,17.34705885
HIS,-69.71628676,-38.17672151,26.2764192,,HIS,-75.32286386,-34.5557225,25.5637677,,-5.606577097,3.620999017,6.674229591
GLY,-56.24674901,-39.43009544,26.17267563,,GLY,-65.36490034,-36.096607,25.72681605,,-9.118151326,3.33348844,9.708389608
LYS,-62.62757457,-47.33672077,30.44677458,,LYS,-64.977331,-38.90819535,30.12705206,,-2.349756423,8.428525426,8.74993692
LYS,-58.71727493,-57.37296108,28.3823084,,LYS,-72.26108968,-42.34938465,28.23945349,,-13.54381475,15.02357644,20.22727779
VAL,-53.40111152,-43.78433753,23.95720569,,VAL,-62.8852179,-51.96506973,23.68535383,,-9.48410638,-8.180732193,12.52488136
LEU,-75.08475077,-22.84143371,25.30018586,,LEU,-73.07420736,-26.75499361,24.84103001,,2.010543414,-3.913559903,4.399799534
GLY,-74.23117537,-42.50996579,27.78526133,,GLY,-64.6205836,-41.6894278,27.64425207,,9.610591764,0.82053799,9.645556317
ALA,-58.78852765,-46.31392042,25.84907969,,ALA,-67.57155892,-35.31785365,25.90516386,,-8.783031279,10.99606677,14.07320585
PHE,-56.9214402,-46.91097584,22.61617065,,PHE,-62.06241374,-44.51633467,22.72374054,,-5.140973541,2.394641168,5.671323944
SER,-54.3886421,-46.89241282,27.48312359,,SER,-62.31169372,-49.58280737,27.52374741,,-7.923051627,-2.690394558,8.367375333
ASP,-58.16808393,-40.57032392,28.50100523,,ASP,-61.16611706,-29.60948176,29.3093779,,-2.998033132,10.96084216,11.36346178
GLY,-52.42307876,-47.22263564,25.51342765,,GLY,-68.53165563,-22.17259281,25.86258289,,-16.10857687,25.05004284,29.78239237
LEU,-64.71052953,-12.88281253,25.87255264,,LEU,-74.58128768,-12.75581537,26.18419156,,-9.870758152,0.126997159,9.871575091
ALA,-93.39316814,-13.23596705,29.48623397,,ALA,-81.39829283,-15.68266185,29.63791335,,11.99487531,-2.446694801,12.24186869
HIS,-132.3637275,49.65087881,28.92240599,,HIS,-122.5469289,46.37400597,28.87273167,,9.816798602,-3.276872842,10.34927198
LEU,-59.9811311,-15.09627606,25.12832919,,LEU,-64.0033309,-26.27323162,25.02957175,,-4.022199808,-11.17695556,11.87865425
ASP,-92.85424241,-17.69638304,27.8635465,,ASP,-63.59251708,-17.22135945,27.82198005,,29.26172532,0.47502359,29.26558074
ASN,-143.4037964,61.37514396,26.72484296,,ASN,-162.8364575,69.50464637,26.74811397,,-19.43266102,8.129502415,21.06459409
LEU,-62.02849352,-36.30383407,22.58540946,,LEU,-76.49500533,-34.520166,22.62749649,,-14.46651181,1.783668075,14.57605694
LYS,-61.96046892,-46.94711308,22.00543518,,LYS,-65.82529718,-40.35997495,22.29917471,,-3.864828257,6.587138123,7.637230264
GLY,-78.73751094,-34.07657469,26.22233162,,GLY,-66.23461374,-39.14121871,26.29483759,,12.5028972,-5.064644017,13.48973897
THR,-47.8270559,-54.56480982,26.30614598,,THR,-71.1836262,-32.95611476,26.36368206,,-23.3565703,21.60869505,31.8192564
PHE,-89.73978343,4.097609656,22.89502742,,PHE,-108.8976693,10.40300324,22.90742724,,-19.15788588,6.305393584,20.16885172
ALA,-64.01030717,-40.50499717,24.75354822,,ALA,-58.19659117,-47.88265409,24.58763449,,5.813715995,-7.377656917,9.393035465
THR,-71.24413565,-31.82178801,27.05543953,,THR,-69.45734648,-33.47044795,26.88848976,,1.786789175,-1.648659947,2.431192131
LEU,-67.36836387,-42.36646523,24.10710323,,LEU,-72.91954101,-28.72713761,24.03899994,,-5.551177133,13.63932762,14.72571986
SER,-54.78499706,-48.04805933,21.21403011,,SER,-62.01752549,-50.6754976,21.07495368,,-7.23252843,-2.627438265,7.694991834
GLU,-66.64935839,-36.45553988,25.02405754,,GLU,-53.89290853,-50.76076954,24.8474373,,12.75644987,-14.30522966,19.16681008
LEU,-63.5337633,-56.21405667,24.92102561,,LEU,-60.42412909,-41.72065979,24.9350886,,3.109634211,14.49339688,14.82323778
HIS,-54.67899001,-37.51655602,20.90639629,,HIS,-72.24368747,-25.59826729,20.84705463,,-17.56469746,11.91828873,21.22649767
CYS,-70.35517957,-71.20544822,20.81553859,,CYS,-79.13259653,-61.19074515,20.72077661,,-8.777416955,10.01470307,13.31680615
ASP,-77.14051135,-30.34673793,24.41396596,,ASP,-76.54115647,-36.64028011,24.47544509,,0.59935488,-6.293542182,6.322017041
LYS,-108.1940337,-33.02329043,26.86017792,,LYS,-108.6051747,-38.08908161,26.80209226,,-0.411140966,-5.065791179,5.08244795
LEU,-90.39809275,-28.58582196,23.01318608,,LEU,-99.84631925,-12.86113825,23.1038973,,-9.448226497,15.72468371,18.34488107
HIS,60.053305,35.62610948,21.62524522,,HIS,57.74638923,46.50683518,21.58023618,,-2.306915775,10.88072571,11.12259198
VAL,-85.27850535,119.470169,17.55866544,,VAL,-95.30780917,113.4538602,17.4152908,,-10.02930382,-6.016308772,11.69542245
ASP,-65.11323715,125.1297267,12.90039756,,ASP,-52.35477756,122.732376,12.78327257,,12.75845959,-2.397350641,12.9817403
PRO,-53.70539661,-21.15859602,12.53427355,,PRO,-61.42501945,-13.08838438,12.39257543,,-7.719622844,8.070211633,11.16785085
GLU,-57.71526695,-30.27484285,8.441217181,,GLU,-63.52931525,-30.35865719,8.396758989,,-5.814048306,-0.083814341,5.814652401
ASN,-62.48677795,-31.39734375,13.18494191,,ASN,-57.80002065,-28.43019191,13.36496683,,4.686757293,2.967151837,5.54704281
PHE,-65.04369527,-37.0567473,14.52162455,,PHE,-76.85817762,-28.61002613,14.60082263,,-11.81448235,8.446721168,14.52339808
ARG,-71.25608577,-40.8467857,9.261411071,,ARG,-77.69715802,-39.16653218,8.920209486,,-6.441072251,1.68025352,6.656625544
LEU,-62.27638251,-50.50979707,11.44458562,,LEU,-62.67529906,-42.6684443,11.37674084,,-0.398916553,7.841352771,7.851493342
LEU,-53.40977672,-43.34356688,16.14964728,,LEU,-66.1438105,-39.03566545,16.19895046,,-12.73403379,4.30790143,13.44297702
GLY,-62.94990144,-37.37917508,14.90435853,,GLY,-62.57610942,-37.01362806,14.88375978,,0.373792022,0.365547018,0.522824156
ASN,-65.6837866,-46.58893708,12.97644477,,ASN,-77.63110682,-35.02115279,12.86738409,,-11.94732022,11.56778429,16.62985549
VAL,-55.79997645,-47.46251742,16.91902595,,VAL,-67.74504995,-36.69683275,16.82201602,,-11.9450735,10.76568467,16.08057049
LEU,-53.82138559,-43.46720701,19.51751058,,LEU,-63.0531442,-42.26820042,19.42288224,,-9.23175861,1.199006593,9.309295561
VAL,-61.39343039,-37.50270327,18.30693673,,VAL,-65.12693467,-36.88253559,18.15654375,,-3.733504279,0.620167683,3.784661432
CYS,-62.37408381,-48.18139211,18.90886249,,CYS,-67.4941708,-34.90291499,18.82957383,,-5.12008699,13.27847712,14.23141755
VAL,-63.71897759,-44.99189497,22.58475256,,VAL,-65.64411625,-43.61136382,22.41761438,,-1.925138659,1.380531151,2.36897132
LEU,-59.46406255,-43.57842165,23.34746753,,LEU,-65.26016829,-33.41283087,23.32869862,,-5.796105735,10.16559078,11.70188351
ALA,-68.36713415,-44.56714513,23.77064631,,ALA,-68.02204962,-37.6341141,23.62503679,,0.345084526,6.933031027,6.941613829
HIS,-54.64230925,-43.31518822,26.02873605,,HIS,-69.53514897,-38.9477653,26.00748354,,-14.89283972,4.367422917,15.5200212
HIS,-73.92537816,-51.07872707,27.96643917,,HIS,-72.82184006,-36.6955018,27.96250327,,1.103538099,14.38322527,14.42549706
PHE,-88.84089348,-5.837584314,28.43128553,,PHE,-108.3370232,-9.931381666,28.43024435,,-19.49612972,-4.093797352,19.92130143
GLY,52.95386798,-134.0618686,27.79676506,,GLY,61.26362203,-130.5622514,27.69929837,,8.309754047,3.499617128,9.01661424
LYS,-59.43498978,-25.31783594,29.92503438,,LYS,-72.55783003,-5.604910634,31.22348334,,-13.12284025,19.71292531,23.6813927
GLU,-70.8080743,-20.1672511,30.31041351,,GLU,-78.89997432,-20.95966704,30.26804123,,-8.091900022,-0.792415941,8.130606927
PHE,-92.75451156,76.22506364,23.89691485,,PHE,-84.15229171,76.20439875,23.8900928,,8.602219857,-0.020664886,8.602244679
THR,-67.36070329,166.7967414,25.70450539,,THR,-75.36992829,162.5738484,25.88007265,,-8.009224999,-4.222892977,9.054308929
PRO,-54.42264675,-48.22734428,23.08568779,,PRO,-50.94329155,-44.46754952,23.27219233,,3.479355201,3.759794764,5.122691605
PRO,-58.46515642,-38.63046699,24.07462749,,PRO,-61.33666823,-35.61713786,24.36833777,,-2.871511818,3.013329132,4.162419078
VAL,-73.67964609,-30.40731768,23.96115563,,VAL,-70.8234444,-42.16045367,24.12467631,,2.856201696,-11.75313599,12.09520954
GLN,-67.32320835,-48.07753034,19.08236536,,GLN,-55.43878387,-51.34846345,19.23016774,,11.88442448,-3.270933114,12.32633558
ALA,-58.5203788,-45.77572493,19.34244736,,ALA,-55.18948816,-39.82658007,19.4506504,,3.330890636,5.949144864,6.818149092
ALA,-56.71264941,-44.0697471,20.96188745,,ALA,-64.71208717,-41.69198671,21.08981036,,-7.999437756,2.377760387,8.345342944
TYR,-70.09974976,-35.3254467,21.45151018,,TYR,-74.38718208,-24.14265911,21.579063,,-4.287432324,11.18278759,11.97651093
GLN,-57.80716188,-39.047477,15.20356983,,GLN,-70.33707945,-35.36786173,15.36390958,,-12.52991758,3.679615277,13.0590353
LYS,-62.93408305,-45.57644671,18.04384401,,LYS,-66.51123534,-40.84009077,18.16327127,,-3.577152298,4.736355935,5.935409515
VAL,-65.43718475,-42.50582578,19.09463688,,VAL,-66.49911939,-41.59785157,19.31586112,,-1.061934644,0.907974214,1.397183725
VAL,-68.14984747,-33.28497103,15.75304944,,VAL,-79.25240134,-22.89840763,15.97087669,,-11.10255387,10.38656341,15.20353255
ALA,-71.06831648,-47.43025961,14.18421293,,ALA,-73.84938756,-36.8806264,14.11059168,,-2.781071082,10.5496332,10.91004661
GLY,-55.6101276,-49.08750845,16.81908799,,GLY,-61.19742401,-42.29877163,16.86025745,,-5.587296407,6.788736819,8.79231646
VAL,-65.25741106,-38.33700986,17.91965614,,VAL,-66.34282993,-41.59252793,17.95255023,,-1.08541887,-3.255518073,3.431695215
ALA,-63.09890249,-38.36773891,14.41733461,,ALA,-64.73118561,-40.8277317,14.46922448,,-1.632283114,-2.459992783,2.952272456
ASN,-68.24662628,-46.27345684,14.50323996,,ASN,-59.5960457,-46.35364672,14.57788863,,8.650580587,-0.080189883,8.650952254
ALA,-53.535876,-46.95997648,18.66655455,,ALA,-64.50134353,-37.7980603,18.53564278,,-10.96546753,9.161916174,14.28923322
LEU,-68.27573539,-29.44960304,18.23222027,,LEU,-79.19933443,-16.32665113,18.20218752,,-10.92359903,13.12295192,17.07445117
ALA,-85.03386789,-15.92112719,15.92860529,,ALA,-94.07459677,-4.946538799,15.79554801,,-9.040728879,10.97458839,14.21887369
HIS,-55.45519663,-45.79505958,19.47451147,,HIS,-71.08450506,-33.18631456,19.47347699,,-15.62930844,12.60874502,20.08122838
LYS,-86.45400424,9.49681992,21.70594368,,LYS,-102.9925845,21.21891527,22.34843561,,-16.53858024,11.72209535,20.27146161
TYR,-76.65851099,146.7054834,17.74587993,,TYR,-73.4093177,144.3361723,17.43521178,,3.249193288,-2.369311164,4.021304815
LEU,-72.99122209,118.9192662,22.02964765,,LEU,-87.05793044,121.0092263,22.10874884,,-14.06670835,2.089960101,14.2211187
SER,-86.47830589,162.0019346,25.0379855,,SER,-75.14499518,158.2161067,25.07568603,,11.33331071,-3.785827917,11.94890893
PRO,-59.95843052,-34.66541039,28.39943644,,PRO,-51.7233882,-36.89536726,28.56330201,,8.235042321,-2.229956871,8.531625266
ALA,-66.45039914,-45.92295025,27.29876296,,ALA,-67.40467207,-40.4030807,27.35831622,,-0.954272935,5.519869549,5.601749429
ASP,-56.16368111,-53.52508763,23.60417882,,ASP,-64.86355385,-39.77975204,23.61658325,,-8.69987274,13.74533559,16.26720739
LYS,-57.67073947,-25.54326911,26.36033542,,LYS,-66.06434967,-39.13170983,26.44409662,,-8.393610196,-13.58844072,15.97180057
THR,-77.32415734,-46.5887592,29.18991695,,THR,-64.1972571,-40.44536867,29.37227437,,13.12690025,6.143390523,14.49333492
ASN,-48.11902078,-53.12652258,26.48446495,,ASN,-69.35310984,-35.72969485,26.44445684,,-21.23408907,17.39682773,27.45061299
VAL,-65.71435999,-38.12729465,24.83796165,,VAL,-74.77361872,-41.6056478,24.68261441,,-9.059258721,-3.478353151,9.704076938
LYS,-72.28037765,-28.59842198,28.98143623,,LYS,-66.18720522,-33.34555215,28.9690148,,6.093172433,-4.747130174,7.724117761
ALA,-77.78634143,-47.71640141,29.67899965,,ALA,-69.31258416,-51.8697269,29.55663518,,8.47375727,-4.153325492,9.436878451
ALA,-57.14041272,-51.22666147,27.3369859,,ALA,-65.11323445,-41.96680845,27.17342246,,-7.972821734,9.259853021,12.21927839
TRP,-60.68070786,-35.63793644,26.18881512,,TRP,-75.20872181,-28.53911613,25.86123943,,-14.52801396,7.098820314,16.16961469
GLY,-62.76917466,-28.57587391,31.0262754,,GLY,-57.36918953,-47.39764512,30.87115345,,5.39998513,-18.8217712,19.58108553
LYS,-77.65078136,-36.35585442,31.79100059,,LYS,-73.56735871,-13.91723184,31.88344948,,4.083422644,22.43862258,22.80715071
VAL,-55.88531737,-41.60769233,28.93711615,,VAL,-71.39503227,-51.31631117,28.88648006,,-15.50971489,-9.70861884,18.29777407
GLY,40.50456723,-137.79882,31.3575927,,GLY,52.9427621,-111.6064493,31.17685616,,12.43819487,26.19237077,28.99567171
ALA,-48.71508083,-3.699376403,33.34570269,,ALA,-81.30205429,-9.869407183,32.92871209,,-32.58697346,-6.17003078,33.16594819
HIS,-97.61382502,-2.861200679,31.45775105,,HIS,-92.95272701,4.03968441,31.53078023,,4.661098015,6.900885089,8.327547641
ALA,-45.28480106,-43.7512757,27.62661038,,ALA,-50.93745691,-46.77766246,27.52130791,,-5.652655843,-3.026386759,6.411827734
GLY,-61.85278873,-40.75315987,27.85369377,,GLY,-56.74799073,-47.26522996,27.7185401,,5.104797998,-6.512070086,8.274419581
GLU,-74.96395708,-33.20431883,29.405891,,GLU,-68.95379001,-34.18209359,29.20046685,,6.01016707,-0.977774766,6.089183172
TYR,-69.48277568,-39.05809598,26.37364661,,TYR,-77.336964,-30.77989962,26.37693283,,-7.854188323,8.278196356,11.411258
GLY,-57.89501079,-58.70772332,23.3612157,,GLY,-63.35952529,-42.14892948,23.04918986,,-5.464514495,16.55879384,17.43716066
ALA,-56.35738673,-41.40401034,24.56193948,,ALA,-68.51667912,-36.88954411,24.2087951,,-12.15929239,4.51446623,12.97030442
GLU,-65.41252602,-46.02216634,23.93679141,,GLU,-66.77558099,-43.51827794,23.77881148,,-1.363054965,2.503888398,2.850855301
ALA,-61.35705875,-39.45024465,19.837858,,ALA,-59.7538368,-41.17039406,19.72986031,,1.603221947,-1.720149411,2.351432459
LEU,-64.47337404,-54.45218458,20.15966917,,LEU,-61.35592776,-45.22127821,19.98765823,,3.117446281,9.230906367,9.743105442
GLU,-54.05969142,-43.01534003,23.14285536,,GLU,-62.76744891,-42.42841295,22.88322016,,-8.707757499,0.586927084,8.727515343
ARG,-65.50383253,-37.08934655,20.39828204,,ARG,-60.26104745,-41.2581261,20.27049518,,5.242785075,-4.168779551,6.698172757
MET,-65.47343917,-47.77970434,15.64209774,,MET,-67.01854014,-41.86092207,15.50505619,,-1.545100972,5.918782275,6.117133368
PHE,-60.15391229,-36.61116515,19.07494983,,PHE,-69.34202144,-33.27532974,18.84504526,,-9.188109149,3.335835413,9.774924431
LEU,-83.36531432,-43.12157162,20.14203371,,LEU,-83.48801169,-36.05513362,20.08197063,,-0.122697374,7.066438002,7.067503143
SER,-78.71484308,-34.87204395,16.05293189,,SER,-84.3053498,-32.9232795,15.94705705,,-5.590506716,1.948764455,5.920426357
PHE,-129.064043,72.5240301,12.87194891,,PHE,-130.0623339,78.78993992,12.70600261,,-0.998290952,6.265909824,6.344935834
PRO,-53.74926053,-26.18974145,16.19140105,,PRO,-61.65838269,-20.04990117,16.05243284,,-7.909122156,6.139840277,10.01258468
THR,-57.27446725,-24.84386714,13.52335254,,THR,-66.03546834,-26.27293825,13.37013589,,-8.761001092,-1.429071107,8.876789079
THR,-76.12157905,-12.00529286,14.69116226,,THR,-73.19857593,-14.55612139,14.68691548,,2.923003118,-2.550828523,3.879519736
LYS,-73.64020328,-16.21851293,18.99831131,,LYS,-69.68033285,-14.94059745,19.03841175,,3.959870429,1.277915479,4.160966449
THR,-54.36323064,-25.70960144,17.49026208,,THR,-69.00966455,-14.30838513,17.50703103,,-14.64643391,11.40121631,18.56086635
TYR,-87.08699803,-10.03757669,16.44336028,,TYR,-94.46672075,-1.125171749,16.40760605,,-7.379722715,8.912404942,11.57113949
PHE,-131.1694652,45.21550579,20.77315721,,PHE,-131.9079094,54.14368052,20.6425548,,-0.738444205,8.928174725,8.958660824
PRO,-56.68853525,-23.79596188,23.70030896,,PRO,-72.96184407,-19.93373929,23.985643,,-16.27330882,3.862222588,16.72535031
HIS,-94.78247333,-2.118688618,25.91667725,,HIS,-88.83746765,1.372567583,25.98146036,,5.945005682,3.491256201,6.894342784
PHE,-100.2200385,152.488242,25.41014659,,PHE,-103.9184861,151.2955292,25.52062625,,-3.698447676,-1.192712805,3.886010685
ASP,-83.4633341,113.1659378,28.8596481,,ASP,-81.21274053,114.4505747,28.81956113,,2.250593566,1.284636908,2.591421113
LEU,-94.07194591,-4.787363574,24.47774555,,LEU,-102.0800931,12.90395331,24.41149063,,-8.008147223,17.69131688,19.41940048
SER,-59.11986393,157.9338241,28.28999374,,SER,-70.94891329,165.2346349,28.33687566,,-11.82904936,7.300810832,13.90065637
HIS,-49.96846307,119.1503595,29.21236917,,HIS,-68.26173032,128.9083099,29.26086095,,-18.29326725,9.757950455,20.73309489
GLY,85.83420561,6.962665566,30.3420767,,GLY,96.49929935,4.483489364,30.48078034,,10.66509373,-2.479176202,10.94945382
SER,-39.65831306,138.6972366,29.23662288,,SER,-61.92186579,132.356717,29.26586677,,-22.26355272,-6.34051958,23.14882218
ALA,-75.72639476,-24.91322081,31.23073837,,ALA,-64.58727389,-30.91196681,31.0121181,,11.13912087,-5.998746002,12.65167844
GLN,-67.99960848,-52.49165441,28.66144458,,GLN,-65.94021159,-45.94283882,28.69781565,,2.059396888,6.548815591,6.864990983
VAL,-62.98727978,-29.28336943,25.76414785,,VAL,-68.06517207,-38.30743483,25.5722443,,-5.077892289,-9.024065391,10.35464853
LYS,-67.11046292,-54.37912807,29.75942757,,LYS,-64.65344223,-39.65382578,29.45378678,,2.457020697,14.72530229,14.92888067
GLY,-53.65778195,-47.54829002,28.3962034,,GLY,-66.69840362,-40.85451022,28.2080588,,-13.04062167,6.693779799,14.65825711
HIS,-58.87042715,-40.7666426,23.95416815,,HIS,-69.77357316,-39.72921543,23.83358221,,-10.90314602,1.03742717,10.95239007
GLY,-58.48855479,-38.84611787,25.01269942,,GLY,-60.1355414,-41.26555985,24.75489104,,-1.646986614,-2.419441975,2.926818131
LYS,-63.89004412,-48.42652387,28.82871366,,LYS,-65.73792721,-37.61278399,28.91093516,,-1.847883088,10.81373988,10.97048961
LYS,-60.11150258,-45.63834452,26.18761794,,LYS,-65.96737518,-39.91196476,26.52697295,,-5.855872601,5.726379755,8.190401029
VAL,-66.47872822,-48.01241387,22.34627493,,VAL,-64.42896525,-46.0272948,22.17690023,,2.04976297,1.985119067,2.853458593
ALA,-62.43448397,-39.81507548,25.00945951,,ALA,-65.18936148,-40.30275047,24.70483772,,-2.754877505,-0.48767499,2.797709235
ASP,-56.59282284,-48.22984388,27.93167722,,ASP,-66.2419619,-31.75429876,27.74537772,,-9.649139067,16.47554512,19.09317867
ALA,-60.71955582,-35.0226129,24.17753982,,ALA,-68.35913809,-37.32853102,24.13151962,,-7.639582272,-2.305918113,7.980004739
LEU,-72.57470022,-40.55999609,22.6303968,,LEU,-72.63813316,-37.81019446,22.28816721,,-0.063432941,2.749801624,2.750533168
THR,-57.20660975,-44.75477198,27.35957795,,THR,-58.57806751,-43.55697366,27.13994088,,-1.371457764,1.197798318,1.820883634
ASN,-75.48084614,-32.61062896,27.51719833,,ASN,-63.60143896,-38.93839541,27.14933618,,11.87940718,-6.327766456,13.45960412
ALA,-70.80625398,-39.33248536,24.48483951,,ALA,-67.66669708,-36.29875389,24.30710642,,3.139556905,3.033731467,4.365815407
VAL,-56.85975032,-58.30870874,26.10313217,,VAL,-64.75621603,-44.66122358,26.07831246,,-7.896465703,13.64748516,15.76730864
ALA,-61.45394681,0.729092411,29.34035711,,ALA,-63.83091067,-26.83791155,29.21493858,,-2.376963864,-27.56700396,27.669291
HIS,-142.4775201,28.40940147,28.50932299,,HIS,-117.4124714,47.60002859,28.64432034,,25.06504873,19.19062712,31.5679717
VAL,-46.46479476,-28.24554491,25.46560636,,VAL,-79.966618,-13.13364385,25.44801905,,-33.50182323,15.11190106,36.7524382
ASP,-77.99631904,-26.7303425,27.98685182,,ASP,-84.61638926,-4.644450831,27.98673587,,-6.620070225,22.08589167,23.0567114
ASP,-144.970886,59.66516,27.57478155,,ASP,-152.8625624,46.69760766,27.71780599,,-7.891676401,-12.96755234,15.18011759
MET,-65.75793243,-37.45310116,22.48801457,,MET,-69.9955721,-38.38172323,22.46946147,,-4.23763967,-0.928622074,4.338194201
PRO,-46.74835323,-55.76336297,23.61462359,,PRO,-55.10650931,-39.13347204,23.40018096,,-8.358156084,16.62989093,18.61214779
ASN,-74.25369643,-37.8495446,27.36271775,,ASN,-79.71491032,-36.53057691,27.80393372,,-5.461213888,1.318967691,5.618232186
ALA,-68.70920987,-30.06859945,26.2588201,,ALA,-66.1145028,-34.68092491,26.23267289,,2.594707068,-4.612325456,5.292074345
LEU,-105.325333,15.94245016,22.66148004,,LEU,-101.0571932,11.59834383,22.68590476,,4.268139836,-4.344106322,6.090014565
SER,-63.42811831,-45.52067595,24.86258394,,SER,-53.36214429,-50.40596967,24.78185723,,10.06597402,-4.885293729,11.18883049
ALA,-54.09026598,-38.75909407,25.33787691,,ALA,-68.61280853,-28.88589268,25.20115922,,-14.52254255,9.873201389,17.56087548
LEU,-72.33413353,-36.04309167,22.25824158,,LEU,-76.87885463,-33.47635304,22.26350464,,-4.544721099,2.566738628,5.219447964
SER,-74.37332716,-19.16318971,20.3393455,,SER,-67.98643101,-38.06244356,20.37041817,,6.386896151,-18.89925385,19.94929168
ASP,-71.6825461,-61.16945618,23.40740405,,ASP,-57.46451335,-41.64778319,23.53584733,,14.21803275,19.52167299,24.1505315
LEU,-46.73336776,-53.80900729,22.44990652,,LEU,-70.82003485,-45.27966847,22.5569239,,-24.08666709,8.529338812,25.55224358
HIS,-63.8425204,-43.17048346,18.42403472,,HIS,-77.12636517,-31.41006611,18.42749668,,-13.28384478,11.76041735,17.74170083
ALA,-75.74736136,-43.11682908,18.87990783,,ALA,-70.39233415,-43.6150339,18.90405236,,5.355027205,-0.498204823,5.378152509
HIS,-105.2808914,-17.40862394,22.16764779,,HIS,-108.4053052,-17.00289164,22.12235921,,-3.124413723,0.4057323,3.150647523
LYS,-115.8990547,-61.24710382,23.35550293,,LYS,-117.0346662,-52.13934706,23.96869053,,-1.135611507,9.107756768,9.178281257
LEU,-66.73936629,-41.36743589,19.88862267,,LEU,-73.67272993,-46.33149179,19.99782471,,-6.933363636,-4.9640559,8.527214216
ARG,48.62656641,44.49616812,19.03715251,,ARG,56.54094673,56.74786462,19.17294955,,7.914380322,12.2516965,14.58566018
VAL,-67.23134619,131.3402691,14.20383757,,VAL,-75.39848371,124.8500658,14.17236664,,-8.167137515,-6.490203231,10.43191608
ASP,-64.04340159,133.9958079,9.964875318,,ASP,-57.13398379,129.9518763,10.08221769,,6.909417802,-4.043931697,8.00583774
PRO,-43.60517831,-34.36298757,8.97384339,,PRO,-49.455667,-24.9984119,8.965251762,,-5.850488691,9.364575678,11.04189728
VAL,-63.04016849,-20.90046057,6.271631765,,VAL,-67.14294375,-23.79640066,6.261993626,,-4.102775259,-2.895940089,5.021875529
ASN,-74.17425661,-19.25611652,10.07043336,,ASN,-77.03652891,-15.41904538,9.900781963,,-2.862272296,3.837071138,4.787036412
PHE,-62.10431497,-43.20705608,11.58041661,,PHE,-72.6286731,-29.24836218,11.51901651,,-10.52435813,13.95869389,17.48162605
LYS,-62.04448133,-32.6482083,7.218347183,,LYS,-74.301689,-27.36978022,7.061850251,,-12.25720767,5.278428082,13.34544652
LEU,-75.39772084,-42.17847259,10.04302026,,LEU,-76.31343596,-37.92482148,9.92801997,,-0.915715124,4.253651113,4.351101238
LEU,-67.65875844,-45.2542097,14.51163819,,LEU,-71.2227283,-39.87785731,14.42246048,,-3.563969859,5.376352388,6.450352405
SER,-52.50700775,-55.23873365,13.29900677,,SER,-60.05485327,-43.43917503,13.2390055,,-7.547845518,11.79955862,14.00712517
HIS,-47.77346529,-52.16983474,13.52291476,,HIS,-61.80902238,-43.94103253,13.36039117,,-14.03555709,8.228802219,16.26991237
CYS,-61.62510439,-33.52495966,16.13792181,,CYS,-67.79536883,-29.74253568,15.86826372,,-6.170264444,3.782423979,7.237326472
LEU,-83.16977778,-36.2064672,18.54620547,,LEU,-67.93346388,-43.87361465,18.27113372,,15.2363139,-7.667147453,17.05668231
LEU,-58.92612914,-50.65993711,17.64692821,,LEU,-61.24401146,-45.03960339,17.56572778,,-2.317882321,5.620333718,6.079533663
VAL,-65.37891586,-40.07710749,19.30041244,,VAL,-59.63893996,-44.49511896,19.23441602,,5.739975901,-4.418011465,7.243352031
THR,-59.98361842,-49.00895986,22.17764531,,THR,-61.6471159,-42.02754235,21.92351403,,-1.663497482,6.981417506,7.176866605
LEU,-55.61155924,-54.82034402,23.12050823,,LEU,-68.64172817,-37.47344532,22.78539583,,-13.03016893,17.34689871,21.69562622
ALA,-46.04537432,-48.73766062,23.93193807,,ALA,-61.05668769,-39.2332198,23.57966207,,-15.01131337,9.50444082,17.76721487
ALA,-67.34012785,-24.67692006,25.92164429,,ALA,-75.11252806,-20.26900711,25.71402283,,-7.772400216,4.407912958,8.935317665
HIS,-112.5216463,-18.87938672,27.64321786,,HIS,-113.9883621,-11.43270742,27.54947364,,-1.466715785,7.446679299,7.589748861
LEU,-128.1653095,63.07486446,27.59401608,,LEU,-120.7892737,69.725436,27.44650581,,7.376035777,6.650571539,9.931566119
PRO,-51.37205183,-57.70367549,29.22450799,,PRO,-60.98109523,-41.2644302,29.75611741,,-9.609043401,16.43924529,19.04159922
ALA,-56.78932472,-52.93727781,30.79841698,,ALA,-87.41371412,-21.8776144,30.74952371,,-30.6243894,31.05966341,43.61829796
GLU,-77.88222449,-19.79436092,29.39127519,,GLU,-88.91065603,-25.84350495,29.50562919,,-11.02843154,-6.049144038,12.5784914
PHE,-73.63390981,57.45293078,23.74638224,,PHE,-85.48305415,64.67890397,23.56090931,,-11.84914434,7.225973196,13.87864944
THR,-77.81799736,160.1193357,25.97925068,,THR,-62.59246428,154.1571858,26.17490246,,15.22553308,-5.962149908,16.35127179
PRO,-57.26347905,-52.4230976,24.0928777,,PRO,-53.20064014,-44.49648993,24.02823051,,4.062838902,7.926607671,8.907175148
ALA,-63.00431159,-38.81522808,24.16638367,,ALA,-66.67835634,-33.02596834,24.04441046,,-3.674044754,5.789259738,6.85668529
VAL,-73.14888933,-21.34690365,24.03321161,,VAL,-77.6749555,-34.03044626,23.82719278,,-4.526066169,-12.68354261,13.46690492
HIS,-73.83473297,-50.02512339,19.53211868,,HIS,-59.85917465,-44.97176627,19.28634452,,13.97555832,5.053357112,14.86111195
ALA,-57.7391524,-39.38429269,19.22222457,,ALA,-63.1003137,-44.29034165,19.24378576,,-5.361161298,-4.90604896,7.267142964
SER,-63.19500479,-51.90987159,20.97537958,,SER,-65.95755195,-39.30540783,20.93431217,,-2.762547158,12.60446377,12.90364962
LEU,-65.01051834,-35.57786529,19.92143997,,LEU,-68.40788595,-38.12490645,19.77578097,,-3.39736761,-2.547041159,4.246118856
ASP,-60.09199521,-53.61615999,14.85851001,,ASP,-66.77290068,-37.186322,14.66820823,,-6.680905468,16.42983799,17.73623619
LYS,-59.53140159,-36.39234426,17.45516219,,LYS,-67.93904453,-39.97781317,17.36437585,,-8.40764294,-3.585468915,9.140243276
PHE,-63.2606749,-53.68219379,19.36841577,,PHE,-64.61543593,-44.72722383,19.3028407,,-1.35476103,8.954969968,9.056868365
LEU,-64.95412218,-32.99631504,15.86251073,,LEU,-70.2426241,-27.46906949,15.63320923,,-5.288501921,5.527245551,7.649751365
ALA,-64.37323932,-39.57736803,13.55277424,,ALA,-72.48890622,-31.58913787,13.32092577,,-8.115666904,7.988230156,11.38753135
SER,-79.55019931,-27.42014974,16.58727298,,SER,-72.55672462,-38.20643277,16.40685879,,6.993474687,-10.78628304,12.85506087
VAL,-60.18607131,-39.48774449,16.95861466,,VAL,-64.82726498,-41.57764323,16.89431285,,-4.641193663,-2.089898738,5.090025084
SER,-59.93495548,-52.32718318,13.30969056,,SER,-62.48971271,-43.05748552,13.13786432,,-2.554757227,9.26969766,9.615304426
THR,-54.83393493,-47.38233105,14.19390658,,THR,-61.44360334,-43.79455734,14.11877358,,-6.609668413,3.587773715,7.520627418
VAL,-59.70755761,-47.53455154,17.94322771,,VAL,-64.04480828,-44.63578424,17.82857258,,-4.337250677,2.898767303,5.216760998
LEU,-68.52591473,-21.17084054,16.95332261,,LEU,-71.97074772,-14.02796635,16.75498359,,-3.444832991,7.142874182,7.930165567
THR,-106.4083096,19.03494348,13.73540099,,THR,-111.2848469,11.53983843,13.75390154,,-4.876537359,-7.495105045,8.941879906
SER,-75.57282327,-23.65972335,17.47519429,,SER,-60.92556852,-28.22930957,17.2595561,,14.64725475,-4.569586218,15.34350644
LYS,-109.8206381,30.65512508,20.26196,,LYS,-114.5669606,19.62376612,20.32012059,,-4.746322542,-11.03135895,12.00909897
TYR,-67.0893966,-38.58835551,15.50817266,,TYR,-67.81720307,-37.37840266,15.36756422,,-0.727806469,1.209952851,1.411980226
HIS,-90.01058543,89.92385571,21.39614213,,HIS,-110.9783578,107.5009345,23.72717503,,-20.96777235,17.57707878,27.36057704
LEU,-108.1013813,147.2967099,23.58882948,,LEU,-108.3153471,141.6872359,24.31401028,,-0.21396578,-5.609474001,5.613553235
THR,-72.31783512,155.9669899,26.89089061,,THR,-66.95063123,154.8527338,26.73591841,,5.367203891,-1.114256126,5.481646132
PRO,-80.98997957,-9.216070593,30.04771203,,PRO,-64.79588426,-19.37995361,30.37887746,,16.19409531,-10.16388302,19.11944667
GLU,-87.86793387,-24.53486594,30.80795869,,GLU,-90.40595213,-19.58961595,29.38156257,,-2.538018256,4.945249994,5.558510067
GLU,-88.50957484,-36.83638669,24.80606157,,GLU,-75.29888063,-38.60713772,24.73200985,,13.21069421,-1.770751036,13.32884094
LYS,-67.86301982,-33.22663323,27.85119183,,LYS,-66.41886438,-39.16351081,28.6652016,,1.444155439,-5.936877582,6.11000003
SER,-77.0900673,-32.56173467,30.39813943,,SER,-82.17552007,-18.19687403,30.52031613,,-5.085452775,14.36486064,15.23847273
ALA,-71.76052029,-33.71711301,27.99821148,,ALA,-64.74731375,-41.99116236,27.79187345,,7.013206539,-8.274049348,10.84642607
VAL,-65.30300375,-54.5085236,25.99333567,,VAL,-70.14454559,-46.24435405,25.98767758,,-4.84154184,8.264169548,9.577944754
THR,-55.02435919,-54.03707511,29.80314652,,THR,-60.61920397,-47.30069621,29.98785499,,-5.594844784,6.736378906,8.756773888
ALA,-55.95572478,-52.06951429,31.25264169,,ALA,-66.51152054,-42.8910973,31.19118134,,-10.55579576,9.178416992,13.98814365
LEU,-60.88354981,-48.69536697,28.48270364,,LEU,-65.09080667,-40.1978369,28.31473012,,-4.207256861,8.497530069,9.4820371
TRP,-59.41547456,-27.08398634,27.50538669,,TRP,-75.17367284,-24.00059827,27.37798544,,-15.75819828,3.083388068,16.05702635
GLY,-76.80043281,-8.082691665,32.710337,,GLY,-60.07605429,-24.10393487,32.5984317,,16.72437852,-16.02124321,23.15998857
LYS,-103.452561,-7.391994807,32.81787229,,LYS,-92.07850761,-2.365398276,32.4409151,,11.3740534,5.02659653,12.4352629
VAL,-76.63250611,123.9705049,29.9212564,,VAL,-88.30775742,127.7970353,29.63900856,,-11.67525131,3.826530339,12.28632686
ASN,-84.91742753,96.3908093,31.92736167,,ASN,-80.53291099,110.2347999,31.85934038,,4.384516543,13.84399057,14.52170996
VAL,-63.24694861,-30.65130914,29.63703866,,VAL,-64.37580651,-36.36522987,29.25584492,,-1.128857895,-5.713920736,5.824363512
ASP,-62.1405986,-57.78675294,32.07149173,,ASP,-66.27316155,-46.88933924,31.39850569,,-4.132562951,10.8974137,11.65468583
GLU,-64.92558838,-52.5482997,31.0907955,,GLU,-71.08351027,-42.51710189,30.4069857,,-6.157921894,10.03119781,11.7705111
VAL,-65.19621088,-36.88150843,26.19089752,,VAL,-76.09733345,-31.62737011,26.10424274,,-10.90112257,5.25413832,12.1012579
GLY,-73.41566805,-32.21694616,25.54900746,,GLY,-60.83602767,-49.33144961,25.14264284,,12.57964038,-17.11450346,21.24037619
GLY,-72.1687477,-45.09359478,26.20395312,,GLY,-62.6539768,-38.02439105,25.954733,,9.5147709,7.069203726,11.85345969
GLU,-60.60239816,-45.21692875,25.05404388,,GLU,-72.02969545,-43.58655253,25.03152949,,-11.42729729,1.630376215,11.54301737
ALA,-66.28663173,-47.352914,21.44178901,,ALA,-65.53962002,-44.23529258,21.24895432,,0.747011704,3.117621418,3.205868024
LEU,-65.08941389,-52.05390743,22.12389031,,LEU,-70.28523638,-36.26605383,21.79899668,,-5.195822498,15.78785361,16.62085717
GLY,-45.66204722,-62.86469237,22.72145719,,GLY,-67.93409399,-42.50775628,22.36869212,,-22.27204677,20.35693608,30.17364602
ARG,-65.28594527,-16.72881248,21.54982295,,ARG,-68.65644979,-32.56839007,21.45034239,,-3.370504517,-15.83957758,16.19421251
LEU,-68.06992608,-48.55975031,17.49316942,,LEU,-58.53845806,-44.74751279,17.29964545,,9.531468026,3.812237524,10.26557537
LEU,-64.73819739,-32.0897164,20.62039731,,LEU,-73.33608414,-22.68372831,20.4411836,,-8.597886745,9.405988091,12.74347945
VAL,-82.53175307,-47.32782903,20.97363282,,VAL,-85.78647457,-47.01010796,20.70273136,,-3.254721496,0.317721074,3.270192455
VAL,-74.20489701,-38.37749122,16.9898949,,VAL,-81.40400814,-34.30836662,16.94404873,,-7.199111134,4.069124591,8.269520909
TYR,-123.4005296,69.29736416,14.11935059,,TYR,-120.0872283,75.59383742,13.7752472,,3.313301366,6.296473251,7.115022231
PRO,-52.24555666,-24.70973504,18.32667611,,PRO,-68.22001869,-13.39868498,18.08121658,,-15.97446204,11.31105005,19.57353547
TRP,-75.90541396,-0.789434603,14.7903297,,TRP,-71.83184505,-13.85949092,14.25904068,,4.073568911,-13.07005632,13.69015471
THR,-79.74810964,-8.227983456,17.47506482,,THR,-75.72293952,-11.54162978,17.11718488,,4.025170121,-3.313646322,5.213659602
GLN,-70.71964339,-19.03853227,21.58148883,,GLN,-63.81831113,-18.46936397,21.38857947,,6.901332262,0.569168297,6.924762778
ARG,-59.46804289,-18.72620552,20.005602,,ARG,-33.21638781,-41.27489235,19.48089641,,26.25165509,-22.54868683,34.60625193
PHE,-86.76006723,-25.07401825,20.27821331,,PHE,-95.14072985,-0.965118834,20.19682948,,-8.380662617,24.10889942,25.52399924
PHE,-114.6792449,17.31866827,23.51477224,,PHE,-131.7484967,39.30631523,23.42513179,,-17.06925179,21.98764696,27.83551644
GLU,-41.20079187,-46.38572752,26.28700358,,GLU,-88.47133493,0.805112603,26.61753913,,-47.27054306,47.19084012,66.79430839
SER,-65.60840285,-3.985619627,29.58850659,,SER,-78.1070084,-1.744146311,29.82567034,,-12.49860556,2.241473317,12.69800549
PHE,-80.60475949,-22.42479915,28.63140962,,PHE,-95.57623987,-2.380207561,28.26413491,,-14.97148038,20.04459159,25.01861061
GLY,96.94883321,-92.83145532,30.12746888,,GLY,111.491493,-149.3515266,30.39574401,,14.54265984,-56.52007127,58.36100935
ASP,-90.57545772,110.4662122,30.96048658,,ASP,-88.30939242,115.0457123,30.89510924,,2.266065301,4.57950003,5.109488475
LEU,-123.7700056,19.84003405,26.57662862,,LEU,-124.6906681,26.79867883,26.27939776,,-0.920662513,6.958644776,7.01928462
SER,-67.41236387,-1.251192446,28.67178354,,SER,-88.74304361,-31.33448715,28.09225123,,-21.33067974,-30.0832947,36.87821197
THR,-164.6153049,161.957035,28.35793373,,THR,-120.0437023,157.2846628,28.52374189,,44.57160259,-4.672372278,44.81583225
PRO,-48.73362864,-49.83741373,26.68221328,,PRO,-46.35639462,-41.77745029,26.58467915,,2.377234022,8.059963442,8.403228682
ASP,-64.89628061,-44.78330571,30.40074181,,ASP,-73.43138679,-36.88154567,30.33506094,,-8.535106182,7.901760047,11.63124453
ALA,-60.32243298,-48.62533377,30.0489046,,ALA,-66.53549306,-42.99432305,29.85794939,,-6.213060081,5.631010725,8.385129537
VAL,-62.87871858,-58.64792207,26.79459303,,VAL,-65.79385449,-48.0192568,26.49755471,,-2.915135907,10.62866528,11.02118609
MET,-51.90192285,-33.11034546,27.26702461,,MET,-69.37370045,-26.63976405,27.1218814,,-17.4717776,6.470581401,18.63146361
GLY,-76.89123933,-33.48408064,31.69144482,,GLY,-96.43834102,1.615899971,31.49960778,,-19.54710169,35.09998061,40.17583631
ASN,-52.39989723,119.6302769,30.68294495,,ASN,-71.97402838,124.6982674,30.25716006,,-19.57413114,5.067990484,20.21957313
PRO,-77.27604838,-7.350536118,33.07541115,,PRO,-67.30367311,-30.25109099,32.7412178,,9.972375267,-22.90055487,24.97766366
LYS,-79.02616513,-42.62729513,31.49386079,,LYS,-77.20611565,-30.11667704,31.2338261,,1.820049476,12.51061808,12.64231565
VAL,-57.3447288,-48.93415682,27.34015808,,VAL,-63.89497882,-47.47230594,26.97079015,,-6.550250018,1.461850872,6.711392051
LYS,-61.73820867,-49.03399675,30.15498842,,LYS,-61.73167529,-43.74076249,30.25287593,,0.006533373,5.293234253,5.293238285
ALA,-65.51995118,-32.27135326,30.55469118,,ALA,-64.20154222,-41.42403684,30.09516101,,1.318408955,-9.152683576,9.24715193
HIS,-78.58167573,-31.43317357,26.33757781,,HIS,-73.27413487,-39.36004949,25.85531922,,5.307540857,-7.926875916,9.539672517
GLY,-66.14123554,-41.64231722,26.11001649,,GLY,-54.47164806,-41.17492507,25.75704329,,11.66958748,0.467392152,11.67894376
LYS,-65.10910116,-28.38444318,30.43588711,,LYS,-66.94833738,-39.57702088,30.18495027,,-1.839236227,-11.1925777,11.34268863
LYS,-68.12026217,-46.13351201,28.29649815,,LYS,-63.04498053,-49.94890415,28.3407408,,5.075281638,-3.815392136,6.349464612
VAL,-64.8434455,-50.76598774,24.06633074,,VAL,-59.12704312,-51.597913,23.81248381,,5.716402379,-0.831925254,5.776621485
LEU,-61.1083676,-33.20230678,25.29034864,,LEU,-73.19801433,-22.04743248,24.86870092,,-12.08964673,11.1548743,16.44964373
GLY,-72.54760084,-25.36757678,27.66453086,,GLY,-62.61585049,-49.51880527,27.55936898,,9.931750349,-24.15122849,26.11362676
ALA,-73.8034671,-35.27342163,25.57077607,,ALA,-71.00488436,-31.66126207,25.86123167,,2.798582745,3.612159557,4.569437826
PHE,-59.76124486,-50.17937329,22.83986107,,PHE,-64.58594948,-40.50166902,22.5977731,,-4.824704619,9.677704274,10.81368275
SER,-49.25602135,-55.62187711,27.45565124,,SER,-60.06140616,-42.37939969,27.23639147,,-10.80538481,13.24247742,17.09150517
ASP,-46.35634662,-49.54889659,28.3970392,,ASP,-66.25328454,-27.57113392,28.91963384,,-19.89693792,21.97776267,29.64641952
GLY,-70.53589414,-20.31011283,25.40850817,,GLY,-74.9930456,-19.74530854,25.56512803,,-4.457151464,0.564804291,4.492794572
LEU,-76.69948376,-14.74067897,26.04001555,,LEU,-74.2382906,-19.17259833,25.93346648,,2.461193158,-4.431919364,5.069455692
ALA,-95.95514407,-20.82522437,29.50127791,,ALA,-82.60686153,-12.90837272,29.51410849,,13.34828254,7.916851652,15.51944545
HIS,-118.2710714,39.74928592,28.45707673,,HIS,-134.3583689,49.92193005,28.85336713,,-16.08729751,10.17264413,19.03375501
LEU,-56.22681881,-17.60653095,24.97813424,,LEU,-62.48780399,-19.79857457,24.92497413,,-6.260985178,-2.192043622,6.633625753
ASP,-73.91342466,-31.63146722,27.84381512,,ASP,-81.00134441,-13.87844036,27.43829612,,-7.087919746,17.75302686,19.11566293
ASN,-151.4456087,59.43033554,26.52277403,,ASN,-154.5045997,74.47018579,26.67523986,,-3.058991027,15.03985025,15.34778556
LEU,-60.16558716,-38.97282798,22.54218392,,LEU,-66.03579015,-37.19786739,22.47399911,,-5.870202989,1.774960591,6.132680347
LYS,-63.57703242,-39.37517196,21.81288032,,LYS,-59.95343694,-44.5775435,21.7984939,,3.623595478,-5.202371537,6.339961656
GLY,-70.52478561,-39.74943106,26.23615181,,GLY,-68.40311359,-36.92508957,26.32804919,,2.121672015,2.824341493,3.53247746
THR,-62.49285103,-30.51837566,26.28943076,,THR,-63.37090417,-42.80216648,26.32396237,,-0.878053147,-12.28379083,12.31513274
PHE,-110.6217171,11.90769634,22.83748553,,PHE,-104.0352938,9.12702372,22.96974036,,6.586423371,-2.780672625,7.149343541
ALA,-54.3796279,-44.50686133,24.71453747,,ALA,-57.85706127,-44.71617854,24.80843523,,-3.477433378,-0.209317212,3.4837274
THR,-73.97471078,-40.82704394,26.87221582,,THR,-66.76113278,-47.21725301,27.0548813,,7.213578001,-6.390209074,9.6369331
LEU,-62.12149065,-30.52389322,23.97737036,,LEU,-65.72276496,-31.13476426,24.28635304,,-3.601274304,-0.610871044,3.652716803
SER,-72.82695567,-47.51064929,21.29009724,,SER,-60.34094922,-50.42627591,21.27769964,,12.48600646,-2.915626618,12.82190453
GLU,-67.52902592,-36.63654133,24.96113561,,GLU,-60.08185325,-38.31216146,25.31790125,,7.447172664,-1.675620133,7.63335336
LEU,-65.24964916,-43.38315539,24.8845599,,LEU,-70.81301451,-38.87429546,24.97136012,,-5.563365345,4.508859937,7.161064997
HIS,-66.386918,-35.68813672,20.96473547,,HIS,-72.22354933,-27.4758697,21.01335516,,-5.836631328,8.212267023,10.07509776
CYS,-70.88121723,-78.34040327,20.83987627,,CYS,-76.31647178,-64.08803558,20.9025977,,-5.435254555,14.25236769,15.25358898
ASP,-65.96779803,-30.79952999,24.46433879,,ASP,-75.66862556,-36.49763897,24.69520677,,-9.700827533,-5.698108987,11.25053336
LYS,-96.8168769,-58.78996535,26.31003818,,LYS,-105.7992442,-36.01908728,26.91695569,,-8.982367277,22.77087807,24.47847646
LEU,-90.82029031,-7.465619135,23.06000271,,LEU,-99.48715669,-19.18821741,23.14582824,,-8.666866373,-11.72259828,14.57854187
HIS,45.48696154,53.27096802,21.65757007,,HIS,59.95640037,47.98120127,21.74441627,,14.46943883,-5.289766757,15.40604727
VAL,-97.70108825,126.8376135,17.38966903,,VAL,-93.46489319,119.8434145,17.47057045,,4.23619506,-6.994198962,8.177051285
ASP,-66.95523846,124.155972,12.74407786,,ASP,-56.66489467,122.5231009,12.88667102,,10.29034379,-1.632871054,10.41909033
PRO,-62.89957988,-10.41990158,12.49136642,,PRO,-62.25346174,-13.88768712,12.55334782,,0.646118136,-3.467785543,3.527464418
GLU,-68.86525288,-29.7476203,8.362812328,,GLU,-60.72097188,-29.65705219,8.41537897,,8.144281006,0.090568106,8.14478457
ASN,-62.37788106,-25.65257155,12.88953065,,ASN,-57.98235388,-28.09168175,13.19314745,,4.39552719,-2.439110203,5.02691932
PHE,-63.15057514,-41.93087229,14.45479452,,PHE,-73.28879299,-34.25838571,14.55989629,,-10.13821785,7.672486579,12.71418545
ARG,-62.43210696,-45.6775481,9.205939446,,ARG,-67.7426152,-42.38843314,8.860648234,,-5.310508242,3.289114957,6.246581064
LEU,-57.7747884,-49.98658902,11.39236433,,LEU,-65.41008616,-42.33152384,11.30449533,,-7.635297758,7.655065181,10.81192836
LEU,-58.3418641,-42.90401681,16.09712535,,LEU,-65.33131866,-39.11374685,16.181131,,-6.989454563,3.790269961,7.951013864
GLY,-60.0993029,-43.51758679,14.9279471,,GLY,-53.07125698,-47.11985516,14.85378603,,7.028045916,-3.602268367,7.897453183
ASN,-62.31497406,-45.04974308,12.98362509,,ASN,-75.4422858,-33.22558451,12.85094081,,-13.12731174,11.82415857,17.66740047
VAL,-56.02250235,-39.09866201,16.94979192,,VAL,-68.0940363,-40.38587365,16.76520439,,-12.07153395,-1.287211644,12.13996894
LEU,-60.73391713,-44.86220199,19.5188615,,LEU,-62.45466163,-36.01420004,19.41326262,,-1.720744504,8.848001947,9.013772801
VAL,-62.66602708,-41.70415924,18.14823945,,VAL,-67.12201745,-35.34700659,18.1326386,,-4.455990367,6.357152649,7.763326603
CYS,-66.03312556,-36.82080657,18.94458947,,CYS,-65.12022147,-38.02132174,18.77132746,,0.912904085,-1.200515169,1.508187833
VAL,-67.5261698,-50.74071373,22.52855728,,VAL,-70.58490555,-42.26643023,22.45892944,,-3.058735758,8.474283497,9.009403156
LEU,-57.97926975,-34.0253447,23.4129826,,LEU,-62.81068983,-43.17872121,23.32336595,,-4.831420076,-9.153376509,10.35021359
ALA,-69.29978491,-48.4437096,23.82766375,,ALA,-60.58582293,-39.63717065,23.59495616,,8.713961978,8.806538945,12.38903796
HIS,-49.15485826,-48.57639703,25.96387123,,HIS,-66.74323649,-41.52334795,25.85568426,,-17.58837822,7.053049088,18.94984301
HIS,-71.04473855,-57.53453957,28.00036922,,HIS,-76.97184419,-43.79892144,28.71137934,,-5.927105641,13.73561812,14.95987254
PHE,-86.44098728,-2.190087919,28.56314422,,PHE,-99.98199741,-7.543655813,28.4408939,,-13.54101013,-5.353567894,14.56089436
GLY,39.02684074,-131.8120422,27.82989894,,GLY,63.56958189,-132.8927924,27.72238671,,24.54274115,-1.080750115,24.56652527
LYS,-33.31355579,-37.02571861,31.35259632,,LYS,-71.17799174,-9.982835429,31.12307928,,-37.86443595,27.04288318,46.52991555
GLU,-74.98960099,-19.1340066,30.04363324,,GLU,-72.86444768,-24.26703383,30.02577712,,2.125153306,-5.133027231,5.555559839
PHE,-89.24995021,78.19934433,23.84200612,,PHE,-88.02996161,75.94560507,23.82739303,,1.219988605,-2.253739254,2.562754928
THR,-76.06497692,163.024436,25.66682249,,THR,-76.22643578,158.0110527,25.76834998,,-0.161458858,-5.013383331,5.015982594
PRO,-55.45777982,-42.24537943,22.92677795,,PRO,-47.46342214,-46.13579791,23.07392762,,7.994357675,-3.890418481,8.890731724
PRO,-60.978073,-42.96085405,24.14286804,,PRO,-60.92677259,-33.63058982,24.17208834,,0.051300404,9.330264224,9.330405255
VAL,-73.80977367,-38.14600476,23.98032951,,VAL,-74.88357212,-36.94361515,23.95363925,,-1.073798457,1.202389606,1.612074406
GLN,-61.39652888,-45.33649905,19.29525275,,GLN,-59.83584902,-48.33981888,19.03895354,,1.560679859,-3.00331983,3.384619864
ALA,-55.28556074,-43.95287555,19.33623399,,ALA,-52.18505303,-44.60065491,19.26375608,,3.100507711,-0.647779364,3.16745421
ALA,-63.31166823,-41.92313542,20.89901147,,ALA,-67.78547809,-42.8145663,20.85130733,,-4.473809861,-0.891430877,4.561756644
TYR,-68.39216634,-31.40833763,21.54738051,,TYR,-71.5503955,-28.21142466,21.43250423,,-3.15822916,3.19691297,4.493847345
GLN,-60.35418757,-41.95632762,15.25521975,,GLN,-67.92475117,-35.17958241,15.23044285,,-7.570563601,6.776745211,10.16059589
LYS,-62.08980713,-40.84590507,17.99558456,,LYS,-67.99405022,-35.40102713,18.03264236,,-5.904243092,5.444877938,8.031611435
VAL,-58.87255455,-55.33228164,19.0953674,,VAL,-69.77012898,-46.59439306,19.13850808,,-10.89757444,8.737888583,13.96810028
VAL,-60.48254838,-42.37583837,15.84134544,,VAL,-74.36466495,-27.88117375,15.89065627,,-13.88211657,14.49466462,20.07008876
ALA,-60.40032032,-47.33899642,14.00965919,,ALA,-65.84517296,-39.40593524,13.97267698,,-5.444852637,7.933061181,9.621843895
GLY,-56.97981277,-48.27831482,16.77727937,,GLY,-64.07558563,-46.22532322,16.73774366,,-7.095772859,2.052991596,7.3867968
VAL,-61.48386352,-41.85939196,17.98789566,,VAL,-68.68893642,-41.35036357,17.96323205,,-7.205072901,0.509028384,7.223031593
ALA,-62.50750553,-40.95026571,14.40425268,,ALA,-56.26242955,-45.84157662,14.50564131,,6.245075981,-4.89131091,7.932584473
ASN,-70.99451905,-43.17779405,14.29828229,,ASN,-57.7239718,-46.4914018,14.77254841,,13.27054725,-3.313607753,13.67799037
ALA,-63.98231721,-36.32279842,18.52047273,,ALA,-64.12579561,-38.51103713,18.56233363,,-0.143478402,-2.188238704,2.192937454
LEU,-70.4014404,-26.35944395,18.18153564,,LEU,-78.0825312,-19.84761405,18.24355332,,-7.681090802,6.511829899,10.06990986
ALA,-79.58973458,-22.32505904,15.92763445,,ALA,-89.96148652,-4.867062841,15.94492624,,-10.37175194,17.4579962,20.30652284
HIS,-47.23675284,-49.67993613,19.53802055,,HIS,-70.91416458,-32.84903802,19.50810997,,-23.67741174,16.83089811,29.04993904
LYS,-93.23660392,26.15614333,21.98464018,,LYS,-104.7461557,26.51486136,22.3680959,,-11.50955173,0.358718024,11.51514046
TYR,-77.12275762,136.0274082,17.67654746,,TYR,-75.50185708,145.7305063,17.64293668,,1.620900535,9.703098104,9.837552102
,,,,,,,,,,-3.157601316,3.362284346,12.19689261
