AminoAcid1,x1,y1,d1,,AminoAcid2,x2,y2,d2,,vectorx,vectory,magnitude
LEU,-74.84690129,122.0216494,22.29831398,,LEU,-68.89029414,108.7641874,21.37680085,,5.956607155,-13.25746206,14.53414838
SER,-79.91246599,161.8601226,25.22843352,,SER,-66.93746277,163.4349664,24.5165606,,12.97500323,1.574843776,13.0702273
PRO,-52.06626564,-45.84278253,28.54796422,,PRO,-59.00460833,-34.16173291,27.86177793,,-6.938342689,11.68104963,13.58629897
ALA,-57.3812999,-47.81555551,27.40817048,,ALA,-73.85626844,-30.24268473,27.07152535,,-16.47496854,17.57287077,24.0879716
ASP,-56.88985288,-45.05191475,23.6442035,,ASP,-58.89341306,-45.99281794,23.26847241,,-2.003560171,-0.940903183,2.213493202
LYS,-61.50073002,-39.69069745,26.88019302,,LYS,-59.34622586,-41.8696523,26.50923782,,2.154504162,-2.178954845,3.064267025
THR,-60.93274369,-42.56816885,29.4469657,,THR,-63.3265278,-40.25131595,29.03717093,,-2.393784116,2.316852905,3.331367553
ASN,-65.28014096,-40.58090031,26.51221556,,ASN,-63.68025234,-46.79355894,26.26066263,,1.599888618,-6.212658627,6.415354301
VAL,-72.67965414,-40.09164769,24.91624454,,VAL,-63.64422546,-44.5427541,24.5676801,,9.035428683,-4.451106411,10.07230459
LYS,-64.35439565,-40.84992788,29.11336841,,LYS,-62.29651033,-43.58930064,28.76375144,,2.057885323,-2.739372761,3.426230454
ALA,-65.60945798,-44.27532956,29.74069644,,ALA,-61.13672864,-44.31874846,29.5390096,,4.472729343,-0.043418904,4.472940082
ALA,-73.60856345,-42.98941297,27.30306445,,ALA,-69.91715485,-41.75197386,27.20311838,,3.691408597,1.237439111,3.893295903
TRP,-61.45127017,-32.57237094,26.12587777,,TRP,-65.93600298,-32.55996027,26.11553624,,-4.484732814,0.012410664,4.484749986
GLY,-54.0956683,-57.70965585,30.91725739,,GLY,-57.14761147,-45.43752766,30.90491998,,-3.051943177,12.27212819,12.6459277
LYS,-69.46251307,-26.23558774,31.79799899,,LYS,-58.31264329,-41.31764064,31.77597467,,11.14986979,-15.0820529,18.75601012
VAL,-57.34359078,-47.11495868,29.05947962,,VAL,-56.42417746,-48.50530707,28.83040718,,0.919413313,-1.390348391,1.66685017
GLY,51.65075658,-116.0930348,31.34023954,,GLY,52.86845215,-129.4842494,31.15152072,,1.217695569,-13.39121465,13.44646467
ALA,-74.10304429,-0.032970802,33.15481599,,ALA,-71.56741781,-11.05110627,32.88147607,,2.535626484,-11.01813547,11.30613598
HIS,-107.5722986,-0.150037407,31.34464469,,HIS,-80.42036305,-1.632803768,31.42947957,,27.15193555,-1.482766362,27.19239233
ALA,-39.75808884,-53.9894487,27.53955483,,ALA,-55.33737106,-44.0038192,27.51988353,,-15.57928223,9.9856295,18.5047786
GLY,-60.14750511,-41.008573,27.7288052,,GLY,-59.97203972,-47.06141477,27.69484522,,0.175465389,-6.052841776,6.055384519
GLU,-71.61941212,-36.15943417,29.26312507,,GLU,-55.55465894,-49.66067784,28.94745132,,16.06475318,-13.50124367,20.98475341
TYR,-72.29228913,-46.07550698,26.61519188,,TYR,-64.56234307,-37.73733479,26.4205599,,7.729946061,8.338172181,11.37001238
GLY,-59.38466363,-46.68601895,23.24664962,,GLY,-61.5901797,-42.38654184,23.24337751,,-2.205516068,4.299477115,4.832163551
ALA,-55.79344195,-45.88933651,24.54058168,,ALA,-66.70996047,-40.5402462,24.40808144,,-10.91651853,5.349090312,12.15660906
GLU,-63.01818534,-43.48582074,23.98699049,,GLU,-63.44572496,-39.31555848,23.91240539,,-0.427539616,4.170262256,4.192120873
ALA,-66.12474107,-36.99760355,19.87058558,,ALA,-64.48934796,-36.6358145,19.82086677,,1.635393111,0.361789052,1.674933415
LEU,-67.31282072,-47.69521189,20.12632829,,LEU,-63.99446852,-47.03061044,20.16276756,,3.3183522,0.664601451,3.384251234
GLU,-57.09846129,-43.46096835,23.07051608,,GLU,-57.9267277,-41.24444541,23.13145802,,-0.828266413,2.216522939,2.366220444
ARG,-59.78974195,-44.89815313,20.34735337,,ARG,-63.08858469,-40.6352746,20.42170826,,-3.298842738,4.262878533,5.390222333
MET,-59.04621573,-58.84054097,15.73320157,,MET,-63.62796083,-45.0102479,15.62793122,,-4.581745097,13.83029307,14.56946788
PHE,-55.50816013,-39.8590577,18.99160744,,PHE,-64.09533985,-32.58672085,19.15160955,,-8.587179718,7.272336848,11.25284581
LEU,-78.89023811,-46.83085361,20.14972925,,LEU,-83.64519583,-42.39853855,20.23979288,,-4.754957718,4.432315061,6.500387657
SER,-79.12864007,-16.44509891,16.09577659,,SER,-79.13795209,-33.07999285,16.12852518,,-0.009312022,-16.63489394,16.63489655
PHE,-145.5870025,79.93840804,12.96120261,,PHE,-128.3837182,79.18612891,12.92624747,,17.20328424,-0.752279138,17.21972452
PRO,-59.64584971,-13.16805952,16.40460489,,PRO,-60.72116381,-22.64437555,16.21929756,,-1.075314098,-9.47631603,9.537130905
THR,-69.96247872,-30.0681602,13.71835513,,THR,-66.60873044,-22.03861119,13.70626115,,3.353748278,8.029549015,8.701797796
THR,-61.39272673,-24.27100848,14.8456892,,THR,-66.98189321,-18.05292426,14.78431065,,-5.589166477,6.218084221,8.360822525
LYS,-64.69925981,-14.85400004,19.16521576,,LYS,-68.82529,-14.44371782,19.08223739,,-4.126030185,0.410282213,4.146378731
THR,-63.33971165,-20.74254594,17.60745943,,THR,-64.08791241,-17.19497907,17.45901107,,-0.748200761,3.547566874,3.625608239
TYR,-92.15620188,-17.45015538,16.63573541,,TYR,-91.97595048,-8.679288712,16.32886079,,0.180251398,8.770866666,8.772718658
PHE,-120.1134682,49.37977968,20.74551038,,PHE,-124.9257472,46.68804878,20.68897405,,-4.812278961,-2.691730897,5.513931811
PRO,-68.86692959,-26.3706154,23.84487331,,PRO,-72.01126676,-16.2776099,23.8549637,,-3.144337171,10.0930055,10.57145289
HIS,-80.00649756,-18.60238531,25.88895844,,HIS,-88.76947814,1.895631826,25.83391133,,-8.762980581,20.49801714,22.29256682
PHE,-87.10013983,152.7198657,25.46697278,,PHE,-103.3150884,148.323207,25.55825585,,-16.21494857,-4.396658723,16.80045134
ASP,-86.3233476,115.7868083,28.78177576,,ASP,-78.11031661,109.754299,29.01474167,,8.213030991,-6.032509344,10.190439
LEU,-109.605888,13.95453483,24.67246531,,LEU,-98.68329973,18.0362353,24.77613007,,10.92258825,4.081700471,11.66032644
SER,-62.21579241,147.8059759,28.66017043,,SER,-66.32306476,151.8010096,28.76161495,,-4.107272343,3.995033757,5.729745266
HIS,-57.6982981,128.3163691,29.41158284,,HIS,-53.05579112,127.5164265,29.17825113,,4.642506976,-0.799942672,4.71092128
GLY,91.09921112,-7.218274817,30.73047191,,GLY,87.68800247,-0.10228575,30.45383394,,-3.411208654,7.115989067,7.89136521
SER,-49.17633224,123.0504051,29.44571222,,SER,-51.8527326,132.52387,29.52513566,,-2.676400362,9.473464912,9.844270229
ALA,-54.88220981,-30.00489982,31.34286257,,ALA,-56.08912385,-31.15440778,31.22121445,,-1.206914041,-1.149507965,1.666736351
GLN,-70.57446092,-46.91824661,28.8087767,,GLN,-68.37002415,-43.07421598,28.77318551,,2.20443677,3.844030637,4.431265397
VAL,-59.64758856,-48.78579656,26.06034971,,VAL,-65.00388482,-45.61715608,25.95366716,,-5.356296259,3.168640475,6.223358585
LYS,-58.50771116,-47.06208885,29.91309853,,LYS,-61.73829223,-35.85748578,29.64674935,,-3.230581072,11.20460308,11.66103701
GLY,-52.4982642,-46.77636535,28.51238006,,GLY,-67.98306168,-43.69834706,28.19526735,,-15.48479748,3.078018283,15.78775315
HIS,-76.81752737,-36.59894754,24.00634399,,HIS,-67.21844901,-35.25467832,23.62534643,,9.599078352,1.344269216,9.692748059
GLY,-60.40712973,-36.45649358,25.00368553,,GLY,-56.88781263,-41.99795005,25.06821276,,3.519317102,-5.541456467,6.564551214
LYS,-63.01175551,-47.49901912,29.14490285,,LYS,-69.98555031,-39.35281587,28.8339898,,-6.973794799,8.146203256,10.72354612
LYS,-64.66072976,-39.52219317,26.61019777,,LYS,-67.61811368,-39.45673961,26.34728681,,-2.95738392,0.065453555,2.958108148
VAL,-65.77705254,-41.4990768,22.5251006,,LEU,-54.04924711,-51.4797102,21.96918936,,11.72780543,-9.980633397,15.39982023
ALA,-54.5177244,-52.19564331,25.02621987,,ALA,-63.34423805,-39.94188457,25.12798044,,-8.826513653,12.25375874,15.10171998
ASP,-53.89744446,-44.61263217,27.89424354,,ASP,-59.65101217,-41.51509515,27.87524834,,-5.753567716,3.097537022,6.534391867
ALA,-62.0186193,-44.14876388,24.22100232,,ALA,-66.00878021,-38.98067479,24.06788452,,-3.990160912,5.16808909,6.529205844
LEU,-64.83281855,-46.65505916,22.5290644,,LEU,-71.11606274,-40.01285573,22.37322513,,-6.28324419,6.642203425,9.143195497
THR,-53.93792816,-43.71057097,27.32180765,,THR,-56.34655827,-40.53681915,27.19608371,,-2.408630109,3.173751822,3.984243922
ASN,-70.48728301,-34.3106463,27.21135887,,ASN,-62.95574349,-44.86213936,27.05036479,,7.531539522,-10.55149306,12.9637222
ALA,-69.34524478,-33.28022628,24.54971921,,ALA,-62.67996306,-43.77538387,24.27689098,,6.665281719,-10.4951576,12.43279186
VAL,-65.26521567,-44.03402446,26.3824126,,VAL,-64.5961735,-35.70137052,25.98026664,,0.669042168,8.332653939,8.359470025
ALA,-59.44556008,-30.12091229,29.46605561,,ALA,-75.10374777,-23.55462577,29.07835096,,-15.6581877,6.566286515,16.97925088
HIS,-128.1138628,40.26173179,28.91340088,,HIS,-124.1999025,43.72910215,28.69291326,,3.913960243,3.467370358,5.228933159
VAL,-47.62587396,-32.40248778,26.07987567,,VAL,-61.07422079,-26.33363166,25.31615602,,-13.44834683,6.068856128,14.75428911
ASP,-81.2410514,-5.822207776,28.43867201,,ASP,-84.58198487,-3.607211103,27.70108732,,-3.340933476,2.214996674,4.00849682
ASP,-137.8953589,45.35379613,27.74297848,,ASP,-146.1026041,42.56576813,27.46770285,,-8.20724521,-2.788027996,8.667870214
MET,-59.93207652,-35.6872755,22.72126243,,MET,-61.54702671,-45.93444452,22.33246994,,-1.614950193,-10.24716902,10.37364628
PRO,-56.73420038,-41.22937483,23.44907846,,PRO,-50.23381708,-41.91825686,23.31912241,,6.500383299,-0.688882028,6.536783726
ASN,-84.1062944,-47.46408227,27.12804554,,ASN,-78.52094773,-35.58787088,27.57756223,,5.585346669,11.87621139,13.12404261
ALA,-57.4553703,-30.16287774,26.41506073,,ALA,-65.10003041,-34.0193452,26.24061605,,-7.644660115,-3.856467462,8.562310994
LEU,-110.296453,-0.923459412,22.7895589,,LEU,-106.7068128,23.37149354,22.85144416,,3.58964023,24.29495295,24.55871039
SER,-42.43050831,-33.27016114,24.7601326,,SER,-54.65696204,-46.91015007,25.09066233,,-12.22645373,-13.63998893,18.31762727
ALA,-72.07720157,-39.07133386,25.07507544,,ALA,-65.74044692,-41.90258396,25.30632163,,6.336754659,-2.831250095,6.940492541
LEU,-77.78774661,-32.16752666,22.19302615,,LEU,-69.36684854,-35.50052745,22.35987674,,8.420898068,-3.333000785,9.056512491
SER,-60.06781559,-40.22856691,20.35882878,,SER,-60.15147862,-40.26832374,20.63712866,,-0.083663023,-0.039756827,0.092628865
ASP,-60.17568347,-41.97231228,23.32370545,,ASP,-64.550314,-47.90917693,23.75973036,,-4.374630536,-5.936864653,7.374534171
LEU,-56.56407684,-65.33729281,22.46214392,,LEU,-64.2827952,-40.34978418,22.64963013,,-7.718718362,24.98750864,26.15251806
HIS,-55.72017061,-38.5502342,18.47132933,,HIS,-71.3138907,-36.5374645,18.49630336,,-15.59372008,2.012769694,15.72308328
ALA,-78.60543607,-43.13868609,18.98002556,,ALA,-70.5437574,-41.28384626,19.23524383,,8.061678668,1.854839824,8.27230885
HIS,-115.3441062,-18.40782795,22.179572,,HIS,-97.63615827,-25.44952121,22.7016457,,17.70794788,-7.041693255,19.056675
LYS,-101.0638909,-57.21379783,23.87155633,,LYS,-118.9331864,-60.92437772,23.95288607,,-17.86929551,-3.71057989,18.25048287
LEU,-74.55005943,-52.36495752,20.03392589,,LEU,-71.39433268,-44.49154081,19.90612663,,3.155726749,7.87341671,8.48229344
ARG,57.74020498,56.24211938,19.22521266,,ARG,54.63029511,50.94804533,19.14834484,,-3.109909872,-5.294074049,6.139931551
VAL,-83.19018568,125.4157165,14.10185003,,VAL,-75.75347475,126.1267352,14.02817191,,7.436710925,0.711018764,7.470623606
ASP,-69.62132289,139.2890248,9.923327186,,ASP,-54.24330626,132.294431,9.912441411,,15.37801663,-6.994593789,16.89401485
PRO,-51.41832955,-32.34809131,8.776154687,,PRO,-51.99859813,-23.71395389,8.796533297,,-0.580268586,8.634137427,8.653614316
VAL,-59.69848007,-30.09372748,6.226826683,,VAL,-67.42423306,-26.85732008,6.195299393,,-7.725752992,3.236407391,8.376251674
ASN,-71.61611954,-7.123534283,10.0172315,,ASN,-68.55921318,-19.09252281,9.946701913,,3.056906354,-11.96898853,12.35319242
PHE,-79.56542723,-33.58615639,11.55652083,,PHE,-70.92668162,-32.19530794,11.36704563,,8.638745608,1.390848453,8.749993434
LYS,-65.17607915,-41.25238981,8.03786489,,LYS,-64.94248978,-33.89951073,7.035585931,,0.233589368,7.352879081,7.356588528
LEU,-70.24896822,-43.58055729,10.12681082,,LEU,-73.25291249,-41.48747147,9.966156973,,-3.003944271,2.093085821,3.661241516
LEU,-68.46478461,-40.00833943,14.56421335,,LEU,-66.23369334,-41.3493767,14.37634426,,2.231091271,-1.341037266,2.603103764
SER,-54.93451082,-44.83102996,13.37967096,,SER,-56.24883402,-43.96855111,13.22955575,,-1.314323197,0.86247885,1.57204174
HIS,-59.47925723,-48.37956832,13.50815023,,HIS,-62.02106494,-44.07835522,13.43526041,,-2.541807718,4.301213095,4.996120551
CYS,-66.77787568,-28.38151713,16.14655594,,CYS,-68.97082226,-29.34052136,15.95250147,,-2.192946577,-0.959004228,2.393471078
LEU,-75.18422211,-42.5242239,18.41521283,,LEU,-69.46905157,-36.35945958,18.15363307,,5.715170534,6.16476432,8.406395979
LEU,-60.08733459,-53.62602275,17.73318947,,LEU,-62.19308358,-43.9832248,17.55910392,,-2.105748992,9.642797951,9.870042105
VAL,-52.52080928,-46.46572218,19.35347505,,VAL,-61.36544434,-39.94762867,19.34091638,,-8.844635064,6.518093516,10.98695192
THR,-63.83748906,-39.13728033,22.14914489,,THR,-62.91403638,-45.78207039,21.93630624,,0.92345268,-6.644790058,6.708651113
LEU,-69.12073955,-40.37603362,23.12616466,,LEU,-62.63868009,-42.51708547,22.73817286,,6.482059459,-2.141051844,6.826507001
ALA,-61.16019685,-41.18773889,23.69735351,,ALA,-58.71984586,-42.25212787,23.62225842,,2.440350994,-1.064388986,2.662374295
ALA,-72.72096865,-20.17518199,25.83526421,,ALA,-69.90985118,-19.42411999,25.66873618,,2.811117468,0.751062004,2.909720872
HIS,-118.919156,-10.75007533,27.79904747,,HIS,-112.4198496,-16.35151772,27.57614551,,6.499306355,-5.601442388,8.580043119
LEU,-135.6352145,64.62219597,27.69551067,,LEU,-115.7895976,61.97758748,27.28090965,,19.84561688,-2.644608496,20.02105051
PRO,-71.384697,-29.0861065,29.18425816,,PRO,-55.38679117,-51.00598334,29.62252362,,15.99790583,-21.91987684,27.13694883
ALA,-69.61455605,-39.22319185,30.87047748,,ALA,-65.57675696,-37.69053117,30.9286214,,4.037799091,1.532660674,4.318896877
GLU,-96.17446052,-24.34694173,29.41334222,,GLU,-91.79216448,-21.7533667,29.46400685,,4.382296035,2.593575031,5.092263738
PHE,-70.63096233,65.9509854,23.66283816,,PHE,-84.05924002,64.50749293,23.5680432,,-13.42827769,-1.443492472,13.50564002
THR,-79.006543,164.5521397,26.10187911,,THR,-77.88634461,169.0111009,25.97099423,,1.12019839,4.458961205,4.597518837
PRO,-62.87876086,-40.56094814,24.03482837,,PRO,-53.43408446,-42.99109854,23.94156667,,9.444676406,-2.430150398,9.752309643
ALA,-70.58371037,-37.88241117,24.12067258,,ALA,-67.97777934,-38.68070743,23.85980701,,2.605931029,-0.798296256,2.725463895
VAL,-66.10922507,-47.66273023,23.98367367,,VAL,-72.98606471,-38.33910513,23.70261704,,-6.87683964,9.323625098,11.58537476
HIS,-60.2613912,-47.99005405,19.46537349,,HIS,-51.71019828,-51.68281398,19.23098416,,8.551192916,-3.692759927,9.31447133
ALA,-56.19536917,-41.66682076,19.36850226,,ALA,-62.93465266,-41.01589102,19.02986434,,-6.739283486,0.65092974,6.770646308
SER,-64.71327485,-56.48722878,21.08016478,,SER,-65.80534419,-37.1691293,20.75602883,,-1.092069346,19.31809948,19.34894268
LEU,-61.10975651,-31.06553713,19.99079697,,LEU,-69.24921737,-40.70900393,19.6595651,,-8.139460855,-9.643466804,12.6193215
ASP,-70.13668598,-50.59637016,14.89912727,,ASP,-62.03580305,-39.83546624,14.5199344,,8.100882927,10.76090392,13.46927457
LYS,-59.39576523,-39.77356651,17.52371848,,LYS,-66.32186458,-38.8317749,17.18818476,,-6.926099356,0.941791606,6.989837174
PHE,-62.54875888,-52.64715787,19.48728153,,PHE,-62.23991435,-45.92952995,19.15329285,,0.30884453,6.717627918,6.72472377
LEU,-60.79651997,-35.60282257,15.80809588,,LEU,-65.69029526,-36.17488135,15.50981056,,-4.893775285,-0.572058788,4.927097299
ALA,-60.94310008,-46.67363341,13.51224046,,ALA,-63.40003775,-40.50495076,13.13100483,,-2.456937664,6.168682655,6.639969004
SER,-72.35752615,-36.428821,16.64384458,,SER,-62.35291332,-45.45192999,16.2011074,,10.00461283,-9.02310899,13.47251921
VAL,-59.91603713,-43.77095729,17.15239759,,VAL,-58.7756187,-44.05958203,16.87849998,,1.140418437,-0.288624744,1.176375133
SER,-63.36179219,-36.26430426,13.3806174,,SER,-64.76053374,-42.94444011,13.15282988,,-1.398741552,-6.68013585,6.825004974
THR,-63.3694109,-43.1511335,14.23597482,,THR,-56.40812947,-44.08396856,13.97710337,,6.961281432,-0.93283506,7.023504853
VAL,-65.42280289,-50.02752437,17.98689258,,VAL,-65.32689364,-44.31510037,17.78165987,,0.09590925,5.712424,5.713229081
LEU,-61.4511936,-19.12709547,16.83841617,,LEU,-66.69576916,-21.24547071,16.87147947,,-5.244575563,-2.118375233,5.656243141
THR,-115.7078021,9.82076592,13.73874453,,THR,-106.3645621,6.276658592,13.82859066,,9.343240018,-3.544107328,9.992838975
SER,-67.3707354,-31.68110485,17.27028456,,SER,-72.30483832,-13.58436794,17.36767894,,-4.934102916,18.09673691,18.75732545
LYS,-98.09582063,30.61780199,20.27698766,,LYS,-109.5474926,16.70816205,20.35400971,,-11.45167201,-13.90963995,18.01718278
TYR,-78.13250352,-37.74682638,15.48767591,,TYR,-65.06557459,-32.62314322,15.43284995,,13.06692893,5.123683158,14.03555346
HIS,-100.1848223,84.29668247,22.76280596,,HIS,-122.159057,102.4774954,24.43988817,,-21.9742347,18.18081294,28.5203252
LEU,-94.41966756,160.6659192,23.37494415,,LEU,-121.2249651,154.4089528,24.07603055,,-26.80529758,-6.256966382,27.52587158
THR,-97.93904103,154.8567073,26.38467431,,THR,-78.14475111,160.483403,27.03337033,,19.79428992,5.626695718,20.57847463
PRO,-70.19073962,-23.02093638,29.70263301,,PRO,-49.67831861,-38.56252505,30.40780028,,20.51242101,-15.54158867,25.73519757
GLU,-85.07708763,-20.58720389,30.91826618,,GLU,-64.87015841,-49.79744478,29.53556531,,20.20692922,-29.21024089,35.51842003
GLU,-76.32111924,-51.00755643,24.65344332,,GLU,-59.66528935,-43.51709935,24.77667241,,16.65582989,7.490457079,18.26262896
LYS,-58.57839982,-38.93924205,27.662931,,LYS,-66.13977542,-40.59782746,28.30492705,,-7.5613756,-1.658585407,7.741143747
SER,-68.93520272,-43.68195237,30.33016741,,SER,-64.4555432,-35.26771563,30.6664418,,4.479659524,8.414236741,9.532404177
ALA,-63.98368656,-37.14122041,28.10173676,,ALA,-67.4239686,-39.90790848,27.93248972,,-3.44028204,-2.76668807,4.414759721
VAL,-65.99479159,-40.99991499,25.93002623,,VAL,-65.20045946,-50.32151243,26.0323872,,0.79433213,-9.321597441,9.355380397
THR,-62.83112888,-45.91982127,29.75668268,,THR,-65.42236368,-39.68790493,29.86788575,,-2.591234796,6.231916343,6.749168769
ALA,-67.29790718,-41.2812619,31.30894384,,ALA,-64.08936157,-42.07943158,31.20086559,,3.208545615,-0.798169682,3.306333287
LEU,-73.31896357,-48.27428492,28.54533337,,LEU,-68.52925223,-41.1146822,28.31879729,,4.789711336,7.159602721,8.6140145
TRP,-53.84592852,-20.97811726,27.37018069,,TRP,-63.08560718,-27.90304179,27.51079022,,-9.23967866,-6.924924532,11.5466983
GLY,-57.7515568,-45.23492844,32.37210862,,GLY,-61.28758974,-17.36209287,32.61236954,,-3.536032937,27.87283557,28.09623625
LYS,-85.40010248,0.59992437,32.69652132,,LYS,-101.2021202,-0.735897476,32.49320264,,-15.80201775,-1.335821846,15.85837901
VAL,-78.94507451,136.7855116,29.74165696,,VAL,-88.49921694,130.0521518,29.80008805,,-9.554142432,-6.733359824,11.6884461
ASN,-93.34029975,99.06116026,31.80109487,,ASN,-82.45186672,105.224941,31.67240266,,10.88843303,6.163780747,12.51200092
VAL,-55.13386263,-34.95525112,29.60139713,,VAL,-63.78037243,-39.34084155,29.25831439,,-8.6465098,-4.385590429,9.695129454
ASP,-62.20860656,-45.39518029,31.94978607,,ASP,-63.2295194,-46.06557107,31.28892387,,-1.020912834,-0.670390772,1.221346307
GLU,-88.70955055,-40.84021768,30.78606387,,GLU,-68.47716823,-48.36957361,29.840977,,20.23238233,-7.529355931,21.58797108
VAL,-62.74095183,-32.6713317,26.38272322,,VAL,-65.58917594,-37.38010312,26.11985233,,-2.848224105,-4.708771424,5.503172619
GLY,-70.17733114,-40.96283597,25.43813816,,GLY,-66.61915383,-41.6173337,25.18852137,,3.558177314,-0.654497729,3.617871345
GLY,-62.44185952,-38.81525079,26.05375897,,GLY,-60.89883493,-41.9322208,25.91593249,,1.543024583,-3.116970019,3.477991801
GLU,-67.12585118,-47.41416103,25.25535225,,GLU,-65.83715402,-44.31307669,24.98412033,,1.288697153,3.101084347,3.358193633
ALA,-69.03742649,-37.40950715,21.22235493,,ALA,-69.1920957,-41.82033484,21.29768942,,-0.154669204,-4.410827694,4.41353866
LEU,-69.61661493,-52.9018768,21.93569599,,LEU,-65.55423367,-45.40726324,21.78158392,,4.062381264,7.49461356,8.52479759
GLY,-56.05074765,-51.34918896,22.56866525,,GLY,-51.10370595,-51.13771998,22.36891044,,4.947041698,0.211468977,4.95155942
ARG,-53.44369294,-44.261549,21.61370554,,ARG,-64.60698379,-34.99877979,21.43904396,,-11.16329085,9.262769203,14.50579043
LEU,-53.30182021,-51.18750561,17.33703084,,LEU,-56.86552516,-45.26290372,17.19993974,,-3.563704946,5.92460189,6.91381953
LEU,-62.34230228,-31.29142004,20.61481102,,LEU,-74.0219784,-24.13283468,20.34710645,,-11.67967612,7.158585362,13.69891159
VAL,-81.82439064,-59.79903905,20.96142606,,VAL,-81.73330318,-44.12776819,20.67329483,,0.091087464,15.67127086,15.67153557
VAL,-68.62082706,-34.80421734,17.07252099,,VAL,-81.60306885,-33.02656119,16.89165421,,-12.98224179,1.777656156,13.10338366
TYR,-122.7233459,64.60853727,13.99655469,,TYR,-126.2749454,74.54725851,13.74890485,,-3.5515995,9.938721244,10.5542427
PRO,-52.00366027,-20.99359815,18.25809064,,PRO,-64.21511261,-13.1309571,17.96664872,,-12.21145234,7.862641052,14.52379746
TRP,-66.59668541,-27.29097945,14.62245177,,TRP,-67.30284238,-17.56569815,14.13962576,,-0.706156973,9.725281307,9.750884789
THR,-58.31058003,-16.46475381,17.37256962,,THR,-72.88886251,-10.32772181,17.07725652,,-14.57828248,6.137031998,15.8173791
GLN,-67.87281347,-14.55379766,21.58037334,,GLN,-66.38924787,-14.48234452,21.31031536,,1.483565599,0.071453138,1.485285305
ARG,-50.50096462,-27.18403588,19.73093774,,ARG,-54.62523297,-26.42072592,19.43883952,,-4.124268347,0.763309961,4.194309419
PHE,-89.83926901,-14.55176605,20.43911553,,PHE,-89.43671303,-11.3194805,20.47589965,,0.402555984,3.23228555,3.257256698
PHE,-117.8620241,37.80280363,23.60677788,,PHE,-116.4783018,24.23287228,23.52074342,,1.383722306,-13.56993135,13.64029781
GLU,-66.18497747,-31.60623535,27.0102408,,GLU,-56.63546951,-31.91759835,26.52057657,,9.549507956,-0.311363003,9.554582624
SER,-73.47894068,3.051762265,29.97729859,,SER,-69.81816217,-2.69346196,29.75729451,,3.660778509,-5.745224224,6.812407848
PHE,-85.50183213,-1.177598093,28.43357351,,PHE,-83.68932183,-8.436901713,28.26119198,,1.8125103,-7.259303619,7.482157618
GLY,82.9845194,-138.8300792,30.51893673,,GLY,95.64813602,-132.6289159,30.32857414,,12.66361661,6.201163328,14.10041178
ASP,-77.43490201,115.5624412,31.0844722,,ASP,-75.18829014,107.4587338,31.04441003,,2.246611867,-8.103707434,8.409360205
LEU,-123.9537286,8.846112512,26.5399947,,LEU,-119.4468723,26.05200283,26.51673878,,4.506856237,17.20589031,17.78635473
SER,-56.62326523,-35.72185179,28.71792864,,SER,-69.61444614,-30.23953873,28.7097181,,-12.99118091,5.482313064,14.10058644
THR,-139.1953062,168.206935,28.79399088,,THR,-138.7173619,165.6567037,28.4603757,,0.477944381,-2.550231297,2.594631091
PRO,-56.08484543,-50.83156638,26.94553357,,PRO,-56.32462461,-48.63001863,26.57746827,,-0.239779182,2.201547741,2.21456689
ASP,-60.10812344,-40.53574958,30.8618956,,ASP,-61.56415971,-36.4509959,30.30921178,,-1.456036269,4.084753681,4.336502537
ALA,-59.79755081,-41.00713477,29.99932174,,ALA,-64.43997012,-43.28443023,29.78849956,,-4.642419308,-2.27729546,5.170892732
VAL,-75.14674223,-54.12002377,26.63908091,,VAL,-59.7561852,-53.55995521,26.47919935,,15.39055703,0.560068557,15.40074422
MET,-58.69217143,-33.93106557,26.97424604,,MET,-66.40951593,-25.6316948,27.03810379,,-7.717344505,8.299370767,11.33300319
GLY,-107.8956674,6.027956288,31.56747368,,GLY,-100.5650954,11.18963799,31.43490509,,7.330572025,5.161681707,8.965503012
ASN,-56.28544094,120.3782491,30.50847102,,ASN,-79.2522094,120.0573541,30.18820617,,-22.96676845,-0.320894998,22.96901014
PRO,-67.97761678,-27.89151515,33.06497823,,PRO,-67.59552437,-24.31408285,32.67866993,,0.382092406,3.577432307,3.597779387
LYS,-67.68313095,-42.44331012,31.49876931,,LYS,-77.71900858,-29.16112533,31.01411425,,-10.03587762,13.28218479,16.64738035
VAL,-67.52650952,-40.4883506,27.28867869,,VAL,-66.92800841,-46.10812857,26.98276312,,0.598501108,-5.619777964,5.65155801
LYS,-63.67592039,-39.09697826,30.52637092,,LYS,-62.57111715,-40.99891642,29.93227404,,1.104803238,-1.901938163,2.199536081
ALA,-76.53788352,-34.04858641,30.40878817,,ALA,-62.47904475,-42.91730892,29.86185864,,14.05883877,-8.868722512,16.62243022
HIS,-69.71628676,-38.17672151,26.2764192,,HIS,-70.2006093,-38.17136422,25.62879391,,-0.484322536,0.005357297,0.484352164
GLY,-56.24674901,-39.43009544,26.17267563,,GLY,-60.84276916,-42.82443135,25.7996332,,-4.596020155,-3.394335904,5.713573094
LYS,-62.62757457,-47.33672077,30.44677458,,LYS,-63.7010503,-38.37355617,30.01937589,,-1.073475723,8.963164607,9.027218281
LYS,-58.71727493,-57.37296108,28.3823084,,LYS,-68.2242967,-45.29262759,28.19801966,,-9.507021768,12.08033349,15.37263543
VAL,-53.40111152,-43.78433753,23.95720569,,LEU,-74.85040971,-36.78412131,23.46875512,,-21.44929819,7.000216225,22.56269975
LEU,-75.08475077,-22.84143371,25.30018586,,LEU,-69.86126739,-24.79456372,24.88911932,,5.223483381,-1.95313001,5.576692162
GLY,-74.23117537,-42.50996579,27.78526133,,GLY,-64.4850398,-42.98870657,27.63264788,,9.746135566,-0.478740779,9.757886616
ALA,-58.78852765,-46.31392042,25.84907969,,ALA,-64.87579453,-38.28977157,25.96147246,,-6.087266885,8.024148854,10.07183116
PHE,-56.9214402,-46.91097584,22.61617065,,PHE,-59.82193472,-50.92683974,22.82749555,,-2.90049452,-4.0158639,4.953789592
SER,-54.3886421,-46.89241282,27.48312359,,SER,-54.0484197,-44.01509123,27.54094687,,0.340222391,2.877321588,2.897366182
ASP,-58.16808393,-40.57032392,28.50100523,,ASP,-63.92968822,-32.32287088,29.16845425,,-5.761604294,8.247453041,10.0606444
GLY,-52.42307876,-47.22263564,25.51342765,,GLY,-60.01150202,-33.72584752,25.87548635,,-7.588423263,13.49678813,15.48378046
LEU,-64.71052953,-12.88281253,25.87255264,,LEU,-65.16826144,-16.83042169,26.12083673,,-0.457731915,-3.947609164,3.974057954
ALA,-93.39316814,-13.23596705,29.48623397,,ALA,-86.54500757,-10.01062586,29.66724035,,6.848160571,3.225341185,7.569684866
HIS,-132.3637275,49.65087881,28.92240599,,HIS,-128.1818468,47.27967741,28.92333747,,4.181880684,-2.371201405,4.807361247
LEU,-59.9811311,-15.09627606,25.12832919,,LEU,-64.46674096,-18.52546975,25.0960418,,-4.485609866,-3.429193694,5.646243465
ASP,-92.85424241,-17.69638304,27.8635465,,ASP,-87.28521359,-4.672739107,27.64909386,,5.56902882,13.02364393,14.16437021
ASN,-143.4037964,61.37514396,26.72484296,,ASN,-147.867065,49.22496444,26.85385196,,-4.463268552,-12.15017951,12.94401902
LEU,-62.02849352,-36.30383407,22.58540946,,LEU,-59.65069393,-42.14075301,22.59943176,,2.377799586,-5.836918933,6.302662413
LYS,-61.96046892,-46.94711308,22.00543518,,LYS,-53.52251482,-46.94041374,22.07802565,,8.437954105,0.006699339,8.437956765
GLY,-78.73751094,-34.07657469,26.22233162,,GLY,-76.44187842,-36.39648271,26.23076423,,2.295632515,-2.31990802,3.263725151
THR,-47.8270559,-54.56480982,26.30614598,,THR,-61.59397397,-36.77172113,26.43415255,,-13.76691807,17.79308868,22.49715622
PHE,-89.73978343,4.097609656,22.89502742,,PHE,-106.1640052,8.427402546,22.96283395,,-16.42422179,4.32979289,16.98535156
ALA,-64.01030717,-40.50499717,24.75354822,,ALA,-52.66783658,-46.46064302,24.6375148,,11.34247059,-5.955645842,12.81098577
THR,-71.24413565,-31.82178801,27.05543953,,THR,-77.13021011,-31.79983224,26.78335795,,-5.886074458,0.021955764,5.886115407
LEU,-67.36836387,-42.36646523,24.10710323,,LEU,-66.86322036,-34.40430557,24.02871196,,0.505143517,7.962159662,7.978167487
SER,-54.78499706,-48.04805933,21.21403011,,SER,-61.88943418,-50.11070174,21.13986887,,-7.104437122,-2.062642408,7.397805115
GLU,-66.64935839,-36.45553988,25.02405754,,GLU,-55.17854905,-43.9260717,24.96605094,,11.47080935,-7.470531817,13.68898509
LEU,-63.5337633,-56.21405667,24.92102561,,LEU,-63.74714594,-40.56447585,24.9001271,,-0.213382634,15.64958082,15.65103549
HIS,-54.67899001,-37.51655602,20.90639629,,HIS,-72.96815218,-29.70655078,20.87422251,,-18.28916217,7.810005243,19.8869212
CYS,-70.35517957,-71.20544822,20.81553859,,CYS,-76.72132375,-58.45374485,20.64194534,,-6.366144174,12.75170337,14.25249909
ASP,-77.14051135,-30.34673793,24.41396596,,ASP,-78.40764843,-33.057026,24.35189442,,-1.267137075,-2.710288078,2.991871961
LYS,-108.1940337,-33.02329043,26.86017792,,LYS,-110.0290645,-41.9728228,26.70248948,,-1.835030746,-8.949532369,9.135724792
LEU,-90.39809275,-28.58582196,23.01318608,,LEU,-88.6555652,-23.15679903,23.0001409,,1.742527553,5.429022929,5.701814819
HIS,60.053305,35.62610948,21.62524522,,HIS,61.0563688,44.51487514,21.54365133,,1.0030638,8.888765666,8.945182617
VAL,-85.27850535,119.470169,17.55866544,,VAL,-95.95272731,112.1629821,17.35644038,,-10.67422195,-7.307186924,12.93576419
ASP,-65.11323715,125.1297267,12.90039756,,ASP,-51.31149817,123.0567144,12.74884389,,13.80173898,-2.073012274,13.95655325
PRO,-53.70539661,-21.15859602,12.53427355,,PRO,-62.3253409,-11.3872025,12.44362726,,-8.619944289,9.77139352,13.03010249
GLU,-57.71526695,-30.27484285,8.441217181,,GLU,-59.27707949,-30.6884257,8.425195443,,-1.561812544,-0.413582855,1.615645134
ASN,-62.48677795,-31.39734375,13.18494191,,ASN,-59.82829735,-33.4684765,13.20321053,,2.658480595,-2.071132759,3.370031154
PHE,-65.04369527,-37.0567473,14.52162455,,PHE,-68.02054775,-34.5259518,14.5448669,,-2.976852475,2.530795498,3.907246666
ARG,-71.25608577,-40.8467857,9.261411071,,ARG,-71.04478969,-39.42943723,9.564286113,,0.211296079,1.417348473,1.433011768
LEU,-62.27638251,-50.50979707,11.44458562,,LEU,-60.87157062,-47.02501836,11.32581488,,1.404811884,3.484778703,3.757283465
LEU,-53.40977672,-43.34356688,16.14964728,,LEU,-60.50168528,-39.94415081,16.10436399,,-7.091908558,3.39941607,7.864553173
GLY,-62.94990144,-37.37917508,14.90435853,,GLY,-55.91789429,-46.77911463,14.84311048,,7.032007148,-9.399939548,11.73916471
ASN,-65.6837866,-46.58893708,12.97644477,,ASN,-70.20152268,-35.34188074,12.81697499,,-4.517736084,11.24705634,12.12048744
VAL,-55.79997645,-47.46251742,16.91902595,,VAL,-68.23947259,-36.59552691,16.78668086,,-12.43949615,10.86699051,16.51764351
LEU,-53.82138559,-43.46720701,19.51751058,,LEU,-62.69381104,-44.80295898,19.38091889,,-8.87242545,-1.335751965,8.972411419
VAL,-61.39343039,-37.50270327,18.30693673,,VAL,-58.19508019,-42.5573417,18.18718376,,3.198350202,-5.054638429,5.981539406
CYS,-62.37408381,-48.18139211,18.90886249,,CYS,-62.81144197,-40.6177621,18.76160853,,-0.43735816,7.563630012,7.576264325
VAL,-63.71897759,-44.99189497,22.58475256,,VAL,-64.02048184,-43.77498909,22.4387885,,-0.301504253,1.216905886,1.253700422
LEU,-59.46406255,-43.57842165,23.34746753,,LEU,-59.86251071,-41.80360781,23.34361916,,-0.398448159,1.774813847,1.818990139
ALA,-68.36713415,-44.56714513,23.77064631,,ALA,-61.43504476,-41.75537677,23.67900835,,6.932089381,2.81176836,7.4806353
HIS,-54.64230925,-43.31518822,26.02873605,,HIS,-64.51280869,-43.69758829,25.99868284,,-9.870499436,-0.38240007,9.877904075
HIS,-73.92537816,-51.07872707,27.96643917,,HIS,-65.05945867,-41.59401096,28.54752997,,8.865919491,9.484716107,12.98323411
PHE,-88.84089348,-5.837584314,28.43128553,,PHE,-108.5176043,-5.325335449,28.51421015,,-19.67671087,0.512248866,19.68337749
GLY,52.95386798,-134.0618686,27.79676506,,GLY,50.24916006,-129.4317639,27.76622655,,-2.704707919,4.63010467,5.362211688
LYS,-59.43498978,-25.31783594,29.92503438,,LYS,-62.54249366,-18.58178628,30.88477864,,-3.107503878,6.736049663,7.418284533
GLU,-70.8080743,-20.1672511,30.31041351,,GLU,-71.07824828,-17.15449428,30.00667378,,-0.270173986,3.012756818,3.024846711
PHE,-92.75451156,76.22506364,23.89691485,,PHE,-89.54294018,69.51982476,23.78689571,,3.211571381,-6.705238871,7.434676796
THR,-67.36070329,166.7967414,25.70450539,,THR,-68.95235552,163.9430096,25.83686329,,-1.591652236,-2.853731826,3.267589658
PRO,-54.42264675,-48.22734428,23.08568779,,PRO,-53.40500565,-43.58714994,23.27506636,,1.017641098,4.640194343,4.750473339
PRO,-58.46515642,-38.63046699,24.07462749,,PRO,-66.48562518,-34.07224139,24.30013365,,-8.020468767,4.558225603,9.225255546
VAL,-73.67964609,-30.40731768,23.96115563,,VAL,-69.95328236,-38.45978364,24.09877503,,3.726363734,-8.05246596,8.87287973
GLN,-67.32320835,-48.07753034,19.08236536,,GLN,-59.19890138,-44.16116119,19.26240508,,8.124306966,3.916369146,9.018997226
ALA,-58.5203788,-45.77572493,19.34244736,,ALA,-59.13148896,-39.7339984,19.46023499,,-0.611110162,6.041726534,6.072554251
ALA,-56.71264941,-44.0697471,20.96188745,,ALA,-65.13722434,-44.59366863,20.95586325,,-8.424574922,-0.523921528,8.440850454
TYR,-70.09974976,-35.3254467,21.45151018,,TYR,-68.27187234,-30.96235329,21.50277902,,1.827877415,4.363093411,4.730509482
GLN,-57.80716188,-39.047477,15.20356983,,GLN,-62.15614367,-42.4072272,15.39545958,,-4.348981787,-3.359750191,5.495594957
LYS,-62.93408305,-45.57644671,18.04384401,,LYS,-59.39454151,-46.13311094,17.96902757,,3.539541538,-0.556664235,3.583047497
VAL,-65.43718475,-42.50582578,19.09463688,,VAL,-63.67397385,-44.67309585,19.20226847,,1.763210899,-2.16727007,2.793917005
VAL,-68.14984747,-33.28497103,15.75304944,,VAL,-72.4587835,-31.48385258,15.91441091,,-4.308936033,1.801118454,4.670220275
ALA,-71.06831648,-47.43025961,14.18421293,,ALA,-65.63892955,-37.76965631,14.05580642,,5.429386927,9.660603301,11.08176423
GLY,-55.6101276,-49.08750845,16.81908799,,GLY,-60.00012939,-47.53089102,16.78874397,,-4.390001783,1.556617436,4.6578078
VAL,-65.25741106,-38.33700986,17.91965614,,VAL,-66.39489737,-44.01028361,17.89539947,,-1.137486316,-5.673273755,5.786182698
ALA,-63.09890249,-38.36773891,14.41733461,,ALA,-61.82965916,-40.52661988,14.48895523,,1.269243334,-2.158880963,2.504345354
ASN,-68.24662628,-46.27345684,14.50323996,,ASN,-62.56438319,-38.75813115,14.47316903,,5.682243098,7.515325687,9.421677494
ALA,-53.535876,-46.95997648,18.66655455,,ALA,-72.390903,-36.57031891,18.54421988,,-18.85502699,10.38965757,21.5280521
LEU,-68.27573539,-29.44960304,18.23222027,,LEU,-70.37762252,-21.73420929,18.19657136,,-2.101887127,7.715393755,7.996576161
ALA,-85.03386789,-15.92112719,15.92860529,,ALA,-94.38379638,-7.780138602,15.85903052,,-9.349928484,8.14098859,12.39745369
HIS,-55.45519663,-45.79505958,19.47451147,,HIS,-62.2460511,-30.94587559,19.35559213,,-6.790854471,14.84918399,16.32831803
LYS,-86.45400424,9.49681992,21.70594368,,LYS,-99.91934658,7.803733019,21.89438534,,-13.46534234,-1.693086901,13.57136646
TYR,-76.65851099,146.7054834,17.74587993,,TYR,-66.258673,144.2350375,17.50910383,,10.39983799,-2.470445884,10.68923445
LEU,-72.99122209,118.9192662,22.02964765,,LEU,-75.27189107,106.035879,21.9961665,,-2.280668977,-12.8833872,13.0836966
SER,-86.47830589,162.0019346,25.0379855,,SER,-67.89408374,162.3634955,25.01044262,,18.58422215,0.361560834,18.58773894
PRO,-59.95843052,-34.66541039,28.39943644,,PRO,-55.52593263,-36.5684947,28.34857555,,4.432497897,-1.90308431,4.823771087
ALA,-66.45039914,-45.92295025,27.29876296,,ALA,-68.35781211,-37.29389642,27.2141236,,-1.907412973,8.629053828,8.837352218
ASP,-56.16368111,-53.52508763,23.60417882,,ASP,-62.28984924,-47.88140172,23.4734021,,-6.126168139,5.643685911,8.329533404
LYS,-57.67073947,-25.54326911,26.36033542,,LYS,-56.16975608,-42.65784363,26.25827606,,1.500983394,-17.11457452,17.18026811
THR,-77.32415734,-46.5887592,29.18991695,,THR,-64.09456819,-41.77083284,29.22584626,,13.22958915,4.817926353,14.0795754
ASN,-48.11902078,-53.12652258,26.48446495,,ASN,-60.80091271,-46.84553119,26.41189297,,-12.68189193,6.280991392,14.15207531
VAL,-65.71435999,-38.12729465,24.83796165,,VAL,-64.27750064,-48.42614178,24.72114305,,1.436859355,-10.29884714,10.39859688
LYS,-72.28037765,-28.59842198,28.98143623,,LYS,-58.09424353,-41.18531035,28.99797218,,14.18613412,-12.58688837,18.96513011
ALA,-77.78634143,-47.71640141,29.67899965,,ALA,-62.21988849,-49.08215482,29.51092436,,15.56645294,-1.365753419,15.62625162
ALA,-57.14041272,-51.22666147,27.3369859,,ALA,-62.30658965,-45.24299901,27.1794486,,-5.166176934,5.983662461,7.905289404
TRP,-60.68070786,-35.63793644,26.18881512,,TRP,-72.35563201,-33.00802911,25.78830325,,-11.67492416,2.629907331,11.96746701
GLY,-62.76917466,-28.57587391,31.0262754,,GLY,-54.62943157,-46.04646944,30.88808488,,8.139743097,-17.47059553,19.27374187
LYS,-77.65078136,-36.35585442,31.79100059,,LYS,-59.73507402,-35.14668292,31.7387332,,17.91570733,1.209171507,17.95646583
VAL,-55.88531737,-41.60769233,28.93711615,,VAL,-63.6079757,-49.98640796,28.88607319,,-7.722658323,-8.378715635,11.39483775
GLY,40.50456723,-137.79882,31.3575927,,GLY,59.08863152,-128.8431426,31.20228527,,18.58406429,8.955677402,20.62938688
ALA,-48.71508083,-3.699376403,33.34570269,,ALA,-70.52053592,-13.10736149,32.91553072,,-21.80545509,-9.407985091,23.74843269
HIS,-97.61382502,-2.861200679,31.45775105,,HIS,-80.38842745,-6.229145996,31.35833874,,17.22539758,-3.367945317,17.55156339
ALA,-45.28480106,-43.7512757,27.62661038,,ALA,-48.36957212,-44.72601322,27.4671508,,-3.08477106,-0.974737521,3.235108302
GLY,-61.85278873,-40.75315987,27.85369377,,GLY,-65.59154039,-47.55255382,27.54619926,,-3.738751663,-6.799393952,7.759511719
GLU,-74.96395708,-33.20431883,29.405891,,GLU,-51.0771894,-47.94568644,28.8717246,,23.88676768,-14.74136762,28.06929977
TYR,-69.48277568,-39.05809598,26.37364661,,TYR,-68.82271984,-32.222449,26.39387798,,0.66005584,6.83564698,6.867440814
GLY,-57.89501079,-58.70772332,23.3612157,,GLY,-65.06780552,-41.54893322,23.10587066,,-7.17279473,17.15879009,18.5976628
ALA,-56.35738673,-41.40401034,24.56193948,,ALA,-66.04968568,-41.92656658,24.22858622,,-9.692298951,-0.522556238,9.706375429
GLU,-65.41252602,-46.02216634,23.93679141,,GLU,-62.68181153,-39.46209004,23.81564023,,2.73071449,6.560076296,7.105730268
ALA,-61.35705875,-39.45024465,19.837858,,ALA,-60.13030302,-41.46073831,19.73825694,,1.226755726,-2.010493657,2.355210045
LEU,-64.47337404,-54.45218458,20.15966917,,LEU,-64.62461067,-43.38808539,19.94052366,,-0.151236632,11.06409918,11.06513277
GLU,-54.05969142,-43.01534003,23.14285536,,GLU,-62.39104123,-42.69721108,22.88496295,,-8.331349812,0.318128956,8.337421407
ARG,-65.50383253,-37.08934655,20.39828204,,ARG,-59.37320742,-39.69935451,20.32985187,,6.130625104,-2.610007963,6.663085302
MET,-65.47343917,-47.77970434,15.64209774,,MET,-66.37563337,-45.37898649,15.54682329,,-0.902194196,2.40071785,2.564644335
PHE,-60.15391229,-36.61116515,19.07494983,,PHE,-62.85435688,-35.89668372,18.93265419,,-2.700444587,0.714481425,2.7933644
LEU,-83.36531432,-43.12157162,20.14203371,,LEU,-78.77788789,-40.9796118,20.13267366,,4.587426427,2.14195982,5.062852268
SER,-78.71484308,-34.87204395,16.05293189,,SER,-77.27029884,-32.78866629,16.01864116,,1.444544242,2.083377666,2.535186495
PHE,-129.064043,72.5240301,12.87194891,,PHE,-132.8555329,73.70010247,12.76677639,,-3.791489933,1.176072374,3.969703029
PRO,-53.74926053,-26.18974145,16.19140105,,PRO,-55.71831654,-23.3151416,16.10578606,,-1.969056013,2.874599853,3.484322874
THR,-57.27446725,-24.84386714,13.52335254,,THR,-64.0581135,-23.59006402,13.55079606,,-6.783646251,1.253803127,6.898541784
THR,-76.12157905,-12.00529286,14.69116226,,THR,-69.00442861,-19.30282305,14.64062509,,7.11715044,-7.297530188,10.19351643
LYS,-73.64020328,-16.21851293,18.99831131,,LYS,-65.54159607,-16.42468778,19.00859577,,8.098607214,-0.206174843,8.101231195
THR,-54.36323064,-25.70960144,17.49026208,,THR,-64.20044383,-16.59654553,17.45822007,,-9.837213185,9.113055908,13.40964396
TYR,-87.08699803,-10.03757669,16.44336028,,TYR,-91.98400966,-5.163826935,16.35757337,,-4.897011628,4.873749755,6.908991212
PHE,-131.1694652,45.21550579,20.77315721,,PHE,-127.8397069,50.26067948,20.69038168,,3.329758246,5.045173693,6.044920808
PRO,-56.68853525,-23.79596188,23.70030896,,PRO,-73.56034196,-20.16793954,23.91142173,,-16.87180671,3.628022339,17.25747396
HIS,-94.78247333,-2.118688618,25.91667725,,HIS,-88.73621634,7.927469256,25.94087942,,6.046256993,10.04615787,11.72529367
PHE,-100.2200385,152.488242,25.41014659,,PHE,-108.0335164,149.6251032,25.49151316,,-7.813477936,-2.8631388,8.321538394
ASP,-83.4633341,113.1659378,28.8596481,,ASP,-82.32102282,108.7768281,28.73928315,,1.14231128,-4.389109709,4.535323483
LEU,-94.07194591,-4.787363574,24.47774555,,LEU,-93.67957383,4.610473454,24.37277646,,0.392372079,9.397837029,9.406024488
SER,-59.11986393,157.9338241,28.28999374,,SER,-61.92848939,157.1871525,28.31425551,,-2.808625454,-0.746671543,2.906182261
HIS,-49.96846307,119.1503595,29.21236917,,HIS,-55.13221833,129.4269361,29.00683081,,-5.163755263,10.27657666,11.50097371
GLY,85.83420561,6.962665566,30.3420767,,GLY,91.46194668,-5.431805493,30.38794488,,5.627741065,-12.39447106,13.61228792
SER,-39.65831306,138.6972366,29.23662288,,SER,-49.24373242,122.5497577,29.15831541,,-9.58541936,-16.14747893,18.7782145
ALA,-75.72639476,-24.91322081,31.23073837,,ALA,-59.40804805,-27.40677905,30.9036095,,16.31834671,-2.49355824,16.507764
GLN,-67.99960848,-52.49165441,28.66144458,,GLN,-69.01196893,-41.98698537,28.72316378,,-1.012360446,10.50466903,10.55333811
VAL,-62.98727978,-29.28336943,25.76414785,,VAL,-64.22915201,-42.95529827,25.68661366,,-1.241872237,-13.67192884,13.72821492
LYS,-67.11046292,-54.37912807,29.75942757,,LYS,-61.57676899,-40.65914433,29.39026068,,5.533693934,13.71998373,14.79390828
GLY,-53.65778195,-47.54829002,28.3962034,,GLY,-63.0741012,-45.61984552,28.13869598,,-9.416319252,1.928444504,9.611761881
HIS,-58.87042715,-40.7666426,23.95416815,,HIS,-68.30473628,-38.83166949,23.59637,,-9.434309137,1.934973112,9.630696228
GLY,-58.48855479,-38.84611787,25.01269942,,GLY,-56.70394221,-40.14870549,24.82058434,,1.784612576,-1.302587617,2.209429009
LYS,-63.89004412,-48.42652387,28.82871366,,LYS,-64.69222091,-42.31371429,28.48712224,,-0.802176789,6.112809584,6.165219267
LYS,-60.11150258,-45.63834452,26.18761794,,LYS,-66.35658402,-40.90277321,26.46401377,,-6.245081439,4.735571302,7.83751732
VAL,-66.47872822,-48.01241387,22.34627493,,LEU,-54.01790152,-51.56037655,21.94996524,,12.4608267,-3.547962686,12.95608897
ALA,-62.43448397,-39.81507548,25.00945951,,ALA,-63.24082314,-40.48273452,24.93838719,,-0.806339166,-0.667659041,1.046876997
ASP,-56.59282284,-48.22984388,27.93167722,,ASP,-60.54428088,-40.3962789,27.79070603,,-3.951458045,7.833564985,8.773754102
ALA,-60.71955582,-35.0226129,24.17753982,,ALA,-65.94577889,-38.19932441,24.11865575,,-5.226223071,-3.176711511,6.11595484
LEU,-72.57470022,-40.55999609,22.6303968,,LEU,-66.76024295,-38.89315737,22.42385103,,5.814457267,1.666838719,6.048658084
THR,-57.20660975,-44.75477198,27.35957795,,THR,-60.25855212,-42.30660159,27.21867855,,-3.051942376,2.44817039,3.912529939
ASN,-75.48084614,-32.61062896,27.51719833,,ASN,-64.81152089,-37.65952384,27.09474648,,10.66932525,-5.048894886,11.80363677
ALA,-70.80625398,-39.33248536,24.48483951,,ALA,-67.50606549,-40.14133518,24.28544845,,3.300188489,-0.808849818,3.397864343
VAL,-56.85975032,-58.30870874,26.10313217,,VAL,-66.48868984,-38.00793763,25.99827168,,-9.628939515,20.30077112,22.46859551
ALA,-61.45394681,0.729092411,29.34035711,,ALA,-70.76711319,-22.58880006,29.13666669,,-9.313166388,-23.31789247,25.10894616
HIS,-142.4775201,28.40940147,28.50932299,,HIS,-118.3680309,42.25713211,28.5188507,,24.10948916,13.84773064,27.80336511
VAL,-46.46479476,-28.24554491,25.46560636,,VAL,-61.10108964,-21.12269209,25.39779606,,-14.63629488,7.122852819,16.27747401
ASP,-77.99631904,-26.7303425,27.98685182,,ASP,-94.29743085,-2.802412659,27.74024,,-16.30111181,23.92792984,28.95292857
ASP,-144.970886,59.66516,27.57478155,,ASP,-145.0366494,44.271654,27.53190079,,-0.065763444,-15.39350599,15.39364647
MET,-65.75793243,-37.45310116,22.48801457,,MET,-62.74428388,-39.07528833,22.49558649,,3.013648549,-1.622187178,3.42250914
PRO,-46.74835323,-55.76336297,23.61462359,,PRO,-52.98218119,-45.42186899,23.43474574,,-6.233827962,10.34149397,12.07506144
ASN,-74.25369643,-37.8495446,27.36271775,,ASN,-67.92076852,-47.7169601,27.77313539,,6.332927916,-9.867415498,11.72483964
ALA,-68.70920987,-30.06859945,26.2588201,,ALA,-62.33263274,-29.80403658,26.32627613,,6.376577128,0.264562876,6.382063098
LEU,-105.325333,15.94245016,22.66148004,,LEU,-107.1778448,18.13776474,22.83610111,,-1.852511848,2.195314587,2.872491302
SER,-63.42811831,-45.52067595,24.86258394,,SER,-55.80060492,-45.48628243,24.79442747,,7.627513393,0.034393512,7.627590935
ALA,-54.09026598,-38.75909407,25.33787691,,ALA,-70.23538541,-33.68722813,25.18327365,,-16.14511943,5.071865945,16.92302294
LEU,-72.33413353,-36.04309167,22.25824158,,LEU,-69.74713933,-34.09628814,22.32601296,,2.5869942,1.946803525,3.237681726
SER,-74.37332716,-19.16318971,20.3393455,,SER,-64.51830863,-38.21268124,20.46301795,,9.855018529,-19.04949154,21.44771592
ASP,-71.6825461,-61.16945618,23.40740405,,ASP,-67.49592798,-46.33709194,23.51585541,,4.186618118,14.83236425,15.4119045
LEU,-46.73336776,-53.80900729,22.44990652,,LEU,-58.25859959,-44.0836362,22.54575704,,-11.52523183,9.725371085,15.08024573
HIS,-63.8425204,-43.17048346,18.42403472,,HIS,-72.70365865,-37.94606676,18.44409237,,-8.861138256,5.224416696,10.28660785
ALA,-75.74736136,-43.11682908,18.87990783,,ALA,-69.28352902,-43.5413439,18.91783997,,6.463832343,-0.424514819,6.477757435
HIS,-105.2808914,-17.40862394,22.16764779,,HIS,-104.9235631,-18.73695799,22.16068023,,0.357328379,-1.328334053,1.375556224
LYS,-115.8990547,-61.24710382,23.35550293,,LYS,-118.1697276,-60.63011914,24.00224138,,-2.270672854,0.616984689,2.353003467
LEU,-66.73936629,-41.36743589,19.88862267,,LEU,-68.61120449,-41.54896115,19.94330934,,-1.871838199,-0.181525257,1.880619489
ARG,48.62656641,44.49616812,19.03715251,,ARG,52.91514813,51.91189479,19.08976639,,4.288581712,7.415726666,8.566500749
VAL,-67.23134619,131.3402691,14.20383757,,VAL,-77.70449124,128.4519073,14.05370574,,-10.47314505,-2.888361721,10.86413368
ASP,-64.04340159,133.9958079,9.964875318,,ASP,-57.88582498,133.1648097,9.905750547,,6.157576609,-0.830998199,6.213397436
PRO,-43.60517831,-34.36298757,8.97384339,,PRO,-55.59806619,-25.39047586,8.864156506,,-11.99288788,8.972511717,14.97782782
VAL,-63.04016849,-20.90046057,6.271631765,,VAL,-59.18789146,-28.69626166,6.138030536,,3.852277028,-7.795801094,8.695662884
ASN,-74.17425661,-19.25611652,10.07043336,,ASN,-70.61226688,-21.31482266,9.82399174,,3.56198973,-2.058706135,4.114127099
PHE,-62.10431497,-43.20705608,11.58041661,,PHE,-65.60239647,-34.77390119,11.40695999,,-3.498081509,8.433154889,9.129878182
LYS,-62.04448133,-32.6482083,7.218347183,,LYS,-67.31581145,-29.19524383,6.994162435,,-5.271330116,3.452964468,6.301577961
LEU,-75.39772084,-42.17847259,10.04302026,,LEU,-73.80347238,-40.77289229,9.894874229,,1.594248455,1.405580296,2.125390341
LEU,-67.65875844,-45.2542097,14.51163819,,LEU,-68.8758295,-38.16814062,14.33895062,,-1.217071062,7.086069076,7.189828712
SER,-52.50700775,-55.23873365,13.29900677,,SER,-59.62323807,-45.77775636,13.22807698,,-7.116230326,9.460977289,11.83853138
HIS,-47.77346529,-52.16983474,13.52291476,,HIS,-56.98985687,-44.76587697,13.42598263,,-9.216391578,7.403957779,11.82203301
CYS,-61.62510439,-33.52495966,16.13792181,,CYS,-67.20527859,-30.93664154,15.86105348,,-5.580174199,2.588318113,6.151238472
LEU,-83.16977778,-36.2064672,18.54620547,,LEU,-68.96283481,-38.7755835,18.09691886,,14.20694297,-2.569116299,14.43736774
LEU,-58.92612914,-50.65993711,17.64692821,,LEU,-60.46155745,-42.86434494,17.50105095,,-1.535428313,7.795592165,7.945363258
VAL,-65.37891586,-40.07710749,19.30041244,,VAL,-63.39174334,-39.57744382,19.29799926,,1.987172518,0.499663675,2.049028649
THR,-59.98361842,-49.00895986,22.17764531,,THR,-63.12173959,-46.0635507,21.97164646,,-3.138121171,2.945409157,4.303863333
LEU,-55.61155924,-54.82034402,23.12050823,,LEU,-63.84883249,-39.88451375,22.87358291,,-8.237273254,14.93583028,17.05671999
ALA,-46.04537432,-48.73766062,23.93193807,,ALA,-57.41933058,-40.75370069,23.66692595,,-11.37395626,7.98395993,13.8964203
ALA,-67.34012785,-24.67692006,25.92164429,,ALA,-75.58172537,-17.89481972,25.77884673,,-8.241597518,6.782100347,10.67336942
HIS,-112.5216463,-18.87938672,27.64321786,,HIS,-112.4870064,-19.90579711,27.63699539,,0.034639921,-1.026410387,1.026994745
LEU,-128.1653095,63.07486446,27.59401608,,LEU,-112.0060157,63.7448331,27.30632784,,16.15929387,0.669968641,16.17317644
PRO,-51.37205183,-57.70367549,29.22450799,,PRO,-55.6589274,-55.5328038,29.60450527,,-4.286875577,2.17087169,4.805204065
ALA,-56.78932472,-52.93727781,30.79841698,,ALA,-66.74953503,-42.48450477,30.72431616,,-9.960210312,10.45277304,14.43836049
GLU,-77.88222449,-19.79436092,29.39127519,,GLU,-76.90867498,-24.16834016,29.51125758,,0.973549509,-4.373979244,4.481014737
PHE,-73.63390981,57.45293078,23.74638224,,PHE,-85.40925718,68.24750003,23.56768341,,-11.77534737,10.79456925,15.97440237
THR,-77.81799736,160.1193357,25.97925068,,THR,-81.19065642,165.6975571,26.00409669,,-3.372659059,5.578221379,6.518541469
PRO,-57.26347905,-52.4230976,24.0928777,,PRO,-52.16351703,-42.78349183,23.98448237,,5.099962012,9.63960577,10.9055771
ALA,-63.00431159,-38.81522808,24.16638367,,ALA,-64.34060333,-41.27794203,24.09014401,,-1.336291748,-2.46271395,2.801898577
VAL,-73.14888933,-21.34690365,24.03321161,,VAL,-71.94966115,-40.08990477,23.77661355,,1.199228177,-18.74300112,18.78132687
HIS,-73.83473297,-50.02512339,19.53211868,,HIS,-52.35872365,-52.95582107,19.30337121,,21.47600932,-2.930697686,21.67505398
ALA,-57.7391524,-39.38429269,19.22222457,,ALA,-59.25333019,-42.25455434,19.13936089,,-1.514177791,-2.870261643,3.245171226
SER,-63.19500479,-51.90987159,20.97537958,,SER,-65.43119185,-40.92669844,20.87721954,,-2.236187054,10.98317315,11.20850681
LEU,-65.01051834,-35.57786529,19.92143997,,LEU,-65.75107833,-40.00404279,19.72651523,,-0.740559984,-4.426177499,4.487702791
ASP,-60.09199521,-53.61615999,14.85851001,,ASP,-63.9109961,-36.98504245,14.63356778,,-3.819000887,16.63111754,17.06396315
LYS,-59.53140159,-36.39234426,17.45516219,,LYS,-68.91000332,-37.98172185,17.31630842,,-9.378601729,-1.589377596,9.512323141
PHE,-63.2606749,-53.68219379,19.36841577,,PHE,-62.0470893,-47.10158636,19.25971239,,1.213585599,6.580607429,6.691575609
LEU,-64.95412218,-32.99631504,15.86251073,,LEU,-66.57971453,-35.8917674,15.64357592,,-1.62559235,-2.895452358,3.320571464
ALA,-64.37323932,-39.57736803,13.55277424,,ALA,-60.81453857,-40.69812692,13.25287409,,3.558700746,-1.120758894,3.731012128
SER,-79.55019931,-27.42014974,16.58727298,,SER,-63.25845154,-45.43729459,16.29680335,,16.29174777,-18.01714485,24.29070921
VAL,-60.18607131,-39.48774449,16.95861466,,VAL,-58.87377506,-45.87565528,16.89907572,,1.31229625,-6.387910781,6.52131318
SER,-59.93495548,-52.32718318,13.30969056,,SER,-59.99615004,-40.47828518,13.15397955,,-0.061194562,11.848898,11.84905602
THR,-54.83393493,-47.38233105,14.19390658,,THR,-63.06507504,-46.80540394,14.02784132,,-8.231140111,0.576927112,8.251333978
VAL,-59.70755761,-47.53455154,17.94322771,,VAL,-57.61964831,-45.65680723,17.80131389,,2.087909301,1.877744314,2.808075668
LEU,-68.52591473,-21.17084054,16.95332261,,LEU,-67.84372066,-21.70196384,16.76373547,,0.682194071,-0.531123305,0.86456967
THR,-106.4083096,19.03494348,13.73540099,,THR,-106.5213268,6.413845064,13.77343414,,-0.113017215,-12.62109841,12.62160441
SER,-75.57282327,-23.65972335,17.47519429,,SER,-66.6494317,-21.13974318,17.35109466,,8.923391574,2.519980166,9.272390049
LYS,-109.8206381,30.65512508,20.26196,,LYS,-109.0395089,17.05945903,20.28269197,,0.781129193,-13.59566604,13.61808716
TYR,-67.0893966,-38.58835551,15.50817266,,TYR,-65.67386165,-30.60415107,15.36010574,,1.415534958,7.984204435,8.108715045
HIS,-90.01058543,89.92385571,21.39614213,,HIS,-121.4594587,128.4313774,25.06457473,,-31.44887325,38.50752172,49.71781227
LEU,-108.1013813,147.2967099,23.58882948,,LEU,-117.9901594,160.7603684,24.31774863,,-9.8887781,13.46365845,16.70503011
THR,-72.31783512,155.9669899,26.89089061,,THR,-72.40080928,157.9591128,26.61110841,,-0.082974165,1.992122926,1.993850161
PRO,-80.98997957,-9.216070593,30.04771203,,PRO,-50.98454571,-39.40181616,30.07879465,,30.00543386,-30.18574557,42.56178212
GLU,-87.86793387,-24.53486594,30.80795869,,GLU,-63.73316906,-43.37766641,29.0483887,,24.13476481,-18.84280047,30.61924235
GLU,-88.50957484,-36.83638669,24.80606157,,GLU,-67.4998207,-40.81297308,24.3779892,,21.00975414,-3.976586392,21.38277364
LYS,-67.86301982,-33.22663323,27.85119183,,LYS,-68.98227525,-38.80226875,28.33620965,,-1.119255428,-5.575635523,5.686865938
SER,-77.0900673,-32.56173467,30.39813943,,SER,-67.17801694,-34.87775908,30.38877432,,9.912050353,-2.316024413,10.17903292
ALA,-71.76052029,-33.71711301,27.99821148,,ALA,-63.27500414,-39.74117608,27.50150881,,8.485516147,-6.024063069,10.40640765
VAL,-65.30300375,-54.5085236,25.99333567,,VAL,-72.18147199,-49.91554013,25.90433331,,-6.878468238,4.592983468,8.270962606
THR,-55.02435919,-54.03707511,29.80314652,,THR,-70.68013561,-32.64593674,29.77433665,,-15.65577642,21.39113838,26.50818999
ALA,-55.95572478,-52.06951429,31.25264169,,ALA,-64.51124868,-51.94767437,31.07452204,,-8.555523905,0.12183992,8.556391427
LEU,-60.88354981,-48.69536697,28.48270364,,LEU,-62.28899445,-36.26189885,28.30391893,,-1.405444632,12.43346812,12.51264976
TRP,-59.41547456,-27.08398634,27.50538669,,TRP,-66.83764066,-28.658415,27.40508774,,-7.4221661,-1.574428656,7.587316733
GLY,-76.80043281,-8.082691665,32.710337,,GLY,-59.07975259,-20.04644067,32.51489322,,17.72068022,-11.96374901,21.3811552
LYS,-103.452561,-7.391994807,32.81787229,,LYS,-102.19458,-1.754555917,32.33721874,,1.257981021,5.637438889,5.77609154
VAL,-76.63250611,123.9705049,29.9212564,,VAL,-84.63229568,127.4880751,29.57966965,,-7.999789574,3.517570148,8.738989242
ASN,-84.91742753,96.3908093,31.92736167,,ASN,-85.78999549,105.8324297,31.58853788,,-0.872567953,9.441620421,9.48185483
VAL,-63.24694861,-30.65130914,29.63703866,,VAL,-55.73522074,-37.10381843,29.00932437,,7.511727878,-6.452509293,9.902571983
ASP,-62.1405986,-57.78675294,32.07149173,,ASP,-57.5464564,-55.57887648,31.50299965,,4.594142195,2.207876459,5.097142432
GLU,-64.92558838,-52.5482997,31.0907955,,GLU,-66.9019304,-46.90442743,29.87542316,,-1.976342014,5.64387227,5.9799015
VAL,-65.19621088,-36.88150843,26.19089752,,VAL,-67.8787025,-40.50225083,26.09691295,,-2.682491624,-3.620742402,4.506166537
GLY,-73.41566805,-32.21694616,25.54900746,,GLY,-62.58759941,-41.28499058,25.16669686,,10.82806865,-9.068044421,14.12361498
GLY,-72.1687477,-45.09359478,26.20395312,,GLY,-64.3722553,-42.02844376,25.89365525,,7.796492401,3.065151015,8.377376947
GLU,-60.60239816,-45.21692875,25.05404388,,GLU,-67.21371467,-40.43574886,24.69737483,,-6.611316516,4.781179886,8.15899425
ALA,-66.28663173,-47.352914,21.44178901,,ALA,-65.47807406,-45.85006633,21.26973372,,0.808557666,1.502847669,1.706551087
LEU,-65.08941389,-52.05390743,22.12389031,,LEU,-65.45435746,-42.05921451,21.82112884,,-0.364943571,9.994692921,10.00135343
GLY,-45.66204722,-62.86469237,22.72145719,,GLY,-62.44788823,-43.95459122,22.33878318,,-16.78584101,18.91010115,25.2854975
ARG,-65.28594527,-16.72881248,21.54982295,,ARG,-66.05819637,-35.26626101,21.44636619,,-0.772251098,-18.53744852,18.55352714
LEU,-68.06992608,-48.55975031,17.49316942,,LEU,-57.37759774,-45.81340767,17.2417613,,10.69232834,2.746342643,11.03939687
LEU,-64.73819739,-32.0897164,20.62039731,,LEU,-69.51993915,-25.93172083,20.43745085,,-4.781741759,6.157995569,7.796535364
VAL,-82.53175307,-47.32782903,20.97363282,,VAL,-84.43304926,-43.77359825,20.72033884,,-1.901296186,3.554230781,4.030816745
VAL,-74.20489701,-38.37749122,16.9898949,,VAL,-81.71234742,-30.33259012,16.92221529,,-7.507450409,8.0449011,11.00373779
TYR,-123.4005296,69.29736416,14.11935059,,TYR,-126.6280503,72.58306924,13.79931639,,-3.227520707,3.285705073,4.605729881
PRO,-52.24555666,-24.70973504,18.32667611,,PRO,-62.96280143,-12.09980716,18.03558294,,-10.71724478,12.60992788,16.54900652
TRP,-75.90541396,-0.789434603,14.7903297,,TRP,-68.39523624,-17.99246126,14.2043535,,7.510177715,-17.20302666,18.77090556
THR,-79.74810964,-8.227983456,17.47506482,,THR,-71.08186186,-11.85959805,17.07025264,,8.666247778,-3.631614593,9.396407564
GLN,-70.71964339,-19.03853227,21.58148883,,GLN,-67.41141799,-11.15573898,21.28470888,,3.3082254,7.882793295,8.548847023
ARG,-59.46804289,-18.72620552,20.005602,,ARG,-60.78841455,-19.79452598,19.35633076,,-1.320371655,-1.06832046,1.698437492
PHE,-86.76006723,-25.07401825,20.27821331,,PHE,-95.32623119,-0.226313644,19.99225157,,-8.566163956,24.84770461,26.2828383
PHE,-114.6792449,17.31866827,23.51477224,,PHE,-127.7076587,37.68556868,23.37485235,,-13.02841382,20.36690041,24.17747297
GLU,-41.20079187,-46.38572752,26.28700358,,GLU,-60.44060562,-33.53322298,26.43962362,,-19.23981376,12.85250454,23.13778957
SER,-65.60840285,-3.985619627,29.58850659,,SER,-81.08390299,4.545192807,29.75837296,,-15.47550014,8.530812434,17.67104596
PHE,-80.60475949,-22.42479915,28.63140962,,PHE,-86.49458634,-8.42749449,28.14497214,,-5.889826856,13.99730466,15.18600007
GLY,96.94883321,-92.83145532,30.12746888,,GLY,91.13850358,-137.2639982,30.02258963,,-5.810329633,-44.43254292,44.81083352
ASP,-90.57545772,110.4662122,30.96048658,,ASP,-72.68103087,106.9178294,30.74150793,,17.89442685,-3.548382792,18.24284881
LEU,-123.7700056,19.84003405,26.57662862,,LEU,-124.2258338,19.50366574,26.23225252,,-0.455828181,-0.336368308,0.566500635
SER,-67.41236387,-1.251192446,28.67178354,,SER,-68.41058985,-31.80116957,28.10147795,,-0.998225975,-30.54997713,30.56628138
THR,-164.6153049,161.957035,28.35793373,,THR,-131.4444935,158.312943,28.31494845,,33.17081137,-3.644092032,33.37037808
PRO,-48.73362864,-49.83741373,26.68221328,,PRO,-52.40935873,-47.73574032,26.53055493,,-3.675730093,2.101673419,4.234149604
ASP,-64.89628061,-44.78330571,30.40074181,,ASP,-64.48485962,-33.98140455,30.24258215,,0.411420986,10.80190116,10.80973339
ALA,-60.32243298,-48.62533377,30.0489046,,ALA,-65.38165503,-50.78281293,29.75303778,,-5.059222055,-2.157479163,5.500040376
VAL,-62.87871858,-58.64792207,26.79459303,,VAL,-55.21451229,-47.073221,26.45782924,,7.664206288,11.57470107,13.88213827
MET,-51.90192285,-33.11034546,27.26702461,,MET,-74.09526033,-28.52109886,27.1240296,,-22.19333748,4.589246591,22.66286417
GLY,-76.89123933,-33.48408064,31.69144482,,GLY,-93.07766495,4.703475241,31.58468911,,-16.18642562,38.18755588,41.47637639
ASN,-52.39989723,119.6302769,30.68294495,,ASN,-75.6087542,121.5124401,30.25557013,,-23.20885696,1.882163151,23.28505056
PRO,-77.27604838,-7.350536118,33.07541115,,PRO,-65.53770379,-30.42551366,32.73781307,,11.73834458,-23.07497754,25.88905796
LYS,-79.02616513,-42.62729513,31.49386079,,LYS,-74.19747886,-28.91662704,31.15506462,,4.828686267,13.71066809,14.5361147
VAL,-57.3447288,-48.93415682,27.34015808,,VAL,-66.52120909,-44.62286638,27.02990616,,-9.176480288,4.311290439,10.13878769
LYS,-61.73820867,-49.03399675,30.15498842,,LYS,-62.56369959,-38.95326815,30.10866386,,-0.825490919,10.0807286,10.11447103
ALA,-65.51995118,-32.27135326,30.55469118,,ALA,-71.59247321,-44.97121128,30.05797754,,-6.072522037,-12.69985802,14.07699959
HIS,-78.58167573,-31.43317357,26.33757781,,HIS,-67.3223032,-36.49868902,25.95536629,,11.25937252,-5.065515444,12.3463726
GLY,-66.14123554,-41.64231722,26.11001649,,GLY,-53.80091019,-54.45608994,25.93164107,,12.34032535,-12.81377272,17.78978362
LYS,-65.10910116,-28.38444318,30.43588711,,LYS,-58.76944892,-38.52472401,30.15273989,,6.339652239,-10.14028083,11.95895003
LYS,-68.12026217,-46.13351201,28.29649815,,LYS,-64.81448357,-45.59425648,28.0596381,,3.305778607,0.539255537,3.349472904
VAL,-64.8434455,-50.76598774,24.06633074,,LEU,-78.18955817,-33.36958851,23.50503497,,-13.34611267,17.39639924,21.92609017
LEU,-61.1083676,-33.20230678,25.29034864,,LEU,-73.20989751,-21.80384845,24.8646887,,-12.10152991,11.39845833,16.62443619
GLY,-72.54760084,-25.36757678,27.66453086,,GLY,-65.05113683,-42.98334117,27.62919161,,7.496464016,-17.61576439,19.14450647
ALA,-73.8034671,-35.27342163,25.57077607,,ALA,-67.7401174,-35.4644048,25.92766084,,6.063349703,-0.190983172,6.066356748
PHE,-59.76124486,-50.17937329,22.83986107,,PHE,-61.07607814,-46.11218383,22.6742219,,-1.314833279,4.06718946,4.274437583
SER,-49.25602135,-55.62187711,27.45565124,,SER,-55.8310338,-46.43313488,27.45821011,,-6.575012455,9.188742226,11.29883943
ASP,-46.35634662,-49.54889659,28.3970392,,ASP,-65.78086656,-33.75606071,29.15458354,,-19.42451993,15.79283588,25.03448901
GLY,-70.53589414,-20.31011283,25.40850817,,GLY,-60.20679413,-29.45313427,25.80535062,,10.3291,-9.143021438,13.79438828
LEU,-76.69948376,-14.74067897,26.04001555,,LEU,-67.17390887,-15.09325366,26.00446186,,9.525574885,-0.35257469,9.53209766
ALA,-95.95514407,-20.82522437,29.50127791,,ALA,-90.82169435,-4.766389063,29.65694582,,5.133449719,16.05883531,16.85937417
HIS,-118.2710714,39.74928592,28.45707673,,HIS,-132.4291742,44.89936218,28.91799684,,-14.15810282,5.150076263,15.06569484
LEU,-56.22681881,-17.60653095,24.97813424,,LEU,-59.82625745,-19.79573747,25.11324543,,-3.599438637,-2.189206519,4.212906797
ASP,-73.91342466,-31.63146722,27.84381512,,ASP,-82.12273496,-10.01307249,27.70708818,,-8.209310299,21.61839473,23.12461387
ASN,-151.4456087,59.43033554,26.52277403,,ASN,-153.551897,62.63541607,26.50869864,,-2.106288333,3.20508053,3.835230338
LEU,-60.16558716,-38.97282798,22.54218392,,LEU,-65.72790123,-38.43471427,22.59060668,,-5.562314073,0.538113714,5.588282761
LYS,-63.57703242,-39.37517196,21.81288032,,LYS,-56.73867131,-46.96539097,21.89003953,,6.838361106,-7.590219003,10.21638914
GLY,-70.52478561,-39.74943106,26.23615181,,GLY,-67.49367565,-36.3247019,26.28388276,,3.03110996,3.424729163,4.57344481
THR,-62.49285103,-30.51837566,26.28943076,,THR,-66.4277665,-39.81275158,26.3094434,,-3.934915474,-9.29437592,10.09301657
PHE,-110.6217171,11.90769634,22.83748553,,PHE,-102.9656905,10.3679918,22.96587442,,7.656026654,-1.53970455,7.809317142
ALA,-54.3796279,-44.50686133,24.71453747,,ALA,-58.70731509,-43.62056046,24.77556995,,-4.327687194,0.886300869,4.417511254
THR,-73.97471078,-40.82704394,26.87221582,,THR,-68.50233021,-44.61781852,27.06736202,,5.472380566,-3.790774576,6.657095534
LEU,-62.12149065,-30.52389322,23.97737036,,LEU,-65.73731143,-31.58010134,24.29066667,,-3.615820777,-1.056208124,3.766926531
SER,-72.82695567,-47.51064929,21.29009724,,SER,-62.23860658,-51.45446366,21.35796856,,10.5883491,-3.943814371,11.29897378
GLU,-67.52902592,-36.63654133,24.96113561,,GLU,-59.60106576,-40.09445811,25.06784847,,7.927960159,-3.457916781,8.64926244
LEU,-65.24964916,-43.38315539,24.8845599,,LEU,-59.62497502,-45.6282109,24.90141566,,5.624674137,-2.245055508,6.056173163
HIS,-66.386918,-35.68813672,20.96473547,,HIS,-68.80103044,-27.91019584,20.94867533,,-2.414112436,7.777940881,8.143973428
CYS,-70.88121723,-78.34040327,20.83987627,,CYS,-79.68057557,-60.38900279,20.82617193,,-8.79935834,17.95140048,19.99203558
ASP,-65.96779803,-30.79952999,24.46433879,,ASP,-81.23546431,-31.29801366,24.54406868,,-15.26766628,-0.498483678,15.27580177
LYS,-96.8168769,-58.78996535,26.31003818,,LYS,-101.5644508,-44.66836432,26.74832693,,-4.747573898,14.12160103,14.89829096
LEU,-90.82029031,-7.465619135,23.06000271,,LEU,-86.63722257,-24.15142176,23.09408477,,4.183067742,-16.68580263,17.20215292
HIS,45.48696154,53.27096802,21.65757007,,HIS,58.72504277,44.55689215,21.70548487,,13.23808122,-8.714075872,15.84871959
VAL,-97.70108825,126.8376135,17.38966903,,VAL,-93.27303528,119.1919282,17.47642495,,4.428052973,-7.645685311,8.835392295
ASP,-66.95523846,124.155972,12.74407786,,ASP,-58.41073766,122.1320384,12.84182758,,8.544500804,-2.023933597,8.780933959
PRO,-62.89957988,-10.41990158,12.49136642,,PRO,-62.43076558,-12.7545834,12.559792,,0.468814296,-2.334681815,2.381286632
GLU,-68.86525288,-29.7476203,8.362812328,,GLU,-56.83978103,-29.93643682,8.454026493,,12.02547185,-0.188816526,12.0269541
ASN,-62.37788106,-25.65257155,12.88953065,,ASN,-60.49199809,-29.58643328,13.17050604,,1.88588297,-3.933861726,4.362547726
PHE,-63.15057514,-41.93087229,14.45479452,,PHE,-69.58643437,-36.73280395,14.53889324,,-6.435859232,5.198068341,8.272859151
ARG,-62.43210696,-45.6775481,9.205939446,,ARG,-69.33472218,-41.52062421,9.421934252,,-6.902615224,4.156923882,8.057674174
LEU,-57.7747884,-49.98658902,11.39236433,,LEU,-61.23586769,-46.50089809,11.29880251,,-3.461079292,3.485690933,4.912139162
LEU,-58.3418641,-42.90401681,16.09712535,,LEU,-60.62990197,-38.44800003,16.10359218,,-2.288037875,4.456016787,5.009111989
GLY,-60.0993029,-43.51758679,14.9279471,,GLY,-53.55889998,-49.48057707,14.8343859,,6.540402924,-5.962990276,8.850656667
ASN,-62.31497406,-45.04974308,12.98362509,,ASN,-71.58470404,-34.76880841,12.84556835,,-9.269729975,10.28093467,13.84288667
VAL,-56.02250235,-39.09866201,16.94979192,,VAL,-67.44564727,-40.24549897,16.74244447,,-11.42314492,-1.146836965,11.48056945
LEU,-60.73391713,-44.86220199,19.5188615,,LEU,-59.12650858,-43.15831487,19.35699076,,1.607408546,1.703887116,2.342433251
VAL,-62.66602708,-41.70415924,18.14823945,,VAL,-59.76042138,-40.85554408,18.14561257,,2.9056057,0.848615163,3.026993918
CYS,-66.03312556,-36.82080657,18.94458947,,CYS,-60.89111343,-39.75905557,18.71952137,,5.142012126,-2.938248998,5.922296504
VAL,-67.5261698,-50.74071373,22.52855728,,VAL,-67.04839365,-41.22627895,22.40067411,,0.477776141,9.514434775,9.526423208
LEU,-57.97926975,-34.0253447,23.4129826,,LEU,-63.20432445,-42.30064689,23.36489104,,-5.225054699,-8.275302189,9.786818836
ALA,-69.29978491,-48.4437096,23.82766375,,ALA,-59.47184229,-41.29064881,23.62136279,,9.827942626,7.153060787,12.15544055
HIS,-49.15485826,-48.57639703,25.96387123,,HIS,-68.54426072,-41.77912574,25.87801495,,-19.38940246,6.797271294,20.54633361
HIS,-71.04473855,-57.53453957,28.00036922,,HIS,-72.31030678,-41.93845296,28.77707115,,-1.265568236,15.5960866,15.64735058
PHE,-86.44098728,-2.190087919,28.56314422,,PHE,-101.2921136,-10.34352566,28.46244643,,-14.85112634,-8.153437737,16.94209256
GLY,39.02684074,-131.8120422,27.82989894,,GLY,58.09462567,-133.5617004,27.72933752,,19.06778493,-1.749658157,19.1478909
LYS,-33.31355579,-37.02571861,31.35259632,,LYS,-60.93652386,-21.23197787,30.916713,,-27.62296807,15.79374074,31.81934336
GLU,-74.98960099,-19.1340066,30.04363324,,GLU,-68.34735572,-21.36303618,29.93226985,,6.642245271,-2.229029582,7.006282546
PHE,-89.24995021,78.19934433,23.84200612,,PHE,-86.012419,72.09627511,23.82533344,,3.23753121,-6.103069219,6.90862231
THR,-76.06497692,163.024436,25.66682249,,THR,-72.44662281,163.9084448,25.76827173,,3.618354113,0.884008728,3.724776224
PRO,-55.45777982,-42.24537943,22.92677795,,PRO,-52.48915473,-44.01089301,23.17744144,,2.968625088,-1.765513574,3.45395036
PRO,-60.978073,-42.96085405,24.14286804,,PRO,-66.60309465,-33.72698809,24.16544826,,-5.625021652,9.233865961,10.81226846
VAL,-73.80977367,-38.14600476,23.98032951,,VAL,-68.58440634,-39.35252413,23.99590101,,5.225367323,-1.206519375,5.362849305
GLN,-61.39652888,-45.33649905,19.29525275,,GLN,-59.02004018,-44.85496792,19.13355805,,2.376488701,0.481531131,2.424782624
ALA,-55.28556074,-43.95287555,19.33623399,,ALA,-59.55756496,-38.40000619,19.34882338,,-4.272004226,5.552869355,7.00602442
ALA,-63.31166823,-41.92313542,20.89901147,,ALA,-64.84647681,-42.4670361,20.89250738,,-1.534808581,-0.54390068,1.62833207
TYR,-68.39216634,-31.40833763,21.54738051,,TYR,-68.96598224,-35.4391899,21.42196898,,-0.573815904,-4.03085227,4.071490478
GLN,-60.35418757,-41.95632762,15.25521975,,GLN,-60.34050501,-38.47230446,15.28513713,,0.013682564,3.484023166,3.484050033
LYS,-62.08980713,-40.84590507,17.99558456,,LYS,-63.28393043,-45.09991158,17.67447213,,-1.194123301,-4.254006508,4.418427528
VAL,-58.87255455,-55.33228164,19.0953674,,VAL,-62.790176,-46.95294324,19.08241293,,-3.91762145,8.379338406,9.249922699
VAL,-60.48254838,-42.37583837,15.84134544,,VAL,-69.07613694,-28.59826314,15.89639834,,-8.59358856,13.77757523,16.23795995
ALA,-60.40032032,-47.33899642,14.00965919,,ALA,-69.39796851,-38.69312759,14.02626051,,-8.997648189,8.645868829,12.47833005
GLY,-56.97981277,-48.27831482,16.77727937,,GLY,-65.45956413,-40.9006641,16.76309652,,-8.479751358,7.377650718,11.23992496
VAL,-61.48386352,-41.85939196,17.98789566,,VAL,-67.02854411,-43.81277396,17.95503106,,-5.544680592,-1.953382006,5.878705991
ALA,-62.50750553,-40.95026571,14.40425268,,ALA,-59.42518515,-42.38007468,14.58137952,,3.08232038,-1.429808965,3.397801142
ASN,-70.99451905,-43.17779405,14.29828229,,ASN,-67.8394285,-32.97716174,15.00907244,,3.155090546,10.2006323,10.67742927
ALA,-63.98231721,-36.32279842,18.52047273,,ALA,-66.48628811,-40.44873019,18.55407968,,-2.503970899,-4.125931764,4.826301191
LEU,-70.4014404,-26.35944395,18.18153564,,LEU,-70.18568987,-23.65750647,18.23406396,,0.215750527,2.701937477,2.710537663
ALA,-79.58973458,-22.32505904,15.92763445,,ALA,-92.53375022,-3.334300952,16.01027278,,-12.94401564,18.99075809,22.98252453
HIS,-47.23675284,-49.67993613,19.53802055,,HIS,-64.95015154,-38.17339179,19.60714149,,-17.7133987,11.50654435,21.12261954
LYS,-93.23660392,26.15614333,21.98464018,,LYS,-94.80273835,16.05227773,22.07778533,,-1.566134435,-10.1038656,10.22452332
TYR,-77.12275762,136.0274082,17.67654746,,TYR,-72.39728486,145.6797961,17.70091584,,4.725472757,9.652387938,10.74703148
,,,,,,,,,,-0.549400479,1.454572141,10.55061404
