Residual,AminoAcid1,x1,y1,d1,,Residual,AminoAcid2,x2,y2,d2,,vectorx,vectory,magnitude
402,LEU,-72.99122209,118.9192662,22.02964765,,2,LEU,25.75339696,113.7813452,19.46445457,,98.74461905,-5.137921046,98.87819792
403,SER,-86.47830589,162.0019346,25.0379855,,3,SER,-96.23501701,173.7914289,21.48150915,,-9.756711124,11.78949423,15.30312341
404,PRO,-59.95843052,-34.66541039,28.39943644,,4,ALA,-62.28627022,-32.8862883,23.64779232,,-2.327839692,1.779122083,2.9298657
405,ALA,-66.45039914,-45.92295025,27.29876296,,5,ALA,-83.67384929,-22.76641906,21.1360187,,-17.22345015,23.15653119,28.8595248
406,ASP,-56.16368111,-53.52508763,23.60417882,,6,ASP,-69.17427102,-39.82968874,18.10334281,,-13.01058992,13.69539889,18.89019324
407,LYS,-57.67073947,-25.54326911,26.36033542,,7,LYS,-68.56376324,-35.95336929,21.67354681,,-10.89302377,-10.41010017,15.06745342
408,THR,-77.32415734,-46.5887592,29.18991695,,8,THR,-76.76965996,-43.21364357,21.75059854,,0.554497383,3.375115626,3.420361506
409,ASN,-48.11902078,-53.12652258,26.48446495,,9,ASN,-60.58339465,-48.16781562,18.03768909,,-12.46437387,4.958706956,13.41452163
410,VAL,-65.71435999,-38.12729465,24.83796165,,10,VAL,-56.81994934,-46.83584626,17.00422976,,8.89441065,-8.70855161,12.44786777
411,LYS,-72.28037765,-28.59842198,28.98143623,,11,LYS,-57.09854947,-47.66228685,21.5732901,,15.18182818,-19.06386487,24.37045036
412,ALA,-77.78634143,-47.71640141,29.67899965,,-,,,,,,,,
413,ALA,-57.14041272,-51.22666147,27.3369859,,-,,,,,,,,
414,TRP,-60.68070786,-35.63793644,26.18881512,,-,,,,,,,,
415,GLY,-62.76917466,-28.57587391,31.0262754,,12,GLY,-52.32249764,-54.80219463,19.67926012,,10.44667702,-26.22632071,28.23035528
-,,,,,,13,VAL,-76.08587516,-24.20110107,16.42311242,,,,
-,,,,,,14,PHE,-72.87021972,-17.60134335,17.35636038,,,,
-,,,,,,15,SER,-74.03206863,-40.31702469,21.68494402,,,,
416,LYS,-77.65078136,-36.35585442,31.79100059,,16,LYS,-73.07637442,-26.80076739,19.6748761,,4.574406935,9.55508703,10.59362483
417,VAL,-55.88531737,-41.60769233,28.93711615,,17,ILE,-104.8735489,-13.81691848,17.60444572,,-48.9882315,27.79077385,56.32205551
-,,,,,,18,SER,-58.26116627,-22.55690063,21.6848571,,,,
418,GLY,40.50456723,-137.79882,31.3575927,,19,GLY,-82.8117688,-15.35533713,22.84607633,,-123.316336,122.4434829,173.7795305
419,ALA,-48.71508083,-3.699376403,33.34570269,,-,,,,,,,,
420,HIS,-97.61382502,-2.861200679,31.45775105,,20,HIS,-129.0478845,43.40322986,20.7269731,,-31.43405945,46.26443054,55.93297441
421,ALA,-45.28480106,-43.7512757,27.62661038,,21,ALA,-49.00542914,-42.53089776,19.80067787,,-3.720628076,1.220377938,3.915660301
422,GLY,-61.85278873,-40.75315987,27.85369377,,22,GLU,-77.05718142,-40.00404858,22.10863658,,-15.20439269,0.749111291,15.22283563
423,GLU,-74.96395708,-33.20431883,29.405891,,23,GLU,-73.60512819,-33.62814362,20.38771866,,1.358828891,-0.423824793,1.423391516
424,TYR,-69.48277568,-39.05809598,26.37364661,,24,TYR,-77.68210795,-48.10584598,16.15055243,,-8.199332268,-9.047749998,12.21027558
425,GLY,-57.89501079,-58.70772332,23.3612157,,25,GLY,-68.18875336,-33.14003113,15.88381781,,-10.29374257,25.56769219,27.56207576
426,ALA,-56.35738673,-41.40401034,24.56193948,,26,ALA,-66.53698092,-41.34137837,16.92481755,,-10.17959419,0.062631975,10.17978687
427,GLU,-65.41252602,-46.02216634,23.93679141,,27,GLU,-64.17195473,-36.74547884,14.01648062,,1.240571291,9.276687503,9.359270707
428,ALA,-61.35705875,-39.45024465,19.837858,,28,THR,-71.19944936,-41.05544021,11.83286287,,-9.842390613,-1.605195554,9.972427274
429,LEU,-64.47337404,-54.45218458,20.15966917,,29,LEU,-61.39041805,-44.76115523,14.65353355,,3.082955993,9.691029344,10.16959524
430,GLU,-54.05969142,-43.01534003,23.14285536,,30,GLU,-60.15597217,-41.02335186,16.18180821,,-6.096280758,1.991988172,6.413474562
431,ARG,-65.50383253,-37.08934655,20.39828204,,31,ARG,-72.40282627,-35.35409507,10.90131918,,-6.898993747,1.735251474,7.113874641
432,MET,-65.47343917,-47.77970434,15.64209774,,32,MET,-61.77272475,-60.36209681,11.53078651,,3.700714422,-12.58239247,13.11533025
433,PHE,-60.15391229,-36.61116515,19.07494983,,33,PHE,-57.04738974,-23.06961324,15.46432612,,3.106522557,13.54155191,13.89331172
434,LEU,-83.36531432,-43.12157162,20.14203371,,34,THR,-89.41694618,-44.02422218,13.97021525,,-6.051631863,-0.902650567,6.118580411
435,SER,-78.71484308,-34.87204395,16.05293189,,35,ALA,-82.14352251,-24.2546234,10.86080902,,-3.428679426,10.61742056,11.15730531
436,PHE,-129.064043,72.5240301,12.87194891,,36,TYR,-130.6257482,71.59938076,9.678423247,,-1.561705258,-0.924649343,1.814910389
437,PRO,-53.74926053,-26.18974145,16.19140105,,37,PRO,-57.35467771,-20.48819994,15.7240121,,-3.605417181,5.701541513,6.745858631
438,THR,-57.27446725,-24.84386714,13.52335254,,38,GLN,-67.80848775,-17.18417736,15.24982868,,-10.5340205,7.659689783,13.02445528
439,THR,-76.12157905,-12.00529286,14.69116226,,39,THR,-77.95110558,-13.26006873,15.20612763,,-1.82952653,-1.25477587,2.218474657
440,LYS,-73.64020328,-16.21851293,18.99831131,,40,LYS,-63.86052161,-23.0409682,18.89382637,,9.779681677,-6.822455266,11.9242639
441,THR,-54.36323064,-25.70960144,17.49026208,,41,THR,-55.46753819,-24.2554221,20.86238606,,-1.104307547,1.454179337,1.825960761
442,TYR,-87.08699803,-10.03757669,16.44336028,,42,TYR,-92.88814311,-5.600767173,19.54845562,,-5.801145078,4.436809518,7.30332547
443,PHE,-131.1694652,45.21550579,20.77315721,,43,PHE,-130.4953601,54.16546909,20.63285036,,0.674105043,8.949963295,8.975313955
444,PRO,-56.68853525,-23.79596188,23.70030896,,44,PRO,-58.88642744,-30.44611299,25.25086327,,-2.197892184,-6.650151114,7.003944595
445,HIS,-94.78247333,-2.118688618,25.91667725,,45,HIS,-84.50805276,5.375756424,26.37361786,,10.27442057,7.494445042,12.71732773
446,PHE,-100.2200385,152.488242,25.41014659,,46,PHE,-112.4342591,162.7389598,23.80994658,,-12.21422059,10.25071783,15.94567028
447,ASP,-83.4633341,113.1659378,28.8596481,,47,ASP,-83.76273898,119.9426163,25.55747726,,-0.299404884,6.776678472,6.783289349
448,LEU,-94.07194591,-4.787363574,24.47774555,,48,LEU,-100.1783264,29.67488638,21.53172316,,-6.106380535,34.46224996,34.99906506
449,SER,-59.11986393,157.9338241,28.28999374,,49,GLN,-80.77192271,143.656683,24.92651833,,-21.65205878,-14.2771411,25.9354662
450,HIS,-49.96846307,119.1503595,29.21236917,,50,HIS,-47.38268984,134.4405301,21.59640956,,2.585773233,15.29017061,15.50727379
451,GLY,85.83420561,6.962665566,30.3420767,,51,GLY,69.15950907,13.92237518,23.37956102,,-16.67469654,6.959709614,18.06884232
452,SER,-39.65831306,138.6972366,29.23662288,,52,SER,-50.04415684,151.8906606,23.8538324,,-10.38584378,13.19342399,16.79083642
453,ALA,-75.72639476,-24.91322081,31.23073837,,53,ALA,-82.34277468,-10.84077679,25.81563653,,-6.616379917,14.07244401,15.55024642
454,GLN,-67.99960848,-52.49165441,28.66144458,,54,GLN,-77.12176379,-38.66957924,25.22692873,,-9.122155311,13.82207517,16.56090213
455,VAL,-62.98727978,-29.28336943,25.76414785,,55,ILE,-56.46528075,-46.3425956,20.45505826,,6.521999027,-17.05922617,18.26345172
456,LYS,-67.11046292,-54.37912807,29.75942757,,56,LYS,-60.58598764,-46.75339036,22.95368128,,6.524475282,7.625737708,10.03596798
457,GLY,-53.65778195,-47.54829002,28.3962034,,57,ALA,-66.324268,-38.97318267,23.50444332,,-12.66648604,8.575107354,15.29615425
458,HIS,-58.87042715,-40.7666426,23.95416815,,58,HIS,-74.37360813,-43.73049682,20.42865945,,-15.50318098,-2.963854223,15.7839492
459,GLY,-58.48855479,-38.84611787,25.01269942,,59,GLY,-50.29408988,-50.92167185,18.91879402,,8.194464902,-12.07555398,14.59343205
460,LYS,-63.89004412,-48.42652387,28.82871366,,60,LYS,-60.15397118,-42.94997321,22.74499313,,3.73607294,5.47655066,6.629543585
461,LYS,-60.11150258,-45.63834452,26.18761794,,61,LYS,-71.97418393,-29.75887811,23.13542582,,-11.86268135,15.87946641,19.82121748
462,VAL,-66.47872822,-48.01241387,22.34627493,,62,VAL,-63.54722018,-50.37659114,17.50753073,,2.93150804,-2.364177271,3.766042161
-,,,,,,63,VAL,-71.54924988,-18.66143938,17.7824419,,,,
463,ALA,-62.43448397,-39.81507548,25.00945951,,64,ALA,-72.17421623,-26.96722188,21.17504954,,-9.739732257,12.8478536,16.12233626
464,ASP,-56.59282284,-48.22984388,27.93167722,,-,,,,,,,,
465,ALA,-60.71955582,-35.0226129,24.17753982,,65,ALA,-70.78786211,-32.23368411,19.98379258,,-10.06830629,2.788928796,10.44743583
466,LEU,-72.57470022,-40.55999609,22.6303968,,66,LEU,-70.10766827,-54.20013716,16.82873342,,2.467031952,-13.64014107,13.86144635
467,THR,-57.20660975,-44.75477198,27.35957795,,67,VAL,-54.25492912,-37.10062972,20.75999211,,2.951680627,7.654142253,8.203554849
468,ASN,-75.48084614,-32.61062896,27.51719833,,68,GLU,-73.69778749,-24.82659961,23.90455358,,1.783058647,7.784029351,7.9856378
469,ALA,-70.80625398,-39.33248536,24.48483951,,69,ALA,-86.84603765,-20.75746474,20.58323361,,-16.03978367,18.57502062,24.54192436
470,VAL,-56.85975032,-58.30870874,26.10313217,,70,VAL,-61.2902462,-46.70118348,20.5101863,,-4.430495875,11.60752526,12.42432841
471,ALA,-61.45394681,0.729092411,29.34035711,,71,ASN,-61.63947763,-19.0914414,24.47423923,,-0.185530823,-19.82053381,19.82140213
472,HIS,-142.4775201,28.40940147,28.50932299,,72,HIS,-133.7278605,33.99913793,25.97291525,,8.749659603,5.589736464,10.3827596
473,VAL,-46.46479476,-28.24554491,25.46560636,,73,ILE,-51.11441037,-18.97385283,21.8259299,,-4.649615607,9.271692085,10.37223213
474,ASP,-77.99631904,-26.7303425,27.98685182,,74,ASP,-78.50365407,-23.2445527,25.7864989,,-0.507335035,3.485789796,3.522516052
475,ASP,-144.970886,59.66516,27.57478155,,75,ASP,-159.4578466,77.18657434,26.22423914,,-14.48696066,17.52141435,22.73481889
476,MET,-65.75793243,-37.45310116,22.48801457,,76,ILE,-65.04913063,-38.18410984,21.39778353,,0.708801802,-0.731008685,1.018220847
477,PRO,-46.74835323,-55.76336297,23.61462359,,77,ALA,-60.71931682,-52.397542,24.25924175,,-13.97096359,3.365820967,14.37068455
478,ASN,-74.25369643,-37.8495446,27.36271775,,78,GLY,-59.37388173,-51.63566347,26.72571259,,14.8798147,-13.78611887,20.28462371
479,ALA,-68.70920987,-30.06859945,26.2588201,,79,ALA,-68.92869283,-8.893922791,25.35107303,,-0.219482964,21.17467666,21.17581414
480,LEU,-105.325333,15.94245016,22.66148004,,80,LEU,-129.5277747,17.88895351,22.68061028,,-24.20244169,1.946503353,24.28059017
481,SER,-63.42811831,-45.52067595,24.86258394,,81,SER,-59.90056839,-17.36962517,26.67948753,,3.527549916,28.15105078,28.37120491
482,ALA,-54.09026598,-38.75909407,25.33787691,,82,LYS,-88.48678505,-22.84764036,27.91866261,,-34.39651907,15.91145372,37.89848128
483,LEU,-72.33413353,-36.04309167,22.25824158,,83,LEU,-80.91434706,-30.28430503,22.64581687,,-8.580213522,5.758786642,10.33361929
484,SER,-74.37332716,-19.16318971,20.3393455,,84,SER,-68.06835825,-34.14633759,23.23843254,,6.304968916,-14.98314789,16.25568681
485,ASP,-71.6825461,-61.16945618,23.40740405,,85,ASP,-74.88445995,-38.32064202,26.69964311,,-3.201913851,22.84881417,23.07207319
486,LEU,-46.73336776,-53.80900729,22.44990652,,86,LEU,-57.72597925,-50.49708847,24.47362968,,-10.99261149,3.311918819,11.48069308
487,HIS,-63.8425204,-43.17048346,18.42403472,,87,HIS,-75.74539922,-33.66319824,20.57539979,,-11.90287882,9.507285217,15.23374532
488,ALA,-75.74736136,-43.11682908,18.87990783,,88,ALA,-88.15732224,-45.6925885,23.38271321,,-12.40996088,-2.575759422,12.67444932
489,HIS,-105.2808914,-17.40862394,22.16764779,,89,GLN,-90.22238161,-49.7258954,27.20977178,,15.05850983,-32.31727146,35.6533975
490,LYS,-115.8990547,-61.24710382,23.35550293,,90,LYS,-77.43021752,-60.08917697,27.2712249,,38.46883719,1.157926852,38.48626027
491,LEU,-66.73936629,-41.36743589,19.88862267,,91,LEU,-78.54771032,-21.82542448,23.42882747,,-11.80834402,19.5420114,22.83259071
492,ARG,48.62656641,44.49616812,19.03715251,,92,ARG,53.62248812,51.85342239,24.77319578,,4.995921709,7.357254266,8.893167268
493,VAL,-67.23134619,131.3402691,14.20383757,,93,VAL,-75.06071105,137.6426492,18.77181821,,-7.829364856,6.302380132,10.05081834
494,ASP,-64.04340159,133.9958079,9.964875318,,94,ASP,-66.76979317,131.7380679,16.96663013,,-2.726391581,-2.25774005,3.539858922
495,PRO,-43.60517831,-34.36298757,8.97384339,,95,PRO,-52.12492687,-29.30125807,15.33798348,,-8.519748556,5.061729502,9.909955651
496,VAL,-63.04016849,-20.90046057,6.271631765,,96,VAL,-62.00899099,-29.98306498,12.50692804,,1.031177499,-9.082604413,9.140953449
497,ASN,-74.17425661,-19.25611652,10.07043336,,97,ASN,-66.72213727,-29.04669862,12.93523554,,7.452119346,-9.7905821,12.30404733
498,PHE,-62.10431497,-43.20705608,11.58041661,,98,PHE,-71.42058606,-26.57276105,12.95039467,,-9.316271096,16.63429503,19.06548395
499,LYS,-62.04448133,-32.6482083,7.218347183,,99,LYS,-75.36216232,-28.06499902,8.457556953,,-13.31768098,4.583209285,14.08426193
500,LEU,-75.39772084,-42.17847259,10.04302026,,100,PHE,-67.262543,-45.95128068,8.525940814,,8.135177833,-3.772808091,8.967452217
501,LEU,-67.65875844,-45.2542097,14.51163819,,101,LEU,-65.31851629,-51.81997101,9.863626625,,2.340242147,-6.565761312,6.970362609
502,SER,-52.50700775,-55.23873365,13.29900677,,102,GLY,-52.91196255,-46.54738828,6.898709561,,-0.404954804,8.69134537,8.700774261
503,HIS,-47.77346529,-52.16983474,13.52291476,,103,HIS,-63.33437597,-44.7372337,2.662488175,,-15.56091068,7.432601045,17.24486879
504,CYS,-61.62510439,-33.52495966,16.13792181,,104,CYS,-67.50649798,-29.03212741,7.029589352,,-5.881393595,4.492832241,7.401103442
505,LEU,-83.16977778,-36.2064672,18.54620547,,105,PHE,-71.08292513,-43.38466022,9.90609561,,12.08685265,-7.178193023,14.05768338
506,LEU,-58.92612914,-50.65993711,17.64692821,,106,LEU,-60.94369597,-37.86306682,6.4153228,,-2.017566835,12.79687029,12.9549398
507,VAL,-65.37891586,-40.07710749,19.30041244,,107,VAL,-66.14697075,-36.34142372,7.198162671,,-0.768054895,3.735683777,3.81382244
508,THR,-59.98361842,-49.00895986,22.17764531,,108,VAL,-78.80349274,-41.74518399,11.04507179,,-18.81987432,7.263775864,20.17300447
509,LEU,-55.61155924,-54.82034402,23.12050823,,109,VAL,-68.99043434,-25.68257072,11.41979779,,-13.3788751,29.1377733,32.06250352
510,ALA,-46.04537432,-48.73766062,23.93193807,,110,ALA,-78.65153087,-32.04677525,11.0498577,,-32.60615655,16.69088537,36.62986622
511,ALA,-67.34012785,-24.67692006,25.92164429,,111,ILE,-69.13146814,-37.51711213,12.92662322,,-1.791340297,-12.84019206,12.9645452
512,HIS,-112.5216463,-18.87938672,27.64321786,,112,HIS,-98.0193228,-36.29271154,15.58941225,,14.5023235,-17.41332482,22.66144894
513,LEU,-128.1653095,63.07486446,27.59401608,,113,HIS,-132.6792156,66.35747326,16.13190538,,-4.513906112,3.282608806,5.581296351
514,PRO,-51.37205183,-57.70367549,29.22450799,,114,PRO,-51.60900086,-49.74860763,14.92778924,,-0.236949039,7.955067861,7.958595952
-,,,,,,115,SER,-70.38852991,-21.1719891,17.57753599,,,,
515,ALA,-56.78932472,-52.93727781,30.79841698,,116,ALA,-75.25749756,-32.04776248,16.03655055,,-18.46817284,20.88951533,27.88270536
516,GLU,-77.88222449,-19.79436092,29.39127519,,117,LEU,-84.80757033,66.81364651,11.97928779,,-6.925345843,86.60800743,86.88444835
517,PHE,-73.63390981,57.45293078,23.74638224,,-,,,,,,,,
518,THR,-77.81799736,160.1193357,25.97925068,,118,THR,-80.08699711,-179.8599295,14.72990977,,-2.268999748,-339.9792652,339.9868367
519,PRO,-57.26347905,-52.4230976,24.0928777,,-,,,,,,,,
520,ALA,-63.00431159,-38.81522808,24.16638367,,119,ALA,-69.69651936,-31.92427241,13.268845,,-6.692207777,6.890955666,9.605775082
-,,,,,,120,GLU,-77.42267081,-32.67367934,16.59931661,,,,
521,VAL,-73.14888933,-21.34690365,24.03321161,,121,VAL,-69.59013382,-37.09584153,14.05117758,,3.558755512,-15.74893788,16.14601452
522,HIS,-73.83473297,-50.02512339,19.53211868,,122,HIS,-52.03645658,-55.09785085,8.950252594,,21.79827638,-5.072727464,22.38073764
523,ALA,-57.7391524,-39.38429269,19.22222457,,123,ALA,-63.30990529,-26.99986579,12.02452947,,-5.570752894,12.3844269,13.57966559
524,SER,-63.19500479,-51.90987159,20.97537958,,124,SER,-81.86425613,-39.49372058,14.01556621,,-18.66925134,12.41615101,22.42101138
525,LEU,-65.01051834,-35.57786529,19.92143997,,125,LEU,-63.48281156,-42.61099882,11.30265989,,1.527706784,-7.033133531,7.197142161
526,ASP,-60.09199521,-53.61615999,14.85851001,,126,ASP,-62.44966978,-44.48358737,8.974211842,,-2.357674571,9.132572624,9.431994069
527,LYS,-59.53140159,-36.39234426,17.45516219,,127,LYS,-66.63883003,-31.46971383,13.56439774,,-7.107428447,4.922630425,8.645682705
528,PHE,-63.2606749,-53.68219379,19.36841577,,128,PHE,-64.08417959,-48.96821336,14.58463447,,-0.823504691,4.713980433,4.785370571
529,LEU,-64.95412218,-32.99631504,15.86251073,,129,LEU,-59.74469587,-37.17718521,10.74103828,,5.209426314,-4.180870167,6.679655521
-,,,,,,130,CYS,-71.79352719,-28.95496837,12.45964982,,,,
530,ALA,-64.37323932,-39.57736803,13.55277424,,131,ALA,-78.43994878,-37.30192242,15.81911767,,-14.06670946,2.275445609,14.24956027
531,SER,-79.55019931,-27.42014974,16.58727298,,-,,,,,,,,
532,VAL,-60.18607131,-39.48774449,16.95861466,,132,VAL,-66.06557044,-38.96431807,15.59064467,,-5.879499127,0.523426424,5.902752342
533,SER,-59.93495548,-52.32718318,13.30969056,,133,GLY,-56.73133146,-44.20599933,15.11320353,,3.203624025,8.121183849,8.730225312
534,THR,-54.83393493,-47.38233105,14.19390658,,134,THR,-67.48970049,-43.73559766,17.39724926,,-12.65576556,3.646733386,13.17068967
535,VAL,-59.70755761,-47.53455154,17.94322771,,135,VAL,-66.32102537,-49.29730289,19.98526251,,-6.613467762,-1.762751352,6.844358857
536,LEU,-68.52591473,-21.17084054,16.95332261,,136,LEU,-64.41227673,-5.472931606,18.68574403,,4.113637993,15.69790893,16.22795003
537,THR,-106.4083096,19.03494348,13.73540099,,137,THR,-120.0575836,-2.883829263,19.15395935,,-13.64927405,-21.91877274,25.82121764
538,SER,-75.57282327,-23.65972335,17.47519429,,138,ALA,-50.89088456,-35.09668482,22.67678296,,24.68193871,-11.43696147,27.2029812
539,LYS,-109.8206381,30.65512508,20.26196,,139,LYS,-80.96107261,46.50559676,25.87333846,,28.85956548,15.85047168,32.92585568
540,TYR,-67.0893966,-38.58835551,15.50817266,,140,TYR,-135.3196456,-35.04922834,22.79454912,,-68.23024901,3.539127165,68.32197524
545,HIS,-90.01058543,89.92385571,21.39614213,,2,HIS,-91.24242762,134.9870322,22.20038573,,-1.231842187,45.06317654,45.08001015
546,LEU,-108.1013813,147.2967099,23.58882948,,3,TRP,-109.5005685,126.5515451,20.23201586,,-1.399187205,-20.74516486,20.79229641
547,THR,-72.31783512,155.9669899,26.89089061,,4,SER,-67.24164557,163.3360757,22.47679561,,5.076189548,7.369085788,8.948247073
548,PRO,-80.98997957,-9.216070593,30.04771203,,5,ALA,-74.08266044,-23.46197422,24.51629693,,6.907319138,-14.24590362,15.83214539
549,GLU,-87.86793387,-24.53486594,30.80795869,,6,GLU,-75.86102822,-23.89729979,23.11875534,,12.00690566,0.637566151,12.02382111
550,GLU,-88.50957484,-36.83638669,24.80606157,,7,GLU,-72.23827336,-49.59755537,18.84928712,,16.27130148,-12.76116868,20.67855599
551,LYS,-67.86301982,-33.22663323,27.85119183,,8,LYS,-58.0664943,-30.59741202,22.38540544,,9.796525518,2.629221207,10.14321036
552,SER,-77.0900673,-32.56173467,30.39813943,,9,GLN,-75.83867328,-41.02211466,22.44253114,,1.251394021,-8.460379997,8.552427532
553,ALA,-71.76052029,-33.71711301,27.99821148,,10,LEU,-69.40530516,-33.68660116,18.08375977,,2.355215125,0.030511849,2.355412758
554,VAL,-65.30300375,-54.5085236,25.99333567,,11,ILE,-72.1124339,-55.72779846,17.17575273,,-6.809430145,-1.219274868,6.917728681
555,THR,-55.02435919,-54.03707511,29.80314652,,12,THR,-62.72633537,-38.84297547,21.29446177,,-7.701976182,15.19409964,17.03470284
556,ALA,-55.95572478,-52.06951429,31.25264169,,13,GLY,-59.01879218,-57.71145162,20.77305515,,-3.063067406,-5.641937329,6.419800524
557,LEU,-60.88354981,-48.69536697,28.48270364,,14,LEU,-54.67204031,-51.31378787,17.08028508,,6.211509499,-2.618420902,6.740844033
558,TRP,-59.41547456,-27.08398634,27.50538669,,15,TRP,-54.57175827,-33.13310855,18.628333,,4.843716287,-6.049122213,7.749417205
559,GLY,-76.80043281,-8.082691665,32.710337,,16,GLY,-68.28430126,-22.36812298,21.62272854,,8.516131545,-14.28543132,16.63123701
560,LYS,-103.452561,-7.391994807,32.81787229,,17,LYS,-95.59164866,-1.506106398,20.54630127,,7.860912356,5.885888409,9.820266057
561,VAL,-76.63250611,123.9705049,29.9212564,,18,VAL,-72.31872881,133.3085198,18.19683611,,4.313777302,9.338014838,10.28626248
562,ASN,-84.91742753,96.3908093,31.92736167,,19,ASN,-87.61809893,102.0844184,19.85704695,,-2.700671399,5.693609139,6.301651453
563,VAL,-63.24694861,-30.65130914,29.63703866,,20,VAL,-58.62803313,-38.87174572,19.12672485,,4.618915483,-8.220436584,9.429207701
-,,,,,,21,ALA,-64.5204601,-50.27664013,20.02903344,,,,
564,ASP,-62.1405986,-57.78675294,32.07149173,,22,ASP,-73.62973033,-36.23755909,19.14658629,,-11.48913173,21.54919385,24.42064503
565,GLU,-64.92558838,-52.5482997,31.0907955,,23,CYS,-76.84706113,-47.43945698,14.85213428,,-11.92147275,5.108842722,12.97003417
566,VAL,-65.19621088,-36.88150843,26.19089752,,-,,,,,,,,
567,GLY,-73.41566805,-32.21694616,25.54900746,,24,GLY,-61.00482598,-42.53335151,15.45487929,,12.41084208,-10.31640535,16.13868707
568,GLY,-72.1687477,-45.09359478,26.20395312,,25,ALA,-65.88671052,-42.31456608,16.56927593,,6.282037181,2.779028693,6.869278828
569,GLU,-60.60239816,-45.21692875,25.05404388,,26,GLU,-65.05469013,-44.55260486,13.69091322,,-4.452291973,0.66432389,4.501580839
570,ALA,-66.28663173,-47.352914,21.44178901,,27,ALA,-64.32386249,-44.88287088,11.59639631,,1.962769241,2.470043121,3.15492886
571,LEU,-65.08941389,-52.05390743,22.12389031,,28,LEU,-62.16081182,-45.49449611,14.57854815,,2.928602068,6.559411327,7.183494068
572,GLY,-45.66204722,-62.86469237,22.72145719,,29,ALA,-57.63491085,-43.75296947,14.41139044,,-11.97286363,19.1117229,22.55232617
573,ARG,-65.28594527,-16.72881248,21.54982295,,30,ARG,-66.76625364,-35.40867317,10.58040619,,-1.480308366,-18.67986069,18.73842331
574,LEU,-68.06992608,-48.55975031,17.49316942,,31,LEU,-57.63658405,-44.71722414,11.3433253,,10.43334203,3.84252617,11.11843664
575,LEU,-64.73819739,-32.0897164,20.62039731,,32,LEU,-71.85081077,-24.33204341,15.25408335,,-7.112613378,7.757672996,10.52476885
576,VAL,-82.53175307,-47.32782903,20.97363282,,33,ILE,-89.41715235,-37.75681658,14.30073465,,-6.885399279,9.571012449,11.79037754
577,VAL,-74.20489701,-38.37749122,16.9898949,,34,VAL,-79.21744011,-42.37321013,10.67648383,,-5.012543101,-3.995718914,6.410254127
578,TYR,-123.4005296,69.29736416,14.11935059,,35,TYR,-116.2133805,75.10665918,9.964394382,,7.187149154,5.809295018,9.241375524
579,PRO,-52.24555666,-24.70973504,18.32667611,,36,PRO,-53.98326095,-16.57046564,16.05564879,,-1.737704295,8.139269396,8.322699233
580,TRP,-75.90541396,-0.789434603,14.7903297,,37,TRP,-77.11825,-14.13349582,15.39010504,,-1.212836037,-13.34406122,13.39906493
581,THR,-79.74810964,-8.227983456,17.47506482,,38,THR,-68.99490931,-16.61977681,15.81808096,,10.75320033,-8.391793351,13.64014344
582,GLN,-70.71964339,-19.03853227,21.58148883,,39,GLN,-62.69578509,-21.50397015,19.17067227,,8.023858299,-2.465437882,8.394086367
583,ARG,-59.46804289,-18.72620552,20.005602,,40,ARG,-59.78560745,-36.57195142,22.24993107,,-0.317564552,-17.84574589,17.8485712
584,PHE,-86.76006723,-25.07401825,20.27821331,,41,PHE,-79.77207486,-15.81022547,20.30534081,,6.987992373,9.263792783,11.6038741
585,PHE,-114.6792449,17.31866827,23.51477224,,42,PHE,-115.2141602,40.10251426,20.24331918,,-0.534915348,22.78384599,22.79012445
586,GLU,-41.20079187,-46.38572752,26.28700358,,43,SER,-64.88254654,-32.23974137,25.55090833,,-23.68175468,14.14598615,27.58503994
587,SER,-65.60840285,-3.985619627,29.58850659,,44,SER,-71.11425764,-5.400210692,26.66532259,,-5.50585479,-1.414591064,5.684672801
588,PHE,-80.60475949,-22.42479915,28.63140962,,45,PHE,-88.45812303,-6.553823055,23.69453304,,-7.853363546,15.87097609,17.70771587
589,GLY,96.94883321,-92.83145532,30.12746888,,46,GLY,81.845058,-115.7811228,26.49565479,,-15.10377521,-22.94966749,27.4738287
590,ASP,-90.57545772,110.4662122,30.96048658,,47,ASN,-79.1487283,111.4713619,26.11505269,,11.42672942,1.005149647,11.47085311
591,LEU,-123.7700056,19.84003405,26.57662862,,48,LEU,-137.6259284,40.95444121,22.16420435,,-13.85592277,21.11440716,25.25479727
592,SER,-67.41236387,-1.251192446,28.67178354,,49,SER,-79.75708693,-30.42041961,24.39950465,,-12.34472306,-29.16922717,31.67390094
593,THR,-164.6153049,161.957035,28.35793373,,50,SER,-145.3987031,164.7343584,22.2620007,,19.21660179,2.777323323,19.41626404
594,PRO,-48.73362864,-49.83741373,26.68221328,,51,PRO,-63.60052282,-37.08744019,19.440556,,-14.86689418,12.74997354,19.58536106
595,ASP,-64.89628061,-44.78330571,30.40074181,,52,THR,-68.97564152,-37.16211641,22.42734647,,-4.07936091,7.621189305,8.644287817
596,ALA,-60.32243298,-48.62533377,30.0489046,,53,ALA,-74.09438673,-26.63387334,23.09256743,,-13.77195375,21.99146043,25.94785235
597,VAL,-62.87871858,-58.64792207,26.79459303,,54,ILE,-73.44628249,-39.09171349,19.53090552,,-10.56756391,19.55620858,22.22878092
598,MET,-51.90192285,-33.11034546,27.26702461,,55,LEU,-59.04319891,-34.3052444,19.13887129,,-7.141276061,-1.194898948,7.240552967
599,GLY,-76.89123933,-33.48408064,31.69144482,,56,GLY,-107.5851993,11.40631399,23.44496363,,-30.69395995,44.89039463,54.38075678
600,ASN,-52.39989723,119.6302769,30.68294495,,57,ASN,-74.4493308,128.2665532,23.50472303,,-22.04943357,8.636276267,23.68043049
601,PRO,-77.27604838,-7.350536118,33.07541115,,58,PRO,-72.91748087,-16.69100172,25.40730637,,4.358567509,-9.340465599,10.3073473
602,LYS,-79.02616513,-42.62729513,31.49386079,,59,MET,-88.22443734,-28.62222242,25.02648051,,-9.198272207,14.00507271,16.75560423
603,VAL,-57.3447288,-48.93415682,27.34015808,,60,VAL,-63.51154198,-40.16293907,20.00043588,,-6.166813176,8.771217748,10.72211945
604,LYS,-61.73820867,-49.03399675,30.15498842,,61,ARG,-66.89711238,-48.76760064,20.73344,,-5.158903714,0.26639611,5.165777233
605,ALA,-65.51995118,-32.27135326,30.55469118,,62,ALA,-58.58784612,-45.56007941,22.64283888,,6.932105059,-13.28872615,14.98813942
606,HIS,-78.58167573,-31.43317357,26.33757781,,63,HIS,-65.89317917,-39.80637023,20.0902122,,12.68849656,-8.373196655,15.20224876
607,GLY,-66.14123554,-41.64231722,26.11001649,,64,GLY,-56.4714919,-45.67037997,17.95753445,,9.669743642,-4.028062751,10.47517215
608,LYS,-65.10910116,-28.38444318,30.43588711,,65,LYS,-51.760515,-46.91015558,21.58108811,,13.34858616,-18.5257124,22.83389525
609,LYS,-68.12026217,-46.13351201,28.29649815,,66,LYS,-65.61316081,-44.17055323,22.12481808,,2.507101367,1.96295878,3.184142653
610,VAL,-64.8434455,-50.76598774,24.06633074,,67,VAL,-63.66036141,-46.16094059,16.86128809,,1.183084092,4.605047152,4.754592226
611,LEU,-61.1083676,-33.20230678,25.29034864,,68,LEU,-64.51210525,-26.80512109,16.14770722,,-3.403737654,6.397185693,7.246338027
612,GLY,-72.54760084,-25.36757678,27.66453086,,69,THR,-65.81639203,-36.16355481,20.67476872,,6.73120881,-10.79597803,12.72251208
613,ALA,-73.8034671,-35.27342163,25.57077607,,70,SER,-65.09489035,-38.4217086,19.18061655,,8.708576754,-3.148286972,9.26018466
614,PHE,-59.76124486,-50.17937329,22.83986107,,71,PHE,-60.8652903,-31.65462755,14.95716202,,-1.104045441,18.52474575,18.55761626
615,SER,-49.25602135,-55.62187711,27.45565124,,72,GLY,-70.61385558,-34.61278648,20.06175858,,-21.35783423,21.00909063,29.95895479
616,ASP,-46.35634662,-49.54889659,28.3970392,,73,ASP,-71.18975684,-35.24464728,22.38025357,,-24.83341021,14.30424931,28.65850329
617,GLY,-70.53589414,-20.31011283,25.40850817,,-,,,,,,,,
618,LEU,-76.69948376,-14.74067897,26.04001555,,-,,,,,,,,
619,ALA,-95.95514407,-20.82522437,29.50127791,,74,ALA,-66.96185453,-43.57355097,19.7550365,,28.99328954,-22.7483266,36.85237037
620,HIS,-118.2710714,39.74928592,28.45707673,,75,VAL,-58.50583307,-33.08877955,19.89598437,,59.76523829,-72.83806547,94.21925222
-,,,,,,76,LYS,-79.93022706,-33.02823072,23.86953017,,,,
-,,,,,,77,ASN,-118.0933803,54.71503161,24.56394333,,,,
621,LEU,-56.22681881,-17.60653095,24.97813424,,78,LEU,-55.88644165,-10.84955231,21.40769065,,0.340377161,6.756978642,6.765546318
622,ASP,-73.91342466,-31.63146722,27.84381512,,79,ASP,-105.5093467,-16.81266632,25.26755665,,-31.59592207,14.8188009,34.89841188
623,ASN,-151.4456087,59.43033554,26.52277403,,80,ASN,-106.410162,37.04783798,26.25193018,,45.03544668,-22.38249756,50.29083072
624,LEU,-60.16558716,-38.97282798,22.54218392,,81,ILE,-60.52933302,-37.94358401,21.31504537,,-0.363745862,1.029243971,1.091629152
625,LYS,-63.57703242,-39.37517196,21.81288032,,82,LYS,-56.92427845,-65.1384922,25.42540289,,6.652753969,-25.76332024,26.60841606
626,GLY,-70.52478561,-39.74943106,26.23615181,,83,ASN,-48.92012777,-40.72737343,27.53851852,,21.60465784,-0.977942367,21.62677997
627,THR,-62.49285103,-30.51837566,26.28943076,,84,THR,-59.36647322,-44.51104663,23.78005798,,3.126377806,-13.99267098,14.3376804
628,PHE,-110.6217171,11.90769634,22.83748553,,85,PHE,-103.9033501,-1.752428308,20.6459567,,6.718367096,-13.66012465,15.22285985
629,ALA,-54.3796279,-44.50686133,24.71453747,,86,ALA,-52.86138191,-43.57315108,25.24404608,,1.518245982,0.933710252,1.782382029
630,THR,-73.97471078,-40.82704394,26.87221582,,87,GLN,-73.66510767,-28.72470589,27.2989399,,0.309603111,12.10233805,12.10629755
631,LEU,-62.12149065,-30.52389322,23.97737036,,88,LEU,-73.35401869,-32.63354413,22.19302445,,-11.23252804,-2.109650908,11.4289244
632,SER,-72.82695567,-47.51064929,21.29009724,,89,SER,-62.63233007,-44.99012245,22.61575193,,10.19462561,2.520526844,10.50159259
633,GLU,-67.52902592,-36.63654133,24.96113561,,90,GLU,-66.97178168,-38.41277822,27.0895798,,0.557244238,-1.776236886,1.861595718
634,LEU,-65.24964916,-43.38315539,24.8845599,,91,LEU,-61.65453414,-54.63184512,24.25004993,,3.595115025,-11.24868973,11.80922828
635,HIS,-66.386918,-35.68813672,20.96473547,,92,HIS,-69.24651757,-40.10205859,20.31386221,,-2.859599571,-4.413921864,5.259279031
636,CYS,-70.88121723,-78.34040327,20.83987627,,93,CYS,-78.07668919,-60.47695061,22.52621484,,-7.195471961,17.86345265,19.25818676
637,ASP,-65.96779803,-30.79952999,24.46433879,,94,ASP,-75.53937261,-40.17069495,27.12853833,,-9.57157458,-9.371164968,13.3952892
638,LYS,-96.8168769,-58.78996535,26.31003818,,95,LYS,-94.55526625,-48.23195456,27.30081669,,2.26161065,10.55801079,10.79752169
639,LEU,-90.82029031,-7.465619135,23.06000271,,96,LEU,-90.40248898,-26.35197681,23.16229927,,0.417801336,-18.88635767,18.89097838
640,HIS,45.48696154,53.27096802,21.65757007,,97,HIS,64.01628481,46.14999621,24.31609812,,18.52932326,-7.120971814,19.85054307
641,VAL,-97.70108825,126.8376135,17.38966903,,98,VAL,-87.66486289,136.138418,18.71949766,,10.03622536,9.300804489,13.68323002
642,ASP,-66.95523846,124.155972,12.74407786,,99,ASP,-77.42901078,139.6896759,17.0102664,,-10.47377232,15.5337039,18.7348836
643,PRO,-62.89957988,-10.41990158,12.49136642,,100,PRO,-49.71989539,-20.32169342,15.7771421,,13.17968449,-9.901791837,16.48482832
644,GLU,-68.86525288,-29.7476203,8.362812328,,101,GLU,-72.29446984,-20.65330917,11.69397158,,-3.429216961,9.09431113,9.719363348
645,ASN,-62.37788106,-25.65257155,12.88953065,,102,ASN,-79.70462111,-16.25708721,12.75527279,,-17.32674004,9.395484341,19.71017622
646,PHE,-63.15057514,-41.93087229,14.45479452,,103,PHE,-66.70613293,-39.63499395,13.73232593,,-3.555557792,2.295878341,4.232380957
647,ARG,-62.43210696,-45.6775481,9.205939446,,104,ARG,-70.77590814,-39.23202671,7.538006985,,-8.343801179,6.445521382,10.54342278
648,LEU,-57.7747884,-49.98658902,11.39236433,,105,LEU,-64.94917932,-39.68445875,7.518191735,,-7.174390919,10.30213027,12.55411379
649,LEU,-58.3418641,-42.90401681,16.09712535,,106,LEU,-68.70692062,-43.83899188,9.278385506,,-10.36505652,-0.934975067,10.40714058
650,GLY,-60.0993029,-43.51758679,14.9279471,,107,GLY,-68.74281859,-34.72441969,6.818626117,,-8.64351569,8.793167101,12.33005074
651,ASN,-62.31497406,-45.04974308,12.98362509,,108,ASP,-63.6827139,-40.48369321,3.21998028,,-1.367739839,4.566049867,4.766500147
652,VAL,-56.02250235,-39.09866201,16.94979192,,109,ILE,-61.40815401,-44.27134757,6.029905917,,-5.385651663,-5.172685564,7.467390426
653,LEU,-60.73391713,-44.86220199,19.5188615,,110,LEU,-54.2032132,-50.45439328,8.689823998,,6.53070393,-5.592191286,8.597830959
654,VAL,-62.66602708,-41.70415924,18.14823945,,111,ILE,-57.88484626,-40.76394994,6.180481752,,4.781180823,0.940209299,4.872749079
655,CYS,-66.03312556,-36.82080657,18.94458947,,112,ILE,-67.103394,-38.96407105,5.768537035,,-1.070268445,-2.143264484,2.395632942
656,VAL,-67.5261698,-50.74071373,22.52855728,,113,VAL,-74.54912499,-43.68641871,9.757217091,,-7.022955197,7.054295018,9.954143755
657,LEU,-57.97926975,-34.0253447,23.4129826,,114,LEU,-68.18523677,-29.70154315,11.02793799,,-10.20596702,4.323801552,11.08408871
658,ALA,-69.29978491,-48.4437096,23.82766375,,115,ALA,-65.34547541,-43.44429798,10.46982416,,3.954309498,4.999411613,6.374219959
659,HIS,-49.15485826,-48.57639703,25.96387123,,116,ALA,-66.58129707,-18.68110315,12.48010536,,-17.4264388,29.89529388,34.60360336
660,HIS,-71.04473855,-57.53453957,28.00036922,,117,HIS,-94.72364025,-26.73306465,14.78875568,,-23.67890171,30.80147492,38.85127081
661,PHE,-86.44098728,-2.190087919,28.56314422,,118,PHE,-104.4716655,-11.7727622,15.56001037,,-18.03067823,-9.582674283,20.41893739
662,GLY,39.02684074,-131.8120422,27.82989894,,119,ALA,47.86725489,-132.5495238,15.08476805,,8.840414146,-0.737481507,8.871121758
663,LYS,-33.31355579,-37.02571861,31.35259632,,120,LYS,-58.17983167,-13.75944413,17.66787752,,-24.86627588,23.26627449,34.05365185
664,GLU,-74.98960099,-19.1340066,30.04363324,,121,GLU,-74.00467596,-16.22000101,17.95257066,,0.984925032,2.91400559,3.075956095
665,PHE,-89.24995021,78.19934433,23.84200612,,122,PHE,-87.85360852,84.04180041,11.85292595,,1.396341694,5.842456086,6.007001186
666,THR,-76.06497692,163.024436,25.66682249,,123,THR,-79.16323583,168.7541401,15.14184077,,-3.098258908,5.729704026,6.513732915
667,PRO,-55.45777982,-42.24537943,22.92677795,,124,PRO,-56.1153391,-31.54320079,13.74261831,,-0.657559288,10.70217865,10.72236038
668,PRO,-60.978073,-42.96085405,24.14286804,,125,ASP,-75.79901279,-31.12682076,16.26033238,,-14.82093979,11.83403329,18.96587989
669,VAL,-73.80977367,-38.14600476,23.98032951,,126,CYS,-69.41187337,-49.87941196,13.88531015,,4.397900291,-11.7334072,12.53053756
670,GLN,-61.39652888,-45.33649905,19.29525275,,127,GLN,-41.43075643,-54.44014056,9.124916697,,19.96577245,-9.103641508,21.94329871
671,ALA,-55.28556074,-43.95287555,19.33623399,,128,ALA,-55.54241343,-44.44157075,12.0109928,,-0.25685269,-0.488695204,0.552083605
672,ALA,-63.31166823,-41.92313542,20.89901147,,129,ALA,-67.69940272,-42.44061502,13.56897737,,-4.387734492,-0.517479593,4.418144305
673,TYR,-68.39216634,-31.40833763,21.54738051,,130,TRP,-69.0429167,-40.09034992,12.29683876,,-0.650750355,-8.682012291,8.70636626
674,GLN,-60.35418757,-41.95632762,15.25521975,,131,GLN,-58.66256609,-43.68922715,8.007634222,,1.691621479,-1.732899526,2.42167793
675,LYS,-62.08980713,-40.84590507,17.99558456,,132,LYS,-64.1943958,-43.53032982,14.38871663,,-2.10458867,-2.684424749,3.411074567
-,,,,,,133,LEU,-57.59830496,-46.28858153,13.68138562,,,,
676,VAL,-58.87255455,-55.33228164,19.0953674,,134,VAL,-67.95382714,-34.81623078,10.33643243,,-9.08127259,20.51605086,22.43608377
-,,,,,,135,ARG,-68.79262343,-45.62042557,12.48795926,,-68.79262343,-45.62042557,82.54482581
677,VAL,-60.48254838,-42.37583837,15.84134544,,136,VAL,-71.41702092,-31.26443763,15.80956559,,-10.93447254,11.11140074,15.58928851
678,ALA,-60.40032032,-47.33899642,14.00965919,,-,,,,,,,,
679,GLY,-56.97981277,-48.27831482,16.77727937,,-,,,,,,,,
680,VAL,-61.48386352,-41.85939196,17.98789566,,137,VAL,-72.40122054,-43.71954305,15.09794589,,-10.91735702,-1.860151089,11.07469396
681,ALA,-62.50750553,-40.95026571,14.40425268,,138,ALA,-59.53910953,-40.48904793,14.15869938,,2.968396004,0.461217785,3.004013429
682,ASN,-70.99451905,-43.17779405,14.29828229,,139,HIS,-68.54140373,-39.76299938,18.0935516,,2.453115316,3.41479467,4.204592417
683,ALA,-63.98231721,-36.32279842,18.52047273,,140,ALA,-66.64740787,-32.41552136,19.45116902,,-2.665090657,3.907277063,4.729642931
684,LEU,-70.4014404,-26.35944395,18.18153564,,141,LEU,-75.43416495,-28.60546179,18.1964361,,-5.032724554,-2.246017838,5.511162542
685,ALA,-79.58973458,-22.32505904,15.92763445,,142,ALA,-86.1433398,-9.662021295,19.49210966,,-6.553605221,12.66303775,14.25841037
686,HIS,-47.23675284,-49.67993613,19.53802055,,143,ARG,-61.64842495,-32.33228832,23.7680617,,-14.41167211,17.34764781,22.552986
687,LYS,-93.23660392,26.15614333,21.98464018,,144,LYS,-81.69303694,12.78411782,25.88917515,,11.54356698,-13.37202551,17.66536173
688,TYR,-77.12275762,136.0274082,17.67654746,,145,TYR,-86.89080701,23.13605424,22.32755067,,-9.768049395,-112.8913539,113.3131616
,,,,,,,,,,,,-2.83026855,1.61430051,18.01471497
